Unnamed: 0,adminRights,controllables,controllers,dcomRights,members,membership,admincount,description,distinguishedname,doesanyacegrantownerrights,doesanyinheritedacegrantownerrights,domain,domainsid,isaclprotected,lastseen,name,objectid,samaccountname,whencreated,psRemoteRights,rdpRights,sessions,admin_tier_0,path_da_nnodes,path_da_nedges,path_da_nodes,path_da_edges,path_da_nodes_oidlist,control_risk,system_tags,objectID,error,controllables_norm,controllers_norm,path_da_nedges_norm,members_norm,sessions_norm,n_in_path_da,n_in_path_da_norm,members_controllables_mean,users_mean-group_control,users_mean-group_control_norm,control_risk_norm,control_risk_norm_100,control_risk_100,kmeans_cluster,dbscan_cluster,iforest_score,iforest_flag,lof_score,lof_flag,ocsvm_score,ocsvm_flag,kmeans_dist,consensus_score,is_pedagogical_trap
0,0.0,23.0,217.0,0.0,102.0,9.0,False,All workstations and servers joined to the domain,"CN=DOMAIN COMPUTERS,CN=USERS,DC=MYLAB,DC=LOCAL",False,False,MYLAB.LOCAL,S-1-5-21-1333368235-828418111-1849936505,False,2025-03-16T21:35:36.886857315Z,DOMAIN COMPUTERS@MYLAB.LOCAL,S-1-5-21-1333368235-828418111-1849936505-515,Domain Computers,1742158089.0,0.0,0.0,0.0,False,10.0,13.0,"                               label       kind  \
id                                                
1002               USERS@MYLAB.LOCAL  Container   
1013    DOMAIN COMPUTERS@MYLAB.LOCAL      Group   
1019         LOUIS_TYLER@MYLAB.LOCAL       User   
128        DOMAIN ADMINS@MYLAB.LOCAL      Group   
2449         KELLY_BARRY@MYLAB.LOCAL       User   
406      CHRISTIE_WILSON@MYLAB.LOCAL       User   
477        JENNA_HARDING@MYLAB.LOCAL       User   
869     DA-EST-DISTLIST1@MYLAB.LOCAL      Group   
872     RO-ARJ-DISTLIST1@MYLAB.LOCAL      Group   
879   JA-CUC-ADMINGROUP1@MYLAB.LOCAL      Group   

                                           objectId  isTierZero  \
id                                                                
1002           643CE9DD-6D50-4B82-8DA1-994C82A16D6C       False   
1013   S-1-5-21-1333368235-828418111-1849936505-515       False   
1019  S-1-5-21-1333368235-828418111-1849936505-3276        True   
128    S-1-5-21-1333368235-828418111-1849936505-512        True   
2449  S-1-5-21-1333368235-828418111-1849936505-3133       False   
406   S-1-5-21-1333368235-828418111-1849936505-1376       False   
477   S-1-5-21-1333368235-828418111-1849936505-1447        True   
869   S-1-5-21-1333368235-828418111-1849936505-3782       False   
872   S-1-5-21-1333368235-828418111-1849936505-3635       False   
879   S-1-5-21-1333368235-828418111-1849936505-3831       False   

      isOwnedObject                        lastSeen  
id                                                   
1002          False        2025-03-16T21:35:40.053Z  
1013          False  2025-03-16T21:35:36.886857315Z  
1019          False        2025-03-16T21:35:40.117Z  
128           False        2025-03-16T21:35:40.428Z  
2449          False        2025-03-16T21:35:40.117Z  
406           False        2025-03-16T21:35:40.117Z  
477           False  2025-03-16T21:35:31.048103438Z  
869           False        2025-03-16T21:35:39.799Z  
872           False        2025-03-16T21:35:39.799Z  
879           False  2025-03-16T21:35:36.886857315Z  ","   source target       label        kind                        lastSeen
0    1013    879    MemberOf    MemberOf   2025-03-16T21:35:36.88777499Z
1     879   2449  GenericAll  GenericAll  2025-03-16T21:35:35.889597893Z
2    2449    869    MemberOf    MemberOf   2025-03-16T21:35:36.88777499Z
3     869   1019  GenericAll  GenericAll  2025-03-16T21:35:35.889597893Z
4    1019    128    MemberOf    MemberOf   2025-03-16T21:35:36.88777499Z
5     879    406  GenericAll  GenericAll  2025-03-16T21:35:31.049135433Z
6     406    872    MemberOf    MemberOf   2025-03-16T21:35:36.88777499Z
7     872    477  GenericAll  GenericAll  2025-03-16T21:35:31.049135433Z
8     477    128    MemberOf    MemberOf   2025-03-16T21:35:36.88777499Z
9     869    477  GenericAll  GenericAll  2025-03-16T21:35:31.049135433Z
10    872   1002  GenericAll  GenericAll  2025-03-16T21:35:38.232994191Z
11   1002    128    Contains    Contains   2025-03-16T21:35:36.88777499Z
12    872   1019  GenericAll  GenericAll  2025-03-16T21:35:35.889597893Z","['643CE9DD-6D50-4B82-8DA1-994C82A16D6C'
 'S-1-5-21-1333368235-828418111-1849936505-515'
 'S-1-5-21-1333368235-828418111-1849936505-3276'
 'S-1-5-21-1333368235-828418111-1849936505-512'
 'S-1-5-21-1333368235-828418111-1849936505-3133'
 'S-1-5-21-1333368235-828418111-1849936505-1376'
 'S-1-5-21-1333368235-828418111-1849936505-1447'
 'S-1-5-21-1333368235-828418111-1849936505-3782'
 'S-1-5-21-1333368235-828418111-1849936505-3635'
 'S-1-5-21-1333368235-828418111-1849936505-3831']",381.0,,,,0.0064389697648376,0.4988505747126436,0.4333333333333333,0.0392912172573189,1.0,26.0,0.0362622036262203,307.46720575378333,284.46720575378333,0.1791081248437696,2.0141762986943537,0.2754413576893265,0.2094004880515312,0,0,0.5064979443323944,False,1.6075731160249984,False,-5.677639773295739,False,2.5211569100416367,0.2091903719912472,False
1,0.0,2.0,8.0,0.0,5.0,6.0,True,All domain controllers in the domain,"CN=DOMAIN CONTROLLERS,CN=USERS,DC=MYLAB,DC=LOCAL",False,False,MYLAB.LOCAL,S-1-5-21-1333368235-828418111-1849936505,True,2025-03-16T21:35:40.441Z,DOMAIN CONTROLLERS@MYLAB.LOCAL,S-1-5-21-1333368235-828418111-1849936505-516,Domain Controllers,1742158089.0,0.0,0.0,0.0,True,0.0,0.0,0,0,[],15.0,admin_tier_0,,,0.0005599104143337,0.0183908045977011,0.0,0.0019260400616332,1.0,0.0,0.0,248.16025446969823,246.16025446969823,0.2287994107352896,1.020876755073668,0.1396062894957316,0.0082441137028161,0,-1,0.4824143925021065,False,9.351330511181382,True,-5.729358788088076,False,7.704140118749549,0.336980306345733,False
2,0.0,0.0,8.0,0.0,1.0,1.0,True,Designated administrators of the schema,"CN=SCHEMA ADMINS,CN=USERS,DC=MYLAB,DC=LOCAL",False,False,MYLAB.LOCAL,S-1-5-21-1333368235-828418111-1849936505,True,2025-03-16T21:35:40.097Z,SCHEMA ADMINS@MYLAB.LOCAL,S-1-5-21-1333368235-828418111-1849936505-518,Schema Admins,1742158089.0,0.0,0.0,0.0,True,0.0,0.0,0,0,[],9.0,admin_tier_0,,,0.0,0.0183908045977011,0.0,0.0003852080123266,1.0,0.0,0.0,327.1259461354193,327.1259461354193,0.1237717539497309,1.0187760126100276,0.1393190100968449,0.0049464682216897,0,-1,0.5305315927773575,False,8.838787010302095,True,-5.16365999047705,True,10.633078800462698,0.2280087527352297,False
3,1.0,3572.0,7.0,0.0,1.0,2.0,True,Designated administrators of the enterprise,"CN=ENTERPRISE ADMINS,CN=USERS,DC=MYLAB,DC=LOCAL",False,False,MYLAB.LOCAL,S-1-5-21-1333368235-828418111-1849936505,True,2025-03-16T21:35:40.097Z,ENTERPRISE ADMINS@MYLAB.LOCAL,S-1-5-21-1333368235-828418111-1849936505-519,Enterprise Admins,1742158089.0,0.0,0.0,0.0,True,2.0,3.0,"                             label   kind  \
id                                          
128      DOMAIN ADMINS@MYLAB.LOCAL  Group   
129  ENTERPRISE ADMINS@MYLAB.LOCAL  Group   

                                         objectId  isTierZero  isOwnedObject  \
id                                                                             
128  S-1-5-21-1333368235-828418111-1849936505-512        True          False   
129  S-1-5-21-1333368235-828418111-1849936505-519        True          False   

                     lastSeen  
id                             
128  2025-03-16T21:35:40.428Z  
129  2025-03-16T21:35:40.097Z  ","  source target         label          kind                       lastSeen
0    129    128    WriteOwner    WriteOwner  2025-03-16T21:35:36.88777499Z
1    129    128     WriteDacl     WriteDacl  2025-03-16T21:35:36.88777499Z
2    129    128  GenericWrite  GenericWrite  2025-03-16T21:35:36.88777499Z","['S-1-5-21-1333368235-828418111-1849936505-512'
 'S-1-5-21-1333368235-828418111-1849936505-519']",3584.0,admin_tier_0,,,1.0,0.0160919540229885,0.1,0.0003852080123266,1.0,1.0,0.00139470013947,3739.984858347471,167.9848583474709,0.3302075319293749,2.117871862174785,0.289621867513578,1.9697935673928813,0,0,0.6798633149328248,True,6.653514675953161,True,-5.165320308036526,True,8.067439636014202,0.024507658643326,False
4,1.0,3571.0,4.0,0.0,4.0,6.0,True,Designated administrators of the domain,"CN=DOMAIN ADMINS,CN=USERS,DC=MYLAB,DC=LOCAL",False,False,MYLAB.LOCAL,S-1-5-21-1333368235-828418111-1849936505,True,2025-03-16T21:35:40.428Z,DOMAIN ADMINS@MYLAB.LOCAL,S-1-5-21-1333368235-828418111-1849936505-512,Domain Admins,1742158089.0,0.0,0.0,0.0,True,0.0,0.0,0,0,[],4296.0,admin_tier_0,,,0.9997200447928332,0.0091954022988505,0.0,0.0015408320493066,1.0,717.0,1.0,3222.642667065857,-348.3573329341425,1.0,3.0104562791409903,0.4116840046864151,2.3611141644865565,0,0,0.7669819624362544,True,6.748990868757642,True,-5.112503629328096,True,8.20774293905074,0.0175054704595186,False
7,0.0,0.0,217.0,0.0,5.0,17.0,False,Members in this group can modify group policy for the domain,"CN=GROUP POLICY CREATOR OWNERS,CN=USERS,DC=MYLAB,DC=LOCAL",False,False,MYLAB.LOCAL,S-1-5-21-1333368235-828418111-1849936505,False,2025-03-16T21:35:40.097Z,GROUP POLICY CREATOR OWNERS@MYLAB.LOCAL,S-1-5-21-1333368235-828418111-1849936505-520,Group Policy Creator Owners,1742158089.0,0.0,0.0,0.0,False,0.0,0.0,0,0,[],222.0,,,,0.0,0.4988505747126436,0.0,0.0019260400616332,1.0,0.0,0.0,236.59633974013371,236.59633974013371,0.2412055982583971,1.500776614774277,0.2052332502521155,0.1220128828016796,0,0,0.3322280071985322,False,1.893201914796904,False,-5.80379520845987,False,1.4476570376637692,0.387308533916849,False
8,0.0,0.0,8.0,0.0,3.0,10.0,True,Members of this group are Read-Only Domain Controllers in the domain,"CN=READ-ONLY DOMAIN CONTROLLERS,CN=USERS,DC=MYLAB,DC=LOCAL",False,False,MYLAB.LOCAL,S-1-5-21-1333368235-828418111-1849936505,True,2025-03-16T21:35:40.097Z,READ-ONLY DOMAIN CONTROLLERS@MYLAB.LOCAL,S-1-5-21-1333368235-828418111-1849936505-521,Read-only Domain Controllers,1742158089.0,0.0,0.0,0.0,False,0.0,0.0,0,0,[],11.0,,,,0.0,0.0183908045977011,0.0,0.0011556240369799,1.0,0.0,0.0,299.6662039022952,299.6662039022952,0.1593921793836002,1.019546428634681,0.1394243655396399,0.0060456833820652,0,0,0.4638417582721268,False,6.630428968928923,True,-5.206320882756351,False,7.942577675867696,0.061706783369803,False
9,0.0,1.0,217.0,0.0,0.0,0.0,False,Members of this group are Read-Only Domain Controllers in the enterprise,"CN=ENTERPRISE READ-ONLY DOMAIN CONTROLLERS,CN=USERS,DC=MYLAB,DC=LOCAL",False,False,MYLAB.LOCAL,S-1-5-21-1333368235-828418111-1849936505,False,2025-03-16T21:35:39.908Z,ENTERPRISE READ-ONLY DOMAIN CONTROLLERS@MYLAB.LOCAL,S-1-5-21-1333368235-828418111-1849936505-498,Enterprise Read-only Domain Controllers,1742158089.0,0.0,0.0,0.0,False,0.0,0.0,0,0,[],218.0,,,,0.0002799552071668,0.4988505747126436,0.0,0.0,1.0,0.0,0.0,280.0802848481917,279.0802848481917,0.1860959695513689,1.4991305299198103,0.2050081459017764,0.1198144524809286,0,0,0.4435452562426044,False,0.993678351299076,False,-5.1758741225912415,False,7.478777993755724,0.2144420131291028,False
10,0.0,85.0,217.0,0.0,2.0,2.0,False,Members of this group that are domain controllers may be cloned.,"CN=CLONEABLE DOMAIN CONTROLLERS,CN=USERS,DC=MYLAB,DC=LOCAL",False,False,MYLAB.LOCAL,S-1-5-21-1333368235-828418111-1849936505,False,2025-03-16T21:35:40.097Z,CLONEABLE DOMAIN CONTROLLERS@MYLAB.LOCAL,S-1-5-21-1333368235-828418111-1849936505-522,Cloneable Domain Controllers,1742158089.0,0.0,0.0,0.0,False,11.0,15.0,"                                         label       kind  \
id                                                          
1002                         USERS@MYLAB.LOCAL  Container   
1019                   LOUIS_TYLER@MYLAB.LOCAL       User   
128                  DOMAIN ADMINS@MYLAB.LOCAL      Group   
2528                    JOSEF_WOLF@MYLAB.LOCAL       User   
2708                HERMAN_MCBRIDE@MYLAB.LOCAL       User   
477                  JENNA_HARDING@MYLAB.LOCAL       User   
751           CHRISTOPER_JEFFERSON@MYLAB.LOCAL       User   
869               DA-EST-DISTLIST1@MYLAB.LOCAL      Group   
871         MA-VACACIONE-DISTLIST1@MYLAB.LOCAL      Group   
877               TA-24D-DISTLIST1@MYLAB.LOCAL      Group   
886   CLONEABLE DOMAIN CONTROLLERS@MYLAB.LOCAL      Group   

                                           objectId  isTierZero  \
id                                                                
1002           643CE9DD-6D50-4B82-8DA1-994C82A16D6C       False   
1019  S-1-5-21-1333368235-828418111-1849936505-3276        True   
128    S-1-5-21-1333368235-828418111-1849936505-512        True   
2528  S-1-5-21-1333368235-828418111-1849936505-3214       False   
2708  S-1-5-21-1333368235-828418111-1849936505-3401       False   
477   S-1-5-21-1333368235-828418111-1849936505-1447        True   
751   S-1-5-21-1333368235-828418111-1849936505-1721       False   
869   S-1-5-21-1333368235-828418111-1849936505-3782       False   
871   S-1-5-21-1333368235-828418111-1849936505-3890       False   
877   S-1-5-21-1333368235-828418111-1849936505-4033       False   
886    S-1-5-21-1333368235-828418111-1849936505-522       False   

      isOwnedObject                        lastSeen  
id                                                   
1002          False        2025-03-16T21:35:40.053Z  
1019          False        2025-03-16T21:35:40.117Z  
128           False        2025-03-16T21:35:40.428Z  
2528          False        2025-03-16T21:35:40.117Z  
2708          False        2025-03-16T21:35:40.117Z  
477           False  2025-03-16T21:35:31.048103438Z  
751           False        2025-03-16T21:35:40.117Z  
869           False        2025-03-16T21:35:39.799Z  
871           False        2025-03-16T21:35:39.799Z  
877           False        2025-03-16T21:35:40.428Z  
886           False        2025-03-16T21:35:40.097Z  ","   source target       label        kind                        lastSeen
0     886   2528  GenericAll  GenericAll  2025-03-16T21:35:35.889597893Z
1    2528    869    MemberOf    MemberOf   2025-03-16T21:35:36.88777499Z
2     869    477  GenericAll  GenericAll  2025-03-16T21:35:31.049135433Z
3     477    128    MemberOf    MemberOf   2025-03-16T21:35:36.88777499Z
4     886    751  GenericAll  GenericAll  2025-03-16T21:35:31.203879153Z
5     751    871    MemberOf    MemberOf   2025-03-16T21:35:36.88777499Z
6     871   1019  GenericAll  GenericAll  2025-03-16T21:35:35.889597893Z
7    1019    128    MemberOf    MemberOf   2025-03-16T21:35:36.88777499Z
8     886   2708  GenericAll  GenericAll  2025-03-16T21:35:35.889597893Z
9    2708    877    MemberOf    MemberOf   2025-03-16T21:35:36.88777499Z
10    877   1019  GenericAll  GenericAll  2025-03-16T21:35:35.889597893Z
11    871   1002  GenericAll  GenericAll  2025-03-16T21:35:38.232994191Z
12   1002    128    Contains    Contains   2025-03-16T21:35:36.88777499Z
13    869   1019  GenericAll  GenericAll  2025-03-16T21:35:35.889597893Z
14    871    477  GenericAll  GenericAll  2025-03-16T21:35:31.049135433Z","['643CE9DD-6D50-4B82-8DA1-994C82A16D6C'
 'S-1-5-21-1333368235-828418111-1849936505-3276'
 'S-1-5-21-1333368235-828418111-1849936505-512'
 'S-1-5-21-1333368235-828418111-1849936505-3214'
 'S-1-5-21-1333368235-828418111-1849936505-3401'
 'S-1-5-21-1333368235-828418111-1849936505-1447'
 'S-1-5-21-1333368235-828418111-1849936505-1721'
 'S-1-5-21-1333368235-828418111-1849936505-3782'
 'S-1-5-21-1333368235-828418111-1849936505-3890'
 'S-1-5-21-1333368235-828418111-1849936505-4033'
 'S-1-5-21-1333368235-828418111-1849936505-522']",320.0,,,,0.0237961926091825,0.4988505747126436,0.5,0.0007704160246533,1.0,1.0,0.00139470013947,293.2869056003783,208.2869056003783,0.2779282331356389,2.024811883485949,0.2768957884244692,0.1758744256600787,0,0,0.641164199571821,True,1.4202277818590312,False,-5.422801388183585,False,6.7287659691104365,0.1269146608315098,False
13,0.0,2592.0,8.0,0.0,0.0,0.0,True,Members of this group can perform administrative actions on key objects within the forest.,"CN=ENTERPRISE KEY ADMINS,CN=USERS,DC=MYLAB,DC=LOCAL",False,False,MYLAB.LOCAL,S-1-5-21-1333368235-828418111-1849936505,True,2025-03-16T21:35:39.57Z,ENTERPRISE KEY ADMINS@MYLAB.LOCAL,S-1-5-21-1333368235-828418111-1849936505-527,Enterprise Key Admins,1742158089.0,0.0,0.0,0.0,True,4.0,4.0,"                                  label   kind  \
id                                               
1019            LOUIS_TYLER@MYLAB.LOCAL   User   
128           DOMAIN ADMINS@MYLAB.LOCAL  Group   
477           JENNA_HARDING@MYLAB.LOCAL   User   
903   ENTERPRISE KEY ADMINS@MYLAB.LOCAL  Group   

                                           objectId  isTierZero  \
id                                                                
1019  S-1-5-21-1333368235-828418111-1849936505-3276        True   
128    S-1-5-21-1333368235-828418111-1849936505-512        True   
477   S-1-5-21-1333368235-828418111-1849936505-1447        True   
903    S-1-5-21-1333368235-828418111-1849936505-527        True   

      isOwnedObject                        lastSeen  
id                                                   
1019          False        2025-03-16T21:35:40.117Z  
128           False        2025-03-16T21:35:40.428Z  
477           False  2025-03-16T21:35:31.048103438Z  
903           False         2025-03-16T21:35:39.57Z  ","  source target                 label                  kind  \
0    903   1019  AddKeyCredentialLink  AddKeyCredentialLink   
1   1019    128              MemberOf              MemberOf   
2    903    477  AddKeyCredentialLink  AddKeyCredentialLink   
3    477    128              MemberOf              MemberOf   

                         lastSeen  
0  2025-03-16T21:35:35.889597893Z  
1   2025-03-16T21:35:36.88777499Z  
2  2025-03-16T21:35:31.049135433Z  
3   2025-03-16T21:35:36.88777499Z  ","['S-1-5-21-1333368235-828418111-1849936505-3276'
 'S-1-5-21-1333368235-828418111-1849936505-512'
 'S-1-5-21-1333368235-828418111-1849936505-1447'
 'S-1-5-21-1333368235-828418111-1849936505-527']",2605.0,admin_tier_0,,,0.7256438969764838,0.0183908045977011,0.1333333333333333,0.0,1.0,1.0,0.00139470013947,2481.445506986464,-110.5544930135361,0.6915252060474057,1.878762735046988,0.2569233680551727,1.431727746389078,0,-1,0.7161728347366535,True,8.878842269649638,True,-5.17514809282961,True,10.660344983107922,0.2179431072210065,False
14,0.0,0.0,217.0,0.0,84.0,8.0,False,DNS clients who are permitted to perform dynamic updates on behalf of some other clients (such as DHCP servers).,"CN=DNSUPDATEPROXY,CN=USERS,DC=MYLAB,DC=LOCAL",False,False,MYLAB.LOCAL,S-1-5-21-1333368235-828418111-1849936505,False,2025-03-16T21:35:36.886857315Z,DNSUPDATEPROXY@MYLAB.LOCAL,S-1-5-21-1333368235-828418111-1849936505-1102,DnsUpdateProxy,1742158132.0,0.0,0.0,0.0,False,0.0,0.0,0,0,[],301.0,,,,0.0,0.4988505747126436,0.0,0.0323574730354391,1.0,0.0,0.0,332.8130388690199,332.8130388690199,0.1163945301967579,1.5312080477480827,0.2093947902425177,0.1654318816365115,0,0,0.3190936014283227,False,1.1083928716321825,False,-5.943334658649183,False,1.5832660656079924,0.5356673960612691,False
15,0.0,0.0,219.0,0.0,20.0,0.0,False,User Group Created by Badblood github.com/davidprowe/badblood,"CN=NE-SIS-DISTLIST1,OU=DEVICES,OU=ESM,OU=TIER 2,DC=MYLAB,DC=LOCAL",False,False,MYLAB.LOCAL,S-1-5-21-1333368235-828418111-1849936505,False,2025-03-16T21:35:36.886857315Z,AUDIT-TEAM@MYLAB.LOCAL,S-1-5-21-1333368235-828418111-1849936505-3594,NE-sis-distlist1,1742159158.0,0.0,0.0,0.0,False,0.0,0.0,0,0,[],239.0,,,,0.0,0.503448275862069,0.0,0.0077041602465331,1.0,0.0,0.0,328.3317872023789,328.3317872023789,0.1222075523834497,1.5111524361086022,0.2066521579799649,0.1313562116648712,0,0,0.3275173134687255,False,1.2155112671034405,False,-5.432483854638412,False,2.096961747650595,0.312472647702407,False
16,0.0,0.0,275.0,0.0,178.0,6.0,False,User Group Created by Badblood github.com/davidprowe/badblood,"CN=EM-ALLISONRO-ADMINGROUP1,OU=AZR,OU=TIER 2,DC=MYLAB,DC=LOCAL",False,False,MYLAB.LOCAL,S-1-5-21-1333368235-828418111-1849936505,False,2025-03-16T21:35:36.886857315Z,LOGISTICS-STAFF@MYLAB.LOCAL,S-1-5-21-1333368235-828418111-1849936505-3595,EM-allisonro-admingroup1,1742159158.0,0.0,0.0,0.0,False,0.0,0.0,0,0,[],453.0,,,,0.0,0.632183908045977,0.0,0.0685670261941448,1.0,0.0,0.0,296.940137146765,296.940137146765,0.1629283982151077,1.700750934240122,0.2325800113536024,0.2489722338250489,0,0,0.3510610774401081,False,1.3641673643680314,False,-6.125808497450434,False,3.965394312356624,0.3684901531728665,False
18,0.0,0.0,219.0,0.0,29.0,0.0,False,User Group Created by Badblood github.com/davidprowe/badblood,"CN=AN-PAN-DISTLIST1,OU=UNASSOCIATED,OU=PEOPLE,DC=MYLAB,DC=LOCAL",False,False,MYLAB.LOCAL,S-1-5-21-1333368235-828418111-1849936505,False,2025-03-16T21:35:36.886857315Z,FINANCE-EMPLOYEES@MYLAB.LOCAL,S-1-5-21-1333368235-828418111-1849936505-3597,AN-pan-distlist1,1742159159.0,0.0,0.0,0.0,False,0.0,0.0,0,0,[],248.0,,,,0.0,0.503448275862069,0.0,0.011171032357473,1.0,0.0,0.0,343.7439628881566,343.7439628881566,0.1022150757560943,1.514619308219542,0.2071262574725423,0.136302679886561,0,0,0.3159393335652742,False,0.974042084469174,False,-5.8061658884972,False,1.1469299618831723,0.6652078774617067,False
19,0.0,0.0,219.0,0.0,129.0,5.0,False,User Group Created by Badblood github.com/davidprowe/badblood,"CN=CL-FEA-ADMINGROUP1,OU=TIER 2,DC=MYLAB,DC=LOCAL",False,False,MYLAB.LOCAL,S-1-5-21-1333368235-828418111-1849936505,False,2025-03-16T21:35:36.886857315Z,STRATEGY-ANNOUNCE@MYLAB.LOCAL,S-1-5-21-1333368235-828418111-1849936505-3598,CL-fea-admingroup1,1742159159.0,0.0,0.0,0.0,False,0.0,0.0,0,0,[],348.0,,,,0.0,0.503448275862069,0.0,0.0496918335901386,1.0,0.0,0.0,314.6470259859107,314.6470259859107,0.1399592491165495,1.5531401094522077,0.212394029612292,0.1912634379053356,0,0,0.3251352472570833,False,0.993572371442942,False,-5.968498507513411,False,2.58755739979772,0.5164113785557987,False
20,0.0,0.0,218.0,0.0,60.0,0.0,False,User Group Created by Badblood github.com/davidprowe/badblood,"CN=MO-PRE-DISTLIST1,OU=BDE,OU=TIER 1,DC=MYLAB,DC=LOCAL",False,False,MYLAB.LOCAL,S-1-5-21-1333368235-828418111-1849936505,False,2025-03-16T21:35:36.886857315Z,TRAINING-ANNOUNCE@MYLAB.LOCAL,S-1-5-21-1333368235-828418111-1849936505-3599,MO-pre-distlist1,1742159159.0,0.0,0.0,0.0,False,0.0,0.0,0,0,[],278.0,,,,0.0,0.5011494252873563,0.0,0.0231124807395993,1.0,0.0,0.0,256.12951232537665,256.12951232537665,0.215867417307804,1.5242619060269555,0.2084448958824213,0.1527909072921933,0,0,0.3188093164064453,False,0.9942006679569392,False,-6.004016976458387,False,0.9097533187139024,0.6814004376367615,False
21,0.0,3363.0,255.0,0.0,23.0,0.0,False,User Group Created by Badblood github.com/davidprowe/badblood,"CN=DE-DAS-DISTLIST1,OU=GROUPS,OU=AZR,OU=TIER 2,DC=MYLAB,DC=LOCAL",False,False,MYLAB.LOCAL,S-1-5-21-1333368235-828418111-1849936505,False,2025-03-16T21:35:39.799Z,WORKSTATION-ADMINS@MYLAB.LOCAL,S-1-5-21-1333368235-828418111-1849936505-3600,DE-das-distlist1,1742159160.0,0.0,0.0,0.0,False,5.0,6.0,"                             label       kind  \
id                                              
1002             USERS@MYLAB.LOCAL  Container   
1019       LOUIS_TYLER@MYLAB.LOCAL       User   
128      DOMAIN ADMINS@MYLAB.LOCAL      Group   
477      JENNA_HARDING@MYLAB.LOCAL       User   
870   DE-DAS-DISTLIST1@MYLAB.LOCAL      Group   

                                           objectId  isTierZero  \
id                                                                
1002           643CE9DD-6D50-4B82-8DA1-994C82A16D6C       False   
1019  S-1-5-21-1333368235-828418111-1849936505-3276        True   
128    S-1-5-21-1333368235-828418111-1849936505-512        True   
477   S-1-5-21-1333368235-828418111-1849936505-1447        True   
870   S-1-5-21-1333368235-828418111-1849936505-3600       False   

      isOwnedObject                        lastSeen  
id                                                   
1002          False        2025-03-16T21:35:40.053Z  
1019          False        2025-03-16T21:35:40.117Z  
128           False        2025-03-16T21:35:40.428Z  
477           False  2025-03-16T21:35:31.048103438Z  
870           False        2025-03-16T21:35:39.799Z  ","  source target       label        kind                        lastSeen
0    870   1019  GenericAll  GenericAll  2025-03-16T21:35:35.889597893Z
1   1019    128    MemberOf    MemberOf   2025-03-16T21:35:36.88777499Z
2    870    477  GenericAll  GenericAll  2025-03-16T21:35:31.049135433Z
3    477    128    MemberOf    MemberOf   2025-03-16T21:35:36.88777499Z
4    870   1002  GenericAll  GenericAll  2025-03-16T21:35:38.232994191Z
5   1002    128    Contains    Contains   2025-03-16T21:35:36.88777499Z","['643CE9DD-6D50-4B82-8DA1-994C82A16D6C'
 'S-1-5-21-1333368235-828418111-1849936505-3276'
 'S-1-5-21-1333368235-828418111-1849936505-512'
 'S-1-5-21-1333368235-828418111-1849936505-1447'
 'S-1-5-21-1333368235-828418111-1849936505-3600']",4036.0,,,,0.9414893617021276,0.5862068965517241,0.2,0.008859784283513,1.0,389.0,0.5425383542538355,3425.0054443434724,62.00544434347239,0.4676826685131716,3.2790943967912,0.4484206338983882,2.2182161936377427,0,0,0.7245775945338458,True,1.5731783150398486,False,-5.321358416865686,False,2.491506879180436,0.1347921225382932,False
22,0.0,0.0,219.0,0.0,36.0,3.0,False,User Group Created by Badblood github.com/davidprowe/badblood,"CN=HA-CAR-DISTLIST1,OU=UNASSOCIATED,OU=PEOPLE,DC=MYLAB,DC=LOCAL",False,False,MYLAB.LOCAL,S-1-5-21-1333368235-828418111-1849936505,False,2025-03-16T21:35:40.097Z,TRAINING-EMPLOYEES@MYLAB.LOCAL,S-1-5-21-1333368235-828418111-1849936505-3601,HA-car-distlist1,1742159160.0,0.0,0.0,0.0,False,0.0,0.0,0,0,[],255.0,,,,0.0,0.503448275862069,0.0,0.0138674884437596,1.0,0.0,0.0,251.73717035301908,251.73717035301908,0.2215651069794021,1.5173157643058286,0.2074950015223248,0.1401499329478752,0,0,0.3221412205848181,False,1.309354565614638,False,-5.614274318273343,False,1.7046072821298273,0.3824945295404814,False
23,0.0,0.0,219.0,0.0,30.0,3.0,False,User Group Created by Badblood github.com/davidprowe/badblood,"CN=MA-ROC-DISTLIST1,OU=TEST,OU=ESM,OU=TIER 2,DC=MYLAB,DC=LOCAL",False,False,MYLAB.LOCAL,S-1-5-21-1333368235-828418111-1849936505,False,2025-03-16T21:35:40.097Z,SALES-ALL@MYLAB.LOCAL,S-1-5-21-1333368235-828418111-1849936505-3602,MA-roc-distlist1,1742159160.0,0.0,0.0,0.0,False,0.0,0.0,0,0,[],249.0,,,,0.0,0.503448275862069,0.0,0.0115562403697996,1.0,0.0,0.0,332.77124249821435,332.77124249821435,0.1164487479128982,1.5150045162318686,0.2071789351939398,0.1368522874667487,0,0,0.3144882050983784,False,1.009284400991796,False,-5.774055668853387,False,1.2317937906030856,0.6061269146608315,False
24,0.0,0.0,221.0,0.0,166.0,0.0,False,User Group Created by Badblood github.com/davidprowe/badblood,"CN=JU-CAPRICORN-DISTLIST1,OU=HRE,OU=TIER 2,DC=MYLAB,DC=LOCAL",False,False,MYLAB.LOCAL,S-1-5-21-1333368235-828418111-1849936505,False,2025-03-16T21:35:36.886857315Z,RESEARCH-EMPLOYEES@MYLAB.LOCAL,S-1-5-21-1333368235-828418111-1849936505-3603,JU-capricorn-distlist1,1742159160.0,0.0,0.0,0.0,False,0.0,0.0,0,0,[],387.0,,,,0.0,0.5080459770114942,0.0,0.0639445300462249,1.0,0.0,0.0,291.82596531006493,291.82596531006493,0.1695624363287438,1.5719905070577191,0.2149718472108862,0.2126981335326576,0,0,0.3333890666049796,False,1.0264730243702245,False,-6.121143392023709,False,3.382556681717908,0.4708971553610503,False
25,0.0,0.0,219.0,0.0,21.0,0.0,False,User Group Created by Badblood github.com/davidprowe/badblood,"CN=PA-MARIAISAB-DISTLIST1,OU=SEC,OU=TIER 2,DC=MYLAB,DC=LOCAL",False,False,MYLAB.LOCAL,S-1-5-21-1333368235-828418111-1849936505,False,2025-03-16T21:35:36.886857315Z,PRODUCT-USERS@MYLAB.LOCAL,S-1-5-21-1333368235-828418111-1849936505-3604,PA-mariaisab-distlist1,1742159161.0,0.0,0.0,0.0,False,0.0,0.0,0,0,[],240.0,,,,0.0,0.503448275862069,0.0,0.0080893682588597,1.0,0.0,0.0,285.87470290194614,285.87470290194614,0.1772823375953357,1.5115376441209287,0.2067048357013624,0.131905819245059,0,0,0.3217999062115657,False,1.0149407708357236,False,-5.852782900114855,False,1.0906369501874185,0.5816192560175054,False
26,0.0,0.0,219.0,0.0,135.0,0.0,False,User Group Created by Badblood github.com/davidprowe/badblood,"CN=ER-PPO-ADMINGROUP1,OU=DEVICES,OU=FIN,OU=STAGE,DC=MYLAB,DC=LOCAL",False,False,MYLAB.LOCAL,S-1-5-21-1333368235-828418111-1849936505,False,2025-03-16T21:35:36.886857315Z,COMPLIANCE-ANNOUNCE@MYLAB.LOCAL,S-1-5-21-1333368235-828418111-1849936505-3605,ER-ppo-admingroup1,1742159161.0,0.0,0.0,0.0,False,0.0,0.0,0,0,[],354.0,,,,0.0,0.503448275862069,0.0,0.0520030816640986,1.0,0.0,0.0,263.9960636657864,263.9960636657864,0.2056630278032021,1.5554513575261677,0.2127100959406769,0.194561083386462,0,0,0.3252533415009874,False,1.0109775333196596,False,-6.023534369368673,False,2.6673266741331485,0.5015317286652079,False
27,0.0,0.0,217.0,0.0,23.0,0.0,False,User Group Created by Badblood github.com/davidprowe/badblood,"CN=WI-VIC-DISTLIST1,OU=TEST,OU=FIN,OU=STAGE,DC=MYLAB,DC=LOCAL",False,False,MYLAB.LOCAL,S-1-5-21-1333368235-828418111-1849936505,False,2025-03-16T21:35:36.886857315Z,FACILITIES-DEPARTMENT@MYLAB.LOCAL,S-1-5-21-1333368235-828418111-1849936505-3606,WI-vic-distlist1,1742159161.0,0.0,0.0,0.0,False,0.0,0.0,0,0,[],240.0,,,,0.0,0.4988505747126436,0.0,0.008859784283513,1.0,0.0,0.0,347.947097627175,347.947097627175,0.0967628232808649,1.507710358996157,0.2061814492372705,0.131905819245059,0,0,0.3257426951786401,False,1.143565491597434,False,-5.4748479807937045,False,2.0232188116798624,0.3435448577680525,False
28,0.0,0.0,243.0,0.0,53.0,0.0,False,User Group Created by Badblood github.com/davidprowe/badblood,"CN=MI-COB-DISTLIST1,OU=T2-ROLES,OU=TIER 2,OU=ADMIN,DC=MYLAB,DC=LOCAL",False,False,MYLAB.LOCAL,S-1-5-21-1333368235-828418111-1849936505,False,2025-03-16T21:35:36.886857315Z,COMMUNICATIONS-EMPLOYEES@MYLAB.LOCAL,S-1-5-21-1333368235-828418111-1849936505-3607,MI-cob-distlist1,1742159162.0,0.0,0.0,0.0,False,0.0,0.0,0,0,[],296.0,,,,0.0,0.5586206896551724,0.0,0.0204160246533127,1.0,0.0,0.0,287.21250994991067,287.21250994991067,0.1755469514510536,1.5790367143084851,0.215935425668725,0.1626838437355728,0,0,0.3289074202966527,False,1.280000332354644,False,-5.975968807925222,False,0.6895648007511911,0.5343544857768052,False
29,0.0,0.0,275.0,0.0,34.0,0.0,False,User Group Created by Badblood github.com/davidprowe/badblood,"CN=CA-FABIANYBA-DISTLIST1,OU=GROUPS,OU=BDE,OU=TIER 2,DC=MYLAB,DC=LOCAL",False,False,MYLAB.LOCAL,S-1-5-21-1333368235-828418111-1849936505,False,2025-03-16T21:35:36.886857315Z,DESIGN-DEPARTMENT@MYLAB.LOCAL,S-1-5-21-1333368235-828418111-1849936505-3608,CA-FabianyBa-distlist1,1742159162.0,0.0,0.0,0.0,False,0.0,0.0,0,0,[],309.0,,,,0.0,0.632183908045977,0.0,0.0130970724191063,1.0,0.0,0.0,275.13685701916535,275.13685701916535,0.1912113335538845,1.6452809804650834,0.2249944194723629,0.1698287422780135,0,0,0.3352741727854769,False,1.0300448034576004,False,-5.9367139254381,False,1.4314722197957448,0.5155361050328228,False
30,0.0,0.0,218.0,0.0,27.0,0.0,False,User Group Created by Badblood github.com/davidprowe/badblood,"CN=CO-CAM-DISTLIST1,OU=T1-SERVERS,OU=TIER 1,OU=ADMIN,DC=MYLAB,DC=LOCAL",False,False,MYLAB.LOCAL,S-1-5-21-1333368235-828418111-1849936505,False,2025-03-16T21:35:36.886857315Z,LEGAL-TEAM@MYLAB.LOCAL,S-1-5-21-1333368235-828418111-1849936505-3609,CO-cam-distlist1,1742159162.0,0.0,0.0,0.0,False,0.0,0.0,0,0,[],245.0,,,,0.0,0.5011494252873563,0.0,0.0104006163328197,1.0,0.0,0.0,278.4973433527926,278.4973433527926,0.1868521537825569,1.511550041620176,0.2067065310763039,0.1346538571459977,0,0,0.3197638513161497,False,1.0085970172406555,False,-5.573156492332708,False,1.7733882004067236,0.4603938730853391,False
31,0.0,0.0,278.0,0.0,108.0,0.0,False,User Group Created by Badblood github.com/davidprowe/badblood,"CN=RA-VIVALAPAT-DISTLIST1,OU=SERVICEACCOUNTS,OU=FIN,OU=TIER 2,DC=MYLAB,DC=LOCAL",False,False,MYLAB.LOCAL,S-1-5-21-1333368235-828418111-1849936505,False,2025-03-16T21:35:36.886857315Z,PROCUREMENT-ALL@MYLAB.LOCAL,S-1-5-21-1333368235-828418111-1849936505-3610,RA-vivalapat-distlist1,1742159162.0,0.0,0.0,0.0,False,0.0,0.0,0,0,[],386.0,,,,0.0,0.639080459770115,0.0,0.0416024653312788,1.0,0.0,0.0,317.5049703306562,317.5049703306562,0.1362519603677369,1.6806829251013935,0.229835683716108,0.2121485259524699,0,0,0.3412396571605495,False,1.42931804438624,False,-5.962088401327716,False,2.5510290549335086,0.3544857768052517,False
32,0.0,0.0,219.0,0.0,23.0,0.0,False,User Group Created by Badblood github.com/davidprowe/badblood,"CN=AN-ORIONPUER-DISTLIST1,OU=T1-DEVICES,OU=TIER 1,OU=ADMIN,DC=MYLAB,DC=LOCAL",False,False,MYLAB.LOCAL,S-1-5-21-1333368235-828418111-1849936505,False,2025-03-16T21:35:36.886857315Z,FINANCE-ALL@MYLAB.LOCAL,S-1-5-21-1333368235-828418111-1849936505-3611,AN-orionpuer-distlist1,1742159163.0,0.0,0.0,0.0,False,0.0,0.0,0,0,[],242.0,,,,0.0,0.503448275862069,0.0,0.008859784283513,1.0,0.0,0.0,310.1455199810509,310.1455199810509,0.1457985449710023,1.5123080601455818,0.2068101911441573,0.1330050344054345,0,0,0.3163422913363533,False,0.9888527821417183,False,-5.758518827502796,False,1.2710699000370096,0.6135667396061268,False
33,0.0,0.0,218.0,0.0,16.0,0.0,False,User Group Created by Badblood github.com/davidprowe/badblood,"CN=GL-COV-DISTLIST1,OU=TEST,OU=SEC,OU=TIER 1,DC=MYLAB,DC=LOCAL",False,False,MYLAB.LOCAL,S-1-5-21-1333368235-828418111-1849936505,False,2025-03-16T21:35:36.886857315Z,COMMUNICATIONS-STAFF@MYLAB.LOCAL,S-1-5-21-1333368235-828418111-1849936505-3612,GL-cov-distlist1,1742159163.0,0.0,0.0,0.0,False,0.0,0.0,0,0,[],234.0,,,,0.0,0.5011494252873563,0.0,0.0061633281972265,1.0,0.0,0.0,312.2311428660363,312.2311428660363,0.1430931017142124,1.507312753484583,0.2061270761409315,0.1286081737639325,0,0,0.3294679656241471,False,1.2123555999524704,False,-5.897327227177737,False,1.152417871719856,0.487089715536105,False
34,0.0,0.0,247.0,0.0,58.0,0.0,False,User Group Created by Badblood github.com/davidprowe/badblood,"CN=SE-197-ADMINGROUP1,OU=GROUPS,OU=SEC,OU=STAGE,DC=MYLAB,DC=LOCAL",False,False,MYLAB.LOCAL,S-1-5-21-1333368235-828418111-1849936505,False,2025-03-16T21:35:36.886857315Z,FACILITIES-USERS@MYLAB.LOCAL,S-1-5-21-1333368235-828418111-1849936505-3613,SE-197-admingroup1,1742159163.0,0.0,0.0,0.0,False,0.0,0.0,0,0,[],305.0,,,,0.0,0.5678160919540229,0.0,0.022342064714946,1.0,0.0,0.0,313.0289166461486,313.0289166461486,0.142058239798673,1.590158156668969,0.2174562980894863,0.1676303119572625,0,0,0.3215609594582343,False,1.0453040793836668,False,-5.8136111390101926,False,1.3480340376616982,0.5352297592997812,False
35,0.0,87.0,219.0,0.0,24.0,0.0,False,User Group Created by Badblood github.com/davidprowe/badblood,"CN=EL-CAROLINA6-ADMINGROUP1,OU=AZR,OU=PEOPLE,DC=MYLAB,DC=LOCAL",False,False,MYLAB.LOCAL,S-1-5-21-1333368235-828418111-1849936505,False,2025-03-16T21:35:39.799Z,TRAINING-ANNOUNCE-01@MYLAB.LOCAL,S-1-5-21-1333368235-828418111-1849936505-3614,EL-carolina6-admingroup1,1742159163.0,0.0,0.0,0.0,False,13.0,19.0,"                                     label       kind  \
id                                                      
1002                     USERS@MYLAB.LOCAL  Container   
1019               LOUIS_TYLER@MYLAB.LOCAL       User   
128              DOMAIN ADMINS@MYLAB.LOCAL      Group   
2510             CLAUDE_GIBSON@MYLAB.LOCAL       User   
2546           JERMAINE_HAYDEN@MYLAB.LOCAL       User   
3027          DY-PAU-DISTLIST1@MYLAB.LOCAL      Group   
477              JENNA_HARDING@MYLAB.LOCAL       User   
649                  DAN_VELEZ@MYLAB.LOCAL       User   
843                 LISA_BOWEN@MYLAB.LOCAL       User   
869           DA-EST-DISTLIST1@MYLAB.LOCAL      Group   
870           DE-DAS-DISTLIST1@MYLAB.LOCAL      Group   
877           TA-24D-DISTLIST1@MYLAB.LOCAL      Group   
882   EL-CAROLINA6-ADMINGROUP1@MYLAB.LOCAL      Group   

                                           objectId  isTierZero  \
id                                                                
1002           643CE9DD-6D50-4B82-8DA1-994C82A16D6C       False   
1019  S-1-5-21-1333368235-828418111-1849936505-3276        True   
128    S-1-5-21-1333368235-828418111-1849936505-512        True   
2510  S-1-5-21-1333368235-828418111-1849936505-3196       False   
2546  S-1-5-21-1333368235-828418111-1849936505-3233       False   
3027  S-1-5-21-1333368235-828418111-1849936505-3790       False   
477   S-1-5-21-1333368235-828418111-1849936505-1447        True   
649   S-1-5-21-1333368235-828418111-1849936505-1619       False   
843   S-1-5-21-1333368235-828418111-1849936505-1813       False   
869   S-1-5-21-1333368235-828418111-1849936505-3782       False   
870   S-1-5-21-1333368235-828418111-1849936505-3600       False   
877   S-1-5-21-1333368235-828418111-1849936505-4033       False   
882   S-1-5-21-1333368235-828418111-1849936505-3614       False   

      isOwnedObject                        lastSeen  
id                                                   
1002          False        2025-03-16T21:35:40.053Z  
1019          False        2025-03-16T21:35:40.117Z  
128           False        2025-03-16T21:35:40.428Z  
2510          False        2025-03-16T21:35:40.117Z  
2546          False        2025-03-16T21:35:40.117Z  
3027          False        2025-03-16T21:35:40.097Z  
477           False  2025-03-16T21:35:31.048103438Z  
649           False        2025-03-16T21:35:40.117Z  
843           False        2025-03-16T21:35:40.117Z  
869           False        2025-03-16T21:35:39.799Z  
870           False        2025-03-16T21:35:39.799Z  
877           False        2025-03-16T21:35:40.428Z  
882           False        2025-03-16T21:35:39.799Z  ","   source target       label        kind                        lastSeen
0     882   2510  GenericAll  GenericAll  2025-03-16T21:35:35.889597893Z
1    2510    870    MemberOf    MemberOf   2025-03-16T21:35:36.88777499Z
2     870   1002  GenericAll  GenericAll  2025-03-16T21:35:38.232994191Z
3    1002    128    Contains    Contains   2025-03-16T21:35:36.88777499Z
4     882   3027  GenericAll  GenericAll   2025-03-16T21:35:36.88777499Z
5    3027    869    MemberOf    MemberOf   2025-03-16T21:35:36.88777499Z
6     869   1019  GenericAll  GenericAll  2025-03-16T21:35:35.889597893Z
7    1019    128    MemberOf    MemberOf   2025-03-16T21:35:36.88777499Z
8     882    649  GenericAll  GenericAll  2025-03-16T21:35:31.203879153Z
9     649    877    MemberOf    MemberOf   2025-03-16T21:35:36.88777499Z
10    877   1019  GenericAll  GenericAll  2025-03-16T21:35:35.889597893Z
11    882    843  GenericAll  GenericAll  2025-03-16T21:35:31.203879153Z
12    843    877    MemberOf    MemberOf   2025-03-16T21:35:36.88777499Z
13    882   2546  GenericAll  GenericAll  2025-03-16T21:35:35.889597893Z
14   2546    877    MemberOf    MemberOf   2025-03-16T21:35:36.88777499Z
15    869    477  GenericAll  GenericAll  2025-03-16T21:35:31.049135433Z
16    477    128    MemberOf    MemberOf   2025-03-16T21:35:36.88777499Z
17    870    477  GenericAll  GenericAll  2025-03-16T21:35:31.049135433Z
18    870   1019  GenericAll  GenericAll  2025-03-16T21:35:35.889597893Z","['643CE9DD-6D50-4B82-8DA1-994C82A16D6C'
 'S-1-5-21-1333368235-828418111-1849936505-3276'
 'S-1-5-21-1333368235-828418111-1849936505-512'
 'S-1-5-21-1333368235-828418111-1849936505-3196'
 'S-1-5-21-1333368235-828418111-1849936505-3233'
 'S-1-5-21-1333368235-828418111-1849936505-3790'
 'S-1-5-21-1333368235-828418111-1849936505-1447'
 'S-1-5-21-1333368235-828418111-1849936505-1619'
 'S-1-5-21-1333368235-828418111-1849936505-1813'
 'S-1-5-21-1333368235-828418111-1849936505-3782'
 'S-1-5-21-1333368235-828418111-1849936505-3600'
 'S-1-5-21-1333368235-828418111-1849936505-4033'
 'S-1-5-21-1333368235-828418111-1849936505-3614']",359.0,,,,0.0243561030235162,0.503448275862069,0.6333333333333333,0.0092449922958397,1.0,10.0,0.0139470013947001,388.4835312116003,301.4835312116003,0.1570347657064992,2.1843297059094584,0.2987100683424972,0.1973091212874008,0,0,0.5000879707091053,False,2.2582373879877684,False,-5.725181148322895,False,1.4192339911843437,0.2796498905908097,False
36,0.0,0.0,218.0,0.0,24.0,0.0,False,User Group Created by Badblood github.com/davidprowe/badblood,"CN=KE-REY-ADMINGROUP1,OU=HRE,OU=PEOPLE,DC=MYLAB,DC=LOCAL",False,False,MYLAB.LOCAL,S-1-5-21-1333368235-828418111-1849936505,False,2025-03-16T21:35:36.886857315Z,PRODUCT-TEAM@MYLAB.LOCAL,S-1-5-21-1333368235-828418111-1849936505-3615,KE-rey-admingroup1,1742159164.0,0.0,0.0,0.0,False,0.0,0.0,0,0,[],242.0,,,,0.0,0.5011494252873563,0.0,0.0092449922958397,1.0,0.0,0.0,276.10330348202103,276.10330348202103,0.1899576715976388,1.510394417583196,0.2065484979121114,0.1330050344054345,0,0,0.3167459891712751,False,0.9904917046633892,False,-5.7774486747241305,False,1.240520751545715,0.611378555798687,False
37,0.0,0.0,411.0,0.0,209.0,0.0,False,User Group Created by Badblood github.com/davidprowe/badblood,"CN=RO-IXCHEL_94-DISTLIST1,OU=TEST,OU=AWS,OU=STAGE,DC=MYLAB,DC=LOCAL",False,False,MYLAB.LOCAL,S-1-5-21-1333368235-828418111-1849936505,False,2025-03-16T21:35:36.886857315Z,RO-IXCHEL_94-DISTLIST1@MYLAB.LOCAL,S-1-5-21-1333368235-828418111-1849936505-3616,RO-ixchel_94-distlist1,1742159164.0,0.0,0.0,0.0,False,0.0,0.0,0,0,[],620.0,,,,0.0,0.9448275862068966,0.0,0.0805084745762711,1.0,0.0,0.0,271.43585835280027,271.43585835280027,0.196012221555924,2.025336060783168,0.2769674703852336,0.3407566997164025,0,0,0.437755498069993,False,2.823811001542415,False,-5.515506253536212,False,7.441210091683985,0.1277899343544857,False
38,0.0,0.0,218.0,0.0,56.0,0.0,False,User Group Created by Badblood github.com/davidprowe/badblood,"CN=AN-110-DISTLIST1,OU=PEOPLE,DC=MYLAB,DC=LOCAL",False,False,MYLAB.LOCAL,S-1-5-21-1333368235-828418111-1849936505,False,2025-03-16T21:35:36.886857315Z,STRATEGY-DEPARTMENT@MYLAB.LOCAL,S-1-5-21-1333368235-828418111-1849936505-3617,AN-110-distlist1,1742159164.0,0.0,0.0,0.0,False,0.0,0.0,0,0,[],274.0,,,,0.0,0.5011494252873563,0.0,0.0215716486902927,1.0,0.0,0.0,258.13712317052244,258.13712317052244,0.2132631702685336,1.522721073977649,0.2082341849968313,0.1505924769714424,0,0,0.3175198898225846,False,0.9620211460866506,False,-5.94903518708266,False,0.9880657867399144,0.712472647702407,False
39,0.0,34.0,221.0,0.0,76.0,5.0,False,User Group Created by Badblood github.com/davidprowe/badblood,"CN=JO-ACU-DISTLIST1,OU=DEVICES,OU=OGC,OU=STAGE,DC=MYLAB,DC=LOCAL",False,False,MYLAB.LOCAL,S-1-5-21-1333368235-828418111-1849936505,False,2025-03-16T21:35:40.097Z,AUDIT-CONTRIBUTORS@MYLAB.LOCAL,S-1-5-21-1333368235-828418111-1849936505-3618,JO-Acu-distlist1,1742159164.0,0.0,0.0,0.0,False,8.0,9.0,"                             label       kind  \
id                                              
1002             USERS@MYLAB.LOCAL  Container   
1019       LOUIS_TYLER@MYLAB.LOCAL       User   
1207      VERA_BUCKLEY@MYLAB.LOCAL       User   
128      DOMAIN ADMINS@MYLAB.LOCAL      Group   
2865  JO-ACU-DISTLIST1@MYLAB.LOCAL      Group   
477      JENNA_HARDING@MYLAB.LOCAL       User   
872   RO-ARJ-DISTLIST1@MYLAB.LOCAL      Group   
895   WA-ESA-DISTLIST1@MYLAB.LOCAL      Group   

                                           objectId  isTierZero  \
id                                                                
1002           643CE9DD-6D50-4B82-8DA1-994C82A16D6C       False   
1019  S-1-5-21-1333368235-828418111-1849936505-3276        True   
1207  S-1-5-21-1333368235-828418111-1849936505-1840       False   
128    S-1-5-21-1333368235-828418111-1849936505-512        True   
2865  S-1-5-21-1333368235-828418111-1849936505-3618       False   
477   S-1-5-21-1333368235-828418111-1849936505-1447        True   
872   S-1-5-21-1333368235-828418111-1849936505-3635       False   
895   S-1-5-21-1333368235-828418111-1849936505-3764       False   

      isOwnedObject                        lastSeen  
id                                                   
1002          False        2025-03-16T21:35:40.053Z  
1019          False        2025-03-16T21:35:40.117Z  
1207          False        2025-03-16T21:35:40.117Z  
128           False        2025-03-16T21:35:40.428Z  
2865          False        2025-03-16T21:35:40.097Z  
477           False  2025-03-16T21:35:31.048103438Z  
872           False        2025-03-16T21:35:39.799Z  
895           False        2025-03-16T21:35:40.097Z  ","  source target       label        kind                        lastSeen
0   2865    895    MemberOf    MemberOf   2025-03-16T21:35:36.88777499Z
1    895   1207  GenericAll  GenericAll  2025-03-16T21:35:31.203879153Z
2   1207    872    MemberOf    MemberOf   2025-03-16T21:35:36.88777499Z
3    872   1002  GenericAll  GenericAll  2025-03-16T21:35:38.232994191Z
4   1002    128    Contains    Contains   2025-03-16T21:35:36.88777499Z
5    872   1019  GenericAll  GenericAll  2025-03-16T21:35:35.889597893Z
6   1019    128    MemberOf    MemberOf   2025-03-16T21:35:36.88777499Z
7    872    477  GenericAll  GenericAll  2025-03-16T21:35:31.049135433Z
8    477    128    MemberOf    MemberOf   2025-03-16T21:35:36.88777499Z","['643CE9DD-6D50-4B82-8DA1-994C82A16D6C'
 'S-1-5-21-1333368235-828418111-1849936505-3276'
 'S-1-5-21-1333368235-828418111-1849936505-1840'
 'S-1-5-21-1333368235-828418111-1849936505-512'
 'S-1-5-21-1333368235-828418111-1849936505-3618'
 'S-1-5-21-1333368235-828418111-1849936505-1447'
 'S-1-5-21-1333368235-828418111-1849936505-3635'
 'S-1-5-21-1333368235-828418111-1849936505-3764']",364.0,,,,0.009518477043673,0.5080459770114942,0.3,0.0292758089368258,1.0,24.0,0.0334728033472803,321.19517803083664,287.19517803083664,0.1755694341941821,1.8803130663392733,0.257135377975204,0.2000571591883395,0,0,0.451246855854352,False,1.14944408651479,False,-5.846069696434446,False,1.615151660689639,0.3592997811816192,False
40,0.0,0.0,219.0,0.0,58.0,0.0,False,User Group Created by Badblood github.com/davidprowe/badblood,"CN=KE-18D-ADMINGROUP1,OU=T0-PERMISSIONS,OU=TIER 0,OU=ADMIN,DC=MYLAB,DC=LOCAL",False,False,MYLAB.LOCAL,S-1-5-21-1333368235-828418111-1849936505,False,2025-03-16T21:35:36.886857315Z,TRAINING-ANNOUNCE-02@MYLAB.LOCAL,S-1-5-21-1333368235-828418111-1849936505-3619,KE-18d-admingroup1,1742159165.0,0.0,0.0,0.0,False,0.0,0.0,0,0,[],277.0,,,,0.0,0.503448275862069,0.0,0.022342064714946,1.0,0.0,0.0,343.8203110162632,343.8203110162632,0.102116037943534,1.525790340577015,0.2086539113930698,0.1522412997120056,0,0,0.3299546580656813,False,1.2915079862932082,False,-5.64027473647679,False,1.86476591108268,0.3444201312910284,False
41,0.0,0.0,242.0,0.0,23.0,0.0,False,User Group Created by Badblood github.com/davidprowe/badblood,"CN=WI-MAXILLOSU-DISTLIST1,OU=TEST,OU=AWS,OU=TIER 2,DC=MYLAB,DC=LOCAL",False,False,MYLAB.LOCAL,S-1-5-21-1333368235-828418111-1849936505,False,2025-03-16T21:35:36.886857315Z,HR-MEMBERS@MYLAB.LOCAL,S-1-5-21-1333368235-828418111-1849936505-3620,WI-maxillosu-distlist1,1742159165.0,0.0,0.0,0.0,False,0.0,0.0,0,0,[],265.0,,,,0.0,0.5563218390804597,0.0,0.008859784283513,1.0,0.0,0.0,289.0023471048066,289.0023471048066,0.173225197649671,1.5651816233639728,0.2140407230733567,0.1456460087497526,0,0,0.3289244225941594,False,2.322414982999601,False,-5.815838092471783,False,0.990436203324575,0.4393873085339169,False
42,0.0,0.0,218.0,0.0,26.0,0.0,False,User Group Created by Badblood github.com/davidprowe/badblood,"CN=NO-CRISTOBAL-ADMINGROUP1,OU=TEST,OU=OGC,OU=STAGE,DC=MYLAB,DC=LOCAL",False,False,MYLAB.LOCAL,S-1-5-21-1333368235-828418111-1849936505,False,2025-03-16T21:35:36.886857315Z,RESEARCH-DEPARTMENT@MYLAB.LOCAL,S-1-5-21-1333368235-828418111-1849936505-3621,NO-cristobal-admingroup1,1742159165.0,0.0,0.0,0.0,False,0.0,0.0,0,0,[],244.0,,,,0.0,0.5011494252873563,0.0,0.010015408320493,1.0,0.0,0.0,256.97348940860707,256.97348940860707,0.2147726210600505,1.5111648336078494,0.2066538533549064,0.13410424956581,0,0,0.3153111002163679,False,1.0014496043857253,False,-5.737551486082245,False,1.3372904731493551,0.5912472647702407,False
43,0.0,4150.0,3.0,0.0,2.0,0.0,True,User Group Created by Badblood github.com/davidprowe/badblood,"CN=LU-PENICILIN-ADMINGROUP1,OU=TEST,OU=TST,OU=STAGE,DC=MYLAB,DC=LOCAL",False,False,MYLAB.LOCAL,S-1-5-21-1333368235-828418111-1849936505,False,2025-03-16T21:35:36.886857315Z,ENTERPRISE-ADMINS@MYLAB.LOCAL,S-1-5-21-1333368235-828418111-1849936505-3622,LU-penicilin-admingroup1,1742159165.0,0.0,0.0,0.0,True,0.0,0.0,0,0,[],244.0,,,,0.0,0.503448275862069,0.0,0.0096302003081664,1.0,820.0,0.0,3978.920147744068,-171.0798522559321,0.7700379257753882,1.5130784761702354,0.2069155465869524,0.13410424956581,0,0,0.3181611697238922,False,0.96745254626978,False,-5.826482293878356,False,1.1080010892536925,0.6538293216630197,False
44,0.0,0.0,386.0,0.0,19.0,0.0,False,User Group Created by Badblood github.com/davidprowe/badblood,"CN=LE-050-DISTLIST1,OU=TEST,OU=TST,OU=TIER 1,DC=MYLAB,DC=LOCAL",False,False,MYLAB.LOCAL,S-1-5-21-1333368235-828418111-1849936505,False,2025-03-16T21:35:36.886857315Z,MARKETING-EMPLOYEES@MYLAB.LOCAL,S-1-5-21-1333368235-828418111-1849936505-3623,LE-050-distlist1,1742159166.0,0.0,0.0,0.0,False,0.0,0.0,0,0,[],405.0,,,,0.0,0.8873563218390804,0.0,0.0073189522342064,1.0,0.0,0.0,322.72177233148346,322.72177233148346,0.1294847917215007,1.8946752740732868,0.2590994294836232,0.2225910699760371,0,0,0.4025701836066898,False,1.1564630552598565,False,-5.65480370317575,False,5.096579712737674,0.2542669584245077,False
45,0.0,0.0,251.0,0.0,47.0,0.0,False,User Group Created by Badblood github.com/davidprowe/badblood,"CN=FE-JOD-ADMINGROUP1,OU=ITS,OU=PEOPLE,DC=MYLAB,DC=LOCAL",False,False,MYLAB.LOCAL,S-1-5-21-1333368235-828418111-1849936505,False,2025-03-16T21:35:36.886857315Z,HR-ANNOUNCE@MYLAB.LOCAL,S-1-5-21-1333368235-828418111-1849936505-3624,FE-jod-admingroup1,1742159166.0,0.0,0.0,0.0,False,0.0,0.0,0,0,[],298.0,,,,0.0,0.5770114942528736,0.0,0.0181047765793528,1.0,0.0,0.0,326.80852722334663,326.80852722334663,0.1241835056913459,1.5951162708322264,0.2181343269678876,0.1637830588959483,0,0,0.326081869924692,False,1.0077955821900442,False,-5.931156688891795,False,0.8659663826562083,0.612691466083151,False
46,0.0,3980.0,2.0,0.0,1.0,0.0,True,User Group Created by Badblood github.com/davidprowe/badblood,"CN=WE-GAR-DISTLIST1,OU=TEST,OU=AZR,OU=TIER 2,DC=MYLAB,DC=LOCAL",False,False,MYLAB.LOCAL,S-1-5-21-1333368235-828418111-1849936505,False,2025-03-16T21:35:36.886857315Z,SCHEMA-ADMINS@MYLAB.LOCAL,S-1-5-21-1333368235-828418111-1849936505-3625,WE-gar-distlist1,1742159166.0,0.0,0.0,0.0,True,0.0,0.0,0,0,[],308.0,,,,0.0,0.6344827586206897,0.0,0.012326656394453,1.0,780.0,0.0,4088.0876993927336,108.0876993927336,0.4079053583013269,1.6468094150151429,0.2252034349830114,0.1692791346978257,0,0,0.3250374694956717,False,0.9601877683248048,False,-5.703131883259475,False,1.8554722028943056,0.5207877461706782,False
47,0.0,0.0,218.0,0.0,19.0,0.0,False,User Group Created by Badblood github.com/davidprowe/badblood,"CN=DE-AYOMOM272-ADMINGROUP1,OU=TEST,OU=OGC,OU=STAGE,DC=MYLAB,DC=LOCAL",False,False,MYLAB.LOCAL,S-1-5-21-1333368235-828418111-1849936505,False,2025-03-16T21:35:36.886857315Z,LOGISTICS-GROUP@MYLAB.LOCAL,S-1-5-21-1333368235-828418111-1849936505-3626,DE-ayomom272-admingroup1,1742159166.0,0.0,0.0,0.0,False,0.0,0.0,0,0,[],237.0,,,,0.0,0.5011494252873563,0.0,0.0073189522342064,1.0,0.0,0.0,264.6761430307241,264.6761430307241,0.2047808375735116,1.5084683775215626,0.2062851093051239,0.1302569965044958,0,0,0.3189975076698214,False,1.0052225553805128,False,-5.775799256909951,False,1.2664452517883011,0.5724288840262582,False
48,0.0,0.0,221.0,0.0,20.0,0.0,False,User Group Created by Badblood github.com/davidprowe/badblood,"CN=MI-DUM-DISTLIST1,OU=TEST,OU=FSR,OU=TIER 2,DC=MYLAB,DC=LOCAL",False,False,MYLAB.LOCAL,S-1-5-21-1333368235-828418111-1849936505,False,2025-03-16T21:35:36.886857315Z,QUALITY-MEMBERS@MYLAB.LOCAL,S-1-5-21-1333368235-828418111-1849936505-3627,MI-dum-distlist1,1742159167.0,0.0,0.0,0.0,False,0.0,0.0,0,0,[],241.0,,,,0.0,0.5080459770114942,0.0,0.0077041602465331,1.0,0.0,0.0,304.2671931620831,304.2671931620831,0.153423835126799,1.515750137258027,0.2072808998868518,0.1324554268252467,0,0,0.3195982402356859,False,0.9937532652278378,False,-5.780737204992121,False,1.201672802647472,0.5903719912472647,False
49,0.0,0.0,217.0,0.0,61.0,0.0,False,User Group Created by Badblood github.com/davidprowe/badblood,"CN=AU-551-DISTLIST1,OU=ESM,OU=TIER 1,DC=MYLAB,DC=LOCAL",False,False,MYLAB.LOCAL,S-1-5-21-1333368235-828418111-1849936505,False,2025-03-16T21:35:36.886857315Z,STRATEGY-DEPARTMENT-01@MYLAB.LOCAL,S-1-5-21-1333368235-828418111-1849936505-3628,AU-551-distlist1,1742159167.0,0.0,0.0,0.0,False,0.0,0.0,0,0,[],278.0,,,,0.0,0.4988505747126436,0.0,0.023497688751926,1.0,0.0,0.0,299.17423961207464,299.17423961207464,0.1600303491510786,1.5223482634645698,0.2081832026503753,0.1527909072921933,0,0,0.3165839203330259,False,0.9626316129413371,False,-5.863607496099423,False,1.3261216339195423,0.6665207877461706,False
50,0.0,0.0,218.0,0.0,22.0,0.0,False,User Group Created by Badblood github.com/davidprowe/badblood,"CN=LI-LOK-DISTLIST1,OU=SEC,OU=TIER 1,DC=MYLAB,DC=LOCAL",False,False,MYLAB.LOCAL,S-1-5-21-1333368235-828418111-1849936505,False,2025-03-16T21:35:36.886857315Z,CUSTOMER-SERVICE-GROUP@MYLAB.LOCAL,S-1-5-21-1333368235-828418111-1849936505-3629,LI-lok-distlist1,1742159168.0,0.0,0.0,0.0,False,0.0,0.0,0,0,[],240.0,,,,0.0,0.5011494252873563,0.0,0.0084745762711864,1.0,0.0,0.0,303.6729895331312,303.6729895331312,0.1541946284531866,1.5096240015585427,0.2064431424693164,0.131905819245059,0,0,0.3186650939184733,False,0.9758677245493252,False,-5.586727025680571,False,1.7197461512997092,0.5212253829321662,False
51,0.0,0.0,260.0,0.0,191.0,0.0,False,User Group Created by Badblood github.com/davidprowe/badblood,"CN=JA-06.-DISTLIST1,OU=TEST,OU=SEC,OU=TIER 2,DC=MYLAB,DC=LOCAL",False,False,MYLAB.LOCAL,S-1-5-21-1333368235-828418111-1849936505,False,2025-03-16T21:35:36.886857315Z,PRODUCT-TEAM-01@MYLAB.LOCAL,S-1-5-21-1333368235-828418111-1849936505-3630,JA-06.-distlist1,1742159168.0,0.0,0.0,0.0,False,0.0,0.0,0,0,[],451.0,,,,0.0,0.5977011494252874,0.0,0.0735747303543913,1.0,0.0,0.0,332.4615639256554,332.4615639256554,0.1168504589853716,1.6712758797796787,0.2285492574301181,0.2478730186646734,0,0,0.3545936982364572,False,1.3185374807194623,False,-6.202066931639838,False,4.118936029984832,0.3733041575492341,False
53,0.0,0.0,217.0,0.0,36.0,0.0,False,User Group Created by Badblood github.com/davidprowe/badblood,"CN=BI-TITANICSE-DISTLIST1,OU=GROUPS,OU=HRE,OU=TIER 1,DC=MYLAB,DC=LOCAL",False,False,MYLAB.LOCAL,S-1-5-21-1333368235-828418111-1849936505,False,2025-03-16T21:35:36.886857315Z,RESEARCH-ANNOUNCE@MYLAB.LOCAL,S-1-5-21-1333368235-828418111-1849936505-3632,BI-titanicse-distlist1,1742159168.0,0.0,0.0,0.0,False,0.0,0.0,0,0,[],253.0,,,,0.0,0.4988505747126436,0.0,0.0138674884437596,1.0,0.0,0.0,303.88940665907467,303.88940665907467,0.153913894933118,1.5127180631564032,0.2068662596154379,0.1390507177874997,0,0,0.3172250318598786,False,1.135859680338701,False,-5.879634194348405,False,1.0072850392897097,0.5776805251641137,False
54,0.0,0.0,274.0,0.0,23.0,0.0,False,User Group Created by Badblood github.com/davidprowe/badblood,"CN=SO-160-DISTLIST1,OU=GROUPS,OU=ITS,OU=TIER 2,DC=MYLAB,DC=LOCAL",False,False,MYLAB.LOCAL,S-1-5-21-1333368235-828418111-1849936505,False,2025-03-16T21:35:36.886857315Z,HR-DEPARTMENT@MYLAB.LOCAL,S-1-5-21-1333368235-828418111-1849936505-3633,SO-160-distlist1,1742159169.0,0.0,0.0,0.0,False,0.0,0.0,0,0,[],297.0,,,,0.0,0.6298850574712643,0.0,0.008859784283513,1.0,0.0,0.0,323.97083707196714,323.97083707196714,0.1278645209602986,1.6387448417547774,0.224100593583547,0.1632334513157605,0,0,0.3271269735567918,False,0.9777170090038284,False,-5.70063252749359,False,1.7786760226778746,0.4971553610503282,False
55,0.0,0.0,218.0,0.0,90.0,0.0,False,User Group Created by Badblood github.com/davidprowe/badblood,"CN=TR-CACHORRA0-DISTLIST1,OU=TST,OU=STAGE,DC=MYLAB,DC=LOCAL",False,False,MYLAB.LOCAL,S-1-5-21-1333368235-828418111-1849936505,False,2025-03-16T21:35:36.886857315Z,SALES-CONTRIBUTORS@MYLAB.LOCAL,S-1-5-21-1333368235-828418111-1849936505-3634,TR-cachorra0-distlist1,1742159169.0,0.0,0.0,0.0,False,0.0,0.0,0,0,[],308.0,,,,0.0,0.5011494252873563,0.0,0.034668721109399,1.0,0.0,0.0,297.0084268303324,297.0084268303324,0.1628398137134483,1.5358181463967553,0.2100252275243462,0.1692791346978257,0,0,0.362177836110961,False,2.5697389988843,False,-6.421660622364475,False,1.558399288266068,0.4148796498905908,False
56,0.0,3363.0,168.0,0.0,52.0,0.0,False,User Group Created by Badblood github.com/davidprowe/badblood,"CN=RO-ARJ-DISTLIST1,OU=GROUPS,OU=ESM,OU=STAGE,DC=MYLAB,DC=LOCAL",False,False,MYLAB.LOCAL,S-1-5-21-1333368235-828418111-1849936505,False,2025-03-16T21:35:39.799Z,SERVER-ADMINS@MYLAB.LOCAL,S-1-5-21-1333368235-828418111-1849936505-3635,RO-arj-distlist1,1742159169.0,0.0,0.0,0.0,False,5.0,6.0,"                             label       kind  \
id                                              
1002             USERS@MYLAB.LOCAL  Container   
1019       LOUIS_TYLER@MYLAB.LOCAL       User   
128      DOMAIN ADMINS@MYLAB.LOCAL      Group   
477      JENNA_HARDING@MYLAB.LOCAL       User   
872   RO-ARJ-DISTLIST1@MYLAB.LOCAL      Group   

                                           objectId  isTierZero  \
id                                                                
1002           643CE9DD-6D50-4B82-8DA1-994C82A16D6C       False   
1019  S-1-5-21-1333368235-828418111-1849936505-3276        True   
128    S-1-5-21-1333368235-828418111-1849936505-512        True   
477   S-1-5-21-1333368235-828418111-1849936505-1447        True   
872   S-1-5-21-1333368235-828418111-1849936505-3635       False   

      isOwnedObject                        lastSeen  
id                                                   
1002          False        2025-03-16T21:35:40.053Z  
1019          False        2025-03-16T21:35:40.117Z  
128           False        2025-03-16T21:35:40.428Z  
477           False  2025-03-16T21:35:31.048103438Z  
872           False        2025-03-16T21:35:39.799Z  ","  source target       label        kind                        lastSeen
0    872   1002  GenericAll  GenericAll  2025-03-16T21:35:38.232994191Z
1   1002    128    Contains    Contains   2025-03-16T21:35:36.88777499Z
2    872   1019  GenericAll  GenericAll  2025-03-16T21:35:35.889597893Z
3   1019    128    MemberOf    MemberOf   2025-03-16T21:35:36.88777499Z
4    872    477  GenericAll  GenericAll  2025-03-16T21:35:31.049135433Z
5    477    128    MemberOf    MemberOf   2025-03-16T21:35:36.88777499Z","['643CE9DD-6D50-4B82-8DA1-994C82A16D6C'
 'S-1-5-21-1333368235-828418111-1849936505-3276'
 'S-1-5-21-1333368235-828418111-1849936505-512'
 'S-1-5-21-1333368235-828418111-1849936505-1447'
 'S-1-5-21-1333368235-828418111-1849936505-3635']",3950.0,,,,0.9414893617021276,0.3862068965517241,0.2,0.0200308166409861,1.0,361.0,0.5034867503486751,3411.6154268897208,48.615426889720766,0.4850520274175762,3.051213825243513,0.4172576547397105,2.1709499417415965,0,0,0.7298329188317705,True,4.614332691241104,True,-5.502235383620914,False,3.198549900379601,0.1216630196936542,False
57,0.0,0.0,217.0,0.0,58.0,12.0,False,User Group Created by Badblood github.com/davidprowe/badblood,"CN=AM-DOS-DISTLIST1,OU=TEST,OU=AZR,OU=TIER 1,DC=MYLAB,DC=LOCAL",False,False,MYLAB.LOCAL,S-1-5-21-1333368235-828418111-1849936505,False,2025-03-16T21:35:36.886857315Z,RESEARCH-MEMBERS@MYLAB.LOCAL,S-1-5-21-1333368235-828418111-1849936505-3636,AM-dos-distlist1,1742159169.0,0.0,0.0,0.0,False,0.0,0.0,0,0,[],275.0,,,,0.0,0.4988505747126436,0.0,0.022342064714946,1.0,0.0,0.0,321.87036033809943,321.87036033809943,0.1305892324393474,1.5211926394275896,0.2080251694861828,0.1511420845516301,0,0,0.3165018851163036,False,0.9648806724664738,False,-5.858099973622542,False,1.2928031621134246,0.6673960612691466,False
58,0.0,0.0,219.0,0.0,27.0,0.0,False,User Group Created by Badblood github.com/davidprowe/badblood,"CN=TE-TONTOJUAN-ADMINGROUP1,OU=T1-ROLES,OU=TIER 1,OU=ADMIN,DC=MYLAB,DC=LOCAL",False,False,MYLAB.LOCAL,S-1-5-21-1333368235-828418111-1849936505,False,2025-03-16T21:35:36.886857315Z,LEGAL-EMPLOYEES@MYLAB.LOCAL,S-1-5-21-1333368235-828418111-1849936505-3637,TE-tontojuan-admingroup1,1742159169.0,0.0,0.0,0.0,False,0.0,0.0,0,0,[],246.0,,,,0.0,0.503448275862069,0.0,0.0104006163328197,1.0,0.0,0.0,229.76123559907268,229.76123559907268,0.2500720076850561,1.5138488921948887,0.2070209020297474,0.1352034647261855,0,0,0.317895775130096,False,0.9497370568172228,False,-5.853597374000311,False,1.0396242486342295,0.6778993435448578,False
59,0.0,0.0,218.0,0.0,57.0,0.0,False,User Group Created by Badblood github.com/davidprowe/badblood,"CN=GA-FUC-ADMINGROUP1,OU=DEVICES,OU=FSR,OU=STAGE,DC=MYLAB,DC=LOCAL",False,False,MYLAB.LOCAL,S-1-5-21-1333368235-828418111-1849936505,False,2025-03-16T21:35:36.886857315Z,LOGISTICS-GROUP-01@MYLAB.LOCAL,S-1-5-21-1333368235-828418111-1849936505-3638,GA-fuc-admingroup1,1742159170.0,0.0,0.0,0.0,False,0.0,0.0,0,0,[],275.0,,,,0.0,0.5011494252873563,0.0,0.0219568567026194,1.0,0.0,0.0,279.9290681768071,279.9290681768071,0.1849949387037456,1.5231062819899757,0.2082868627182288,0.1511420845516301,0,0,0.3337229779925814,False,1.4315423863383103,False,-5.607693646701256,False,1.947237009447941,0.3045951859956236,False
60,0.0,0.0,386.0,0.0,30.0,0.0,False,User Group Created by Badblood github.com/davidprowe/badblood,"CN=RU-358965125-DISTLIST1,OU=SERVICEACCOUNTS,OU=TST,OU=TIER 1,DC=MYLAB,DC=LOCAL",False,False,MYLAB.LOCAL,S-1-5-21-1333368235-828418111-1849936505,False,2025-03-16T21:35:36.886857315Z,DESIGN-USERS@MYLAB.LOCAL,S-1-5-21-1333368235-828418111-1849936505-3639,RU-358965125-distlist1,1742159170.0,0.0,0.0,0.0,False,0.0,0.0,0,0,[],416.0,,,,0.0,0.8873563218390804,0.0,0.0115562403697996,1.0,0.0,0.0,273.28250392062324,273.28250392062324,0.1936167766099015,1.89891256220888,0.2596788844189957,0.2286367533581023,0,0,0.3748434616263348,False,0.979331077235685,False,-5.400681745572115,False,5.237315539447508,0.3312910284463895,False
61,0.0,0.0,217.0,0.0,40.0,0.0,False,User Group Created by Badblood github.com/davidprowe/badblood,"CN=GA-MER-DISTLIST1,OU=SERVICEACCOUNTS,OU=HRE,OU=TIER 1,DC=MYLAB,DC=LOCAL",False,False,MYLAB.LOCAL,S-1-5-21-1333368235-828418111-1849936505,False,2025-03-16T21:35:36.886857315Z,COMMUNICATIONS-CONTRIBUTORS@MYLAB.LOCAL,S-1-5-21-1333368235-828418111-1849936505-3640,GA-mer-distlist1,1742159170.0,0.0,0.0,0.0,False,0.0,0.0,0,0,[],257.0,,,,0.0,0.4988505747126436,0.0,0.0154083204930662,1.0,0.0,0.0,265.8507194968248,265.8507194968248,0.2032571920464736,1.51425889520571,0.2070769705010279,0.1412491481082507,0,0,0.3218488427579614,False,1.3407229765412287,False,-5.965972410296141,False,0.8113972705082741,0.5544857768052516,False
62,0.0,253.0,221.0,0.0,21.0,10.0,False,User Group Created by Badblood github.com/davidprowe/badblood,"CN=CH-RAD-DISTLIST1,OU=SERVICEACCOUNTS,OU=FSR,OU=STAGE,DC=MYLAB,DC=LOCAL",False,False,MYLAB.LOCAL,S-1-5-21-1333368235-828418111-1849936505,False,2025-03-16T21:35:40.097Z,QUALITY-TEAM@MYLAB.LOCAL,S-1-5-21-1333368235-828418111-1849936505-3641,CH-rad-distlist1,1742159170.0,0.0,0.0,0.0,False,7.0,8.0,"                             label       kind  \
id                                              
1002             USERS@MYLAB.LOCAL  Container   
1019       LOUIS_TYLER@MYLAB.LOCAL       User   
128      DOMAIN ADMINS@MYLAB.LOCAL      Group   
2887  CH-RAD-DISTLIST1@MYLAB.LOCAL      Group   
477      JENNA_HARDING@MYLAB.LOCAL       User   
870   DE-DAS-DISTLIST1@MYLAB.LOCAL      Group   
873   JE-SIE-DISTLIST1@MYLAB.LOCAL      Group   

                                           objectId  isTierZero  \
id                                                                
1002           643CE9DD-6D50-4B82-8DA1-994C82A16D6C       False   
1019  S-1-5-21-1333368235-828418111-1849936505-3276        True   
128    S-1-5-21-1333368235-828418111-1849936505-512        True   
2887  S-1-5-21-1333368235-828418111-1849936505-3641       False   
477   S-1-5-21-1333368235-828418111-1849936505-1447        True   
870   S-1-5-21-1333368235-828418111-1849936505-3600       False   
873   S-1-5-21-1333368235-828418111-1849936505-3769       False   

      isOwnedObject                        lastSeen  
id                                                   
1002          False        2025-03-16T21:35:40.053Z  
1019          False        2025-03-16T21:35:40.117Z  
128           False        2025-03-16T21:35:40.428Z  
2887          False        2025-03-16T21:35:40.097Z  
477           False  2025-03-16T21:35:31.048103438Z  
870           False        2025-03-16T21:35:39.799Z  
873           False        2025-03-16T21:35:39.799Z  ","  source target       label        kind                        lastSeen
0   2887    873    MemberOf    MemberOf   2025-03-16T21:35:36.88777499Z
1    873    870  GenericAll  GenericAll   2025-03-16T21:35:36.88777499Z
2    870   1019  GenericAll  GenericAll  2025-03-16T21:35:35.889597893Z
3   1019    128    MemberOf    MemberOf   2025-03-16T21:35:36.88777499Z
4    870    477  GenericAll  GenericAll  2025-03-16T21:35:31.049135433Z
5    477    128    MemberOf    MemberOf   2025-03-16T21:35:36.88777499Z
6    870   1002  GenericAll  GenericAll  2025-03-16T21:35:38.232994191Z
7   1002    128    Contains    Contains   2025-03-16T21:35:36.88777499Z","['643CE9DD-6D50-4B82-8DA1-994C82A16D6C'
 'S-1-5-21-1333368235-828418111-1849936505-3276'
 'S-1-5-21-1333368235-828418111-1849936505-512'
 'S-1-5-21-1333368235-828418111-1849936505-3641'
 'S-1-5-21-1333368235-828418111-1849936505-1447'
 'S-1-5-21-1333368235-828418111-1849936505-3600'
 'S-1-5-21-1333368235-828418111-1849936505-3769']",510.0,,,,0.0708286674132138,0.5080459770114942,0.2666666666666666,0.0080893682588597,1.0,7.0,0.00976290097629,281.8929819393865,28.89298193938652,0.5106357300526116,1.8633935803265245,0.2548216151721276,0.2802998658957504,0,0,0.4924106850480163,False,1.5041794444033263,False,-5.675629582634148,False,1.4657847514049458,0.2849015317286652,True
63,0.0,0.0,386.0,0.0,31.0,0.0,False,User Group Created by Badblood github.com/davidprowe/badblood,"CN=CA-CON-DISTLIST1,OU=TST,OU=TIER 1,DC=MYLAB,DC=LOCAL",False,False,MYLAB.LOCAL,S-1-5-21-1333368235-828418111-1849936505,False,2025-03-16T21:35:36.886857315Z,CUSTOMER-SERVICE-ANNOUNCE@MYLAB.LOCAL,S-1-5-21-1333368235-828418111-1849936505-3642,CA-con-distlist1,1742159171.0,0.0,0.0,0.0,False,0.0,0.0,0,0,[],417.0,,,,0.0,0.8873563218390804,0.0,0.0119414483821263,1.0,0.0,0.0,359.961076696042,359.961076696042,0.0811784437206509,1.8992977702212064,0.2597315621403932,0.2291863609382901,0,0,0.3884381707959271,False,0.9867103407142752,False,-5.286080110796774,False,5.3598917131841874,0.2940919037199124,False
64,0.0,2890.0,5.0,0.0,3.0,0.0,True,User Group Created by Badblood github.com/davidprowe/badblood,"CN=BR-NOR-DISTLIST1,OU=GOO,OU=STAGE,DC=MYLAB,DC=LOCAL",False,False,MYLAB.LOCAL,S-1-5-21-1333368235-828418111-1849936505,False,2025-03-16T21:35:36.886857315Z,KEY-ADMINS@MYLAB.LOCAL,S-1-5-21-1333368235-828418111-1849936505-3644,BR-nor-distlist1,1742159171.0,0.0,0.0,0.0,True,0.0,0.0,0,0,[],269.0,,,,0.0,0.4988505747126436,0.0,0.0200308166409861,1.0,450.0,0.0,2764.887403782326,-125.11259621767384,0.7104097908056715,1.5188813913536297,0.2077091031577979,0.1478444390705036,0,0,0.3181798773586434,False,1.0820918309894227,False,-5.755391645908282,False,1.4958771448269,0.5045951859956237,False
65,0.0,0.0,315.0,0.0,154.0,2.0,False,User Group Created by Badblood github.com/davidprowe/badblood,"CN=TR-MINOUTINA-ADMINGROUP1,OU=SERVICEACCOUNTS,OU=AWS,OU=TIER 1,DC=MYLAB,DC=LOCAL",False,False,MYLAB.LOCAL,S-1-5-21-1333368235-828418111-1849936505,False,2025-03-16T21:35:36.886857315Z,COMMUNICATIONS-DEPARTMENT@MYLAB.LOCAL,S-1-5-21-1333368235-828418111-1849936505-3645,TR-minoutina-admingroup1,1742159171.0,0.0,0.0,0.0,False,0.0,0.0,0,0,[],469.0,,,,0.0,0.7241379310344828,0.0,0.059322033898305,1.0,0.0,0.0,336.73303567245705,336.73303567245705,0.1113095606201169,1.7834599649327878,0.2438905841778004,0.2577659551080528,0,0,0.3675064528634986,False,1.7892277082398234,False,-6.057606559072773,False,4.126989395554652,0.3321663019693654,False
66,0.0,0.0,386.0,0.0,17.0,0.0,False,User Group Created by Badblood github.com/davidprowe/badblood,"CN=AL-927-ADMINGROUP1,OU=GROUPS,OU=TST,OU=TIER 1,DC=MYLAB,DC=LOCAL",False,False,MYLAB.LOCAL,S-1-5-21-1333368235-828418111-1849936505,False,2025-03-16T21:35:36.886857315Z,COMMUNICATIONS-ALL@MYLAB.LOCAL,S-1-5-21-1333368235-828418111-1849936505-3646,AL-927-admingroup1,1742159172.0,0.0,0.0,0.0,False,0.0,0.0,0,0,[],403.0,,,,0.0,0.8873563218390804,0.0,0.0065485362095531,1.0,0.0,0.0,219.8063054773502,219.8063054773502,0.2629854153598177,1.8939048580486333,0.2589940740408282,0.2214918548156616,0,0,0.3954111122508541,False,0.9741175816011758,False,-5.195265964849368,False,5.4133864418240325,0.2989059080962801,False
67,0.0,0.0,296.0,0.0,20.0,0.0,False,User Group Created by Badblood github.com/davidprowe/badblood,"CN=EU-TON-ADMINGROUP1,OU=SERVICEACCOUNTS,OU=ITS,OU=TIER 2,DC=MYLAB,DC=LOCAL",False,False,MYLAB.LOCAL,S-1-5-21-1333368235-828418111-1849936505,False,2025-03-16T21:35:36.886857315Z,PRODUCT-ALL@MYLAB.LOCAL,S-1-5-21-1333368235-828418111-1849936505-3647,EU-ton-admingroup1,1742159172.0,0.0,0.0,0.0,False,0.0,0.0,0,0,[],316.0,,,,0.0,0.6804597701149425,0.0,0.0077041602465331,1.0,0.0,0.0,279.25807531005995,279.25807531005995,0.1858653420445239,1.6881639303614755,0.2308587213951104,0.1736759953393277,0,0,0.3363875931221209,False,1.066454660356658,False,-5.5972877912652,False,2.501331246492516,0.3304157549234136,False
68,0.0,0.0,219.0,0.0,17.0,0.0,False,User Group Created by Badblood github.com/davidprowe/badblood,"CN=KA-LOR-DISTLIST1,OU=SERVICEACCOUNTS,OU=TST,OU=TIER 2,DC=MYLAB,DC=LOCAL",False,False,MYLAB.LOCAL,S-1-5-21-1333368235-828418111-1849936505,False,2025-03-16T21:35:36.886857315Z,OPERATIONS-STAFF@MYLAB.LOCAL,S-1-5-21-1333368235-828418111-1849936505-3648,KA-lor-distlist1,1742159172.0,0.0,0.0,0.0,False,0.0,0.0,0,0,[],236.0,,,,0.0,0.503448275862069,0.0,0.0065485362095531,1.0,0.0,0.0,301.2059984397754,301.2059984397754,0.1573947776585531,1.509996812071622,0.2064941248157724,0.129707388924308,0,0,0.3186509222106493,False,1.2569858295315477,False,-5.605993016692597,False,1.6511888475402927,0.4105032822757112,False
69,0.0,0.0,219.0,0.0,123.0,0.0,False,User Group Created by Badblood github.com/davidprowe/badblood,"CN=SA-INM-ADMINGROUP1,OU=DEVICES,OU=SEC,OU=TIER 1,DC=MYLAB,DC=LOCAL",False,False,MYLAB.LOCAL,S-1-5-21-1333368235-828418111-1849936505,False,2025-03-16T21:35:36.886857315Z,LOGISTICS-CONTRIBUTORS@MYLAB.LOCAL,S-1-5-21-1333368235-828418111-1849936505-3649,SA-Inm-admingroup1,1742159173.0,0.0,0.0,0.0,False,0.0,0.0,0,0,[],342.0,,,,0.0,0.503448275862069,0.0,0.0473805855161787,1.0,0.0,0.0,319.8827657436336,319.8827657436336,0.1331675146549585,1.5508288613782475,0.212077963283907,0.1879657924242091,0,0,0.3251937058458171,False,1.0331655054097129,False,-6.068311696374109,False,2.3075531119492814,0.512910284463895,False
70,0.0,0.0,247.0,0.0,23.0,0.0,False,User Group Created by Badblood github.com/davidprowe/badblood,"CN=SH-ALLISONRO-DISTLIST1,OU=SEC,OU=STAGE,DC=MYLAB,DC=LOCAL",False,False,MYLAB.LOCAL,S-1-5-21-1333368235-828418111-1849936505,False,2025-03-16T21:35:36.886857315Z,SALES-ALL-01@MYLAB.LOCAL,S-1-5-21-1333368235-828418111-1849936505-3650,SH-allisonro-distlist1,1742159173.0,0.0,0.0,0.0,False,0.0,0.0,0,0,[],270.0,,,,0.0,0.5678160919540229,0.0,0.008859784283513,1.0,0.0,0.0,325.3959763731524,325.3959763731524,0.1260158485372374,1.576675876237536,0.2156125778405739,0.1483940466506914,0,0,0.3284583139640618,False,1.724618605036301,False,-5.8192901579930165,False,1.0265501512552084,0.4459518599562363,False
71,0.0,0.0,220.0,0.0,398.0,0.0,False,User Group Created by Badblood github.com/davidprowe/badblood,"CN=SU-ORL-DISTLIST1,OU=TEST,OU=OGC,OU=TIER 2,DC=MYLAB,DC=LOCAL",False,False,MYLAB.LOCAL,S-1-5-21-1333368235-828418111-1849936505,False,2025-03-16T21:35:36.886857315Z,HR-ALL@MYLAB.LOCAL,S-1-5-21-1333368235-828418111-1849936505-3651,SU-orl-distlist1,1742159173.0,0.0,0.0,0.0,False,0.0,0.0,0,0,[],618.0,,,,0.0,0.5057471264367817,0.0,0.1533127889060092,1.0,0.0,0.0,329.0178410374873,329.0178410374873,0.1213176121476808,1.659059915342791,0.2268787076216619,0.339657484556027,0,0,0.4126129672050206,False,2.67254613031481,False,-4.908540687355896,True,9.942958684057368,0.0673960612691466,False
72,0.0,0.0,221.0,0.0,64.0,12.0,False,User Group Created by Badblood github.com/davidprowe/badblood,"CN=AR-HAPPYLIFE-DISTLIST1,OU=TEST,OU=FSR,OU=TIER 2,DC=MYLAB,DC=LOCAL",False,False,MYLAB.LOCAL,S-1-5-21-1333368235-828418111-1849936505,False,2025-03-16T21:35:36.886857315Z,MARKETING-ANNOUNCE@MYLAB.LOCAL,S-1-5-21-1333368235-828418111-1849936505-3652,AR-happylife-distlist1,1742159173.0,0.0,0.0,0.0,False,0.0,0.0,0,0,[],285.0,,,,0.0,0.5080459770114942,0.0,0.024653312788906,1.0,0.0,0.0,278.6476715112159,278.6476715112159,0.1866571500235168,1.5326992898004002,0.2095987196283416,0.1566381603535076,0,0,0.3280340337460572,False,1.1761768983012828,False,-6.145919645065286,False,0.6396247192301105,0.5772428884026258,False
73,0.0,0.0,217.0,0.0,25.0,13.0,False,User Group Created by Badblood github.com/davidprowe/badblood,"CN=TR-PAT-DISTLIST1,OU=GROUPER-GROUPS,DC=MYLAB,DC=LOCAL",False,False,MYLAB.LOCAL,S-1-5-21-1333368235-828418111-1849936505,False,2025-03-16T21:35:40.097Z,TRAINING-ANNOUNCE-03@MYLAB.LOCAL,S-1-5-21-1333368235-828418111-1849936505-3653,TR-pat-distlist1,1742159174.0,0.0,0.0,0.0,False,0.0,0.0,0,0,[],242.0,,,,0.0,0.4988505747126436,0.0,0.0096302003081664,1.0,0.0,0.0,273.636257494128,273.636257494128,0.1931578920114951,1.50848077502081,0.2062868046800655,0.1330050344054345,0,0,0.326537558084442,False,1.10442098950471,False,-5.963417319403562,False,0.9620868785181116,0.5588621444201313,False
74,0.0,24.0,218.0,0.0,26.0,0.0,False,User Group Created by Badblood github.com/davidprowe/badblood,"CN=AL-CET-DISTLIST1,OU=SERVICEACCOUNTS,OU=AZR,OU=TIER 1,DC=MYLAB,DC=LOCAL",False,False,MYLAB.LOCAL,S-1-5-21-1333368235-828418111-1849936505,False,2025-03-16T21:35:39.799Z,LOGISTICS-DEPARTMENT@MYLAB.LOCAL,S-1-5-21-1333368235-828418111-1849936505-3654,AL-cet-distlist1,1742159174.0,0.0,0.0,0.0,False,15.0,29.0,"                                   label       kind  \
id                                                    
0             ADMINISTRATORS@MYLAB.LOCAL      Group   
1002                   USERS@MYLAB.LOCAL  Container   
1019             LOUIS_TYLER@MYLAB.LOCAL       User   
1023            ANDREA_TYLER@MYLAB.LOCAL       User   
128            DOMAIN ADMINS@MYLAB.LOCAL      Group   
1855            JAMI_DEJESUS@MYLAB.LOCAL       User   
2334            2203478769SA@MYLAB.LOCAL       User   
477            JENNA_HARDING@MYLAB.LOCAL       User   
869         DA-EST-DISTLIST1@MYLAB.LOCAL      Group   
870         DE-DAS-DISTLIST1@MYLAB.LOCAL      Group   
871   MA-VACACIONE-DISTLIST1@MYLAB.LOCAL      Group   
872         RO-ARJ-DISTLIST1@MYLAB.LOCAL      Group   
877         TA-24D-DISTLIST1@MYLAB.LOCAL      Group   
880         AL-CET-DISTLIST1@MYLAB.LOCAL      Group   
889         PA-COM-DISTLIST1@MYLAB.LOCAL      Group   

                                           objectId  isTierZero  \
id                                                                
0                          MYLAB.LOCAL-S-1-5-32-544        True   
1002           643CE9DD-6D50-4B82-8DA1-994C82A16D6C       False   
1019  S-1-5-21-1333368235-828418111-1849936505-3276        True   
1023  S-1-5-21-1333368235-828418111-1849936505-2378        True   
128    S-1-5-21-1333368235-828418111-1849936505-512        True   
1855  S-1-5-21-1333368235-828418111-1849936505-2509       False   
2334  S-1-5-21-1333368235-828418111-1849936505-3013       False   
477   S-1-5-21-1333368235-828418111-1849936505-1447        True   
869   S-1-5-21-1333368235-828418111-1849936505-3782       False   
870   S-1-5-21-1333368235-828418111-1849936505-3600       False   
871   S-1-5-21-1333368235-828418111-1849936505-3890       False   
872   S-1-5-21-1333368235-828418111-1849936505-3635       False   
877   S-1-5-21-1333368235-828418111-1849936505-4033       False   
880   S-1-5-21-1333368235-828418111-1849936505-3654       False   
889   S-1-5-21-1333368235-828418111-1849936505-3962       False   

      isOwnedObject                        lastSeen  
id                                                   
0             False        2025-03-16T21:35:40.441Z  
1002          False        2025-03-16T21:35:40.053Z  
1019          False        2025-03-16T21:35:40.117Z  
1023          False        2025-03-16T21:35:40.117Z  
128           False        2025-03-16T21:35:40.428Z  
1855          False  2025-03-16T21:35:34.828284598Z  
2334          False        2025-03-16T21:35:40.117Z  
477           False  2025-03-16T21:35:31.048103438Z  
869           False        2025-03-16T21:35:39.799Z  
870           False        2025-03-16T21:35:39.799Z  
871           False        2025-03-16T21:35:39.799Z  
872           False        2025-03-16T21:35:39.799Z  
877           False        2025-03-16T21:35:40.428Z  
880           False        2025-03-16T21:35:39.799Z  
889           False        2025-03-16T21:35:39.799Z  ","   source target         label          kind                        lastSeen
0     880   2334    GenericAll    GenericAll  2025-03-16T21:35:34.964043338Z
1    2334    889      MemberOf      MemberOf   2025-03-16T21:35:36.88777499Z
2     889   1023    GenericAll    GenericAll  2025-03-16T21:35:34.829357333Z
3    1023      0      MemberOf      MemberOf  2025-03-16T21:35:38.201365484Z
4       0    128    WriteOwner    WriteOwner   2025-03-16T21:35:36.88777499Z
5     889    870    GenericAll    GenericAll   2025-03-16T21:35:36.88777499Z
6     870    477    GenericAll    GenericAll  2025-03-16T21:35:31.049135433Z
7     477    128      MemberOf      MemberOf   2025-03-16T21:35:36.88777499Z
8     880   1855    GenericAll    GenericAll  2025-03-16T21:35:34.829357333Z
9    1855    889      MemberOf      MemberOf   2025-03-16T21:35:36.88777499Z
10    889    869    GenericAll    GenericAll   2025-03-16T21:35:36.88777499Z
11    869   1019    GenericAll    GenericAll  2025-03-16T21:35:35.889597893Z
12   1019    128      MemberOf      MemberOf   2025-03-16T21:35:36.88777499Z
13      0    128     WriteDacl     WriteDacl   2025-03-16T21:35:36.88777499Z
14    870   1019    GenericAll    GenericAll  2025-03-16T21:35:35.889597893Z
15    889    871    GenericAll    GenericAll   2025-03-16T21:35:36.88777499Z
16    871    477    GenericAll    GenericAll  2025-03-16T21:35:31.049135433Z
17    889    872    GenericAll    GenericAll   2025-03-16T21:35:36.88777499Z
18    872    477    GenericAll    GenericAll  2025-03-16T21:35:31.049135433Z
19    870   1002    GenericAll    GenericAll  2025-03-16T21:35:38.232994191Z
20   1002    128      Contains      Contains   2025-03-16T21:35:36.88777499Z
21    872   1002    GenericAll    GenericAll  2025-03-16T21:35:38.232994191Z
22    871   1002    GenericAll    GenericAll  2025-03-16T21:35:38.232994191Z
23    871   1019    GenericAll    GenericAll  2025-03-16T21:35:35.889597893Z
24    889    877    GenericAll    GenericAll   2025-03-16T21:35:36.88777499Z
25    877   1019    GenericAll    GenericAll  2025-03-16T21:35:35.889597893Z
26      0    128  GenericWrite  GenericWrite   2025-03-16T21:35:36.88777499Z
27    869    477    GenericAll    GenericAll  2025-03-16T21:35:31.049135433Z
28    872   1019    GenericAll    GenericAll  2025-03-16T21:35:35.889597893Z","['MYLAB.LOCAL-S-1-5-32-544' '643CE9DD-6D50-4B82-8DA1-994C82A16D6C'
 'S-1-5-21-1333368235-828418111-1849936505-3276'
 'S-1-5-21-1333368235-828418111-1849936505-2378'
 'S-1-5-21-1333368235-828418111-1849936505-512'
 'S-1-5-21-1333368235-828418111-1849936505-2509'
 'S-1-5-21-1333368235-828418111-1849936505-3013'
 'S-1-5-21-1333368235-828418111-1849936505-1447'
 'S-1-5-21-1333368235-828418111-1849936505-3782'
 'S-1-5-21-1333368235-828418111-1849936505-3600'
 'S-1-5-21-1333368235-828418111-1849936505-3890'
 'S-1-5-21-1333368235-828418111-1849936505-3635'
 'S-1-5-21-1333368235-828418111-1849936505-4033'
 'S-1-5-21-1333368235-828418111-1849936505-3654'
 'S-1-5-21-1333368235-828418111-1849936505-3962']",307.0,,,,0.0067189249720044,0.5011494252873563,0.9666666666666668,0.010015408320493,1.0,10.0,0.0139470013947001,331.86823486712944,307.86823486712944,0.1487526100129621,2.4984974266412205,0.3416729329123028,0.168729527117638,0,0,0.5238922160108185,False,2.2216106596695337,False,-5.674338125313886,False,1.6267919415958303,0.2450765864332603,False
75,0.0,0.0,219.0,0.0,19.0,0.0,False,User Group Created by Badblood github.com/davidprowe/badblood,"CN=DA-SEI-ADMINGROUP1,OU=GROUPS,OU=SEC,OU=TIER 2,DC=MYLAB,DC=LOCAL",False,False,MYLAB.LOCAL,S-1-5-21-1333368235-828418111-1849936505,False,2025-03-16T21:35:36.886857315Z,QUALITY-STAFF@MYLAB.LOCAL,S-1-5-21-1333368235-828418111-1849936505-3655,DA-sei-admingroup1,1742159174.0,0.0,0.0,0.0,False,0.0,0.0,0,0,[],238.0,,,,0.0,0.503448275862069,0.0,0.0073189522342064,1.0,0.0,0.0,285.5905854406631,285.5905854406631,0.1776508911221015,1.5107672280962754,0.2065994802585674,0.1308066040846835,0,0,0.3165144499199394,False,1.1365572583306984,False,-5.615851341440382,False,1.627232849534952,0.4577680525164114,False
76,0.0,0.0,219.0,0.0,128.0,0.0,False,User Group Created by Badblood github.com/davidprowe/badblood,"CN=DO-BRI-DISTLIST1,OU=TST,OU=TIER 2,DC=MYLAB,DC=LOCAL",False,False,MYLAB.LOCAL,S-1-5-21-1333368235-828418111-1849936505,False,2025-03-16T21:35:36.886857315Z,TRAINING-EMPLOYEES-01@MYLAB.LOCAL,S-1-5-21-1333368235-828418111-1849936505-3656,DO-bri-distlist1,1742159174.0,0.0,0.0,0.0,False,0.0,0.0,0,0,[],347.0,,,,0.0,0.503448275862069,0.0,0.049306625577812,1.0,0.0,0.0,237.7648000352581,237.7648000352581,0.2396898865499054,1.552754901439881,0.2123413518908945,0.1907138303251478,0,0,0.3247294864195398,False,0.995404846248122,False,-5.99725132419966,False,2.52444210225264,0.52472647702407,False
77,0.0,0.0,221.0,0.0,52.0,10.0,False,User Group Created by Badblood github.com/davidprowe/badblood,"CN=SA-PLE-DISTLIST1,OU=HRE,OU=TIER 2,DC=MYLAB,DC=LOCAL",False,False,MYLAB.LOCAL,S-1-5-21-1333368235-828418111-1849936505,False,2025-03-16T21:35:36.886857315Z,RESEARCH-EMPLOYEES-01@MYLAB.LOCAL,S-1-5-21-1333368235-828418111-1849936505-3657,SA-ple-distlist1,1742159175.0,0.0,0.0,0.0,False,0.0,0.0,0,0,[],273.0,,,,0.0,0.5080459770114942,0.0,0.0200308166409861,1.0,0.0,0.0,244.04519684620183,244.04519684620183,0.2315430363573541,1.5280767936524802,0.2089665869715716,0.1500428693912546,0,0,0.3212118735237161,False,1.099396949914166,False,-5.997638744954073,False,0.725603479948991,0.611378555798687,False
78,0.0,21.0,217.0,0.0,17.0,5.0,False,User Group Created by Badblood github.com/davidprowe/badblood,"CN=MA-RA7-DISTLIST1,OU=TEST,OU=AWS,OU=TIER 1,DC=MYLAB,DC=LOCAL",False,False,MYLAB.LOCAL,S-1-5-21-1333368235-828418111-1849936505,False,2025-03-16T21:35:36.886857315Z,PROCUREMENT-TEAM@MYLAB.LOCAL,S-1-5-21-1333368235-828418111-1849936505-3658,MA-ra7-distlist1,1742159175.0,0.0,0.0,0.0,False,12.0,17.0,"                                     label       kind  \
id                                                      
1002                     USERS@MYLAB.LOCAL  Container   
1019               LOUIS_TYLER@MYLAB.LOCAL       User   
128              DOMAIN ADMINS@MYLAB.LOCAL      Group   
1816              6372101301SA@MYLAB.LOCAL       User   
2510             CLAUDE_GIBSON@MYLAB.LOCAL       User   
2602            STEWART_THOMAS@MYLAB.LOCAL       User   
2902          MA-RA7-DISTLIST1@MYLAB.LOCAL      Group   
3120          WE-AZU-DISTLIST1@MYLAB.LOCAL      Group   
477              JENNA_HARDING@MYLAB.LOCAL       User   
870           DE-DAS-DISTLIST1@MYLAB.LOCAL      Group   
872           RO-ARJ-DISTLIST1@MYLAB.LOCAL      Group   
881   BR-EDUFER191-ADMINGROUP1@MYLAB.LOCAL      Group   

                                           objectId  isTierZero  \
id                                                                
1002           643CE9DD-6D50-4B82-8DA1-994C82A16D6C       False   
1019  S-1-5-21-1333368235-828418111-1849936505-3276        True   
128    S-1-5-21-1333368235-828418111-1849936505-512        True   
1816  S-1-5-21-1333368235-828418111-1849936505-2469       False   
2510  S-1-5-21-1333368235-828418111-1849936505-3196       False   
2602  S-1-5-21-1333368235-828418111-1849936505-3290       False   
2902  S-1-5-21-1333368235-828418111-1849936505-3658       False   
3120  S-1-5-21-1333368235-828418111-1849936505-3889       False   
477   S-1-5-21-1333368235-828418111-1849936505-1447        True   
870   S-1-5-21-1333368235-828418111-1849936505-3600       False   
872   S-1-5-21-1333368235-828418111-1849936505-3635       False   
881   S-1-5-21-1333368235-828418111-1849936505-3849       False   

      isOwnedObject                        lastSeen  
id                                                   
1002          False        2025-03-16T21:35:40.053Z  
1019          False        2025-03-16T21:35:40.117Z  
128           False        2025-03-16T21:35:40.428Z  
1816          False        2025-03-16T21:35:40.117Z  
2510          False        2025-03-16T21:35:40.117Z  
2602          False        2025-03-16T21:35:40.117Z  
2902          False  2025-03-16T21:35:36.886857315Z  
3120          False        2025-03-16T21:35:40.097Z  
477           False  2025-03-16T21:35:31.048103438Z  
870           False        2025-03-16T21:35:39.799Z  
872           False        2025-03-16T21:35:39.799Z  
881           False  2025-03-16T21:35:36.886857315Z  ","   source target       label        kind                        lastSeen
0    2902   3120    MemberOf    MemberOf   2025-03-16T21:35:36.88777499Z
1    3120    881    MemberOf    MemberOf   2025-03-16T21:35:36.88777499Z
2     881   2602  GenericAll  GenericAll  2025-03-16T21:35:35.889597893Z
3    2602    872    MemberOf    MemberOf   2025-03-16T21:35:36.88777499Z
4     872   1002  GenericAll  GenericAll  2025-03-16T21:35:38.232994191Z
5    1002    128    Contains    Contains   2025-03-16T21:35:36.88777499Z
6     881   2510  GenericAll  GenericAll  2025-03-16T21:35:35.889597893Z
7    2510    870    MemberOf    MemberOf   2025-03-16T21:35:36.88777499Z
8     870   1019  GenericAll  GenericAll  2025-03-16T21:35:35.889597893Z
9    1019    128    MemberOf    MemberOf   2025-03-16T21:35:36.88777499Z
10    881   1816  GenericAll  GenericAll  2025-03-16T21:35:34.829357333Z
11   1816    870    MemberOf    MemberOf   2025-03-16T21:35:36.88777499Z
12    870    477  GenericAll  GenericAll  2025-03-16T21:35:31.049135433Z
13    477    128    MemberOf    MemberOf   2025-03-16T21:35:36.88777499Z
14    872   1019  GenericAll  GenericAll  2025-03-16T21:35:35.889597893Z
15    870   1002  GenericAll  GenericAll  2025-03-16T21:35:38.232994191Z
16    872    477  GenericAll  GenericAll  2025-03-16T21:35:31.049135433Z","['643CE9DD-6D50-4B82-8DA1-994C82A16D6C'
 'S-1-5-21-1333368235-828418111-1849936505-3276'
 'S-1-5-21-1333368235-828418111-1849936505-512'
 'S-1-5-21-1333368235-828418111-1849936505-2469'
 'S-1-5-21-1333368235-828418111-1849936505-3196'
 'S-1-5-21-1333368235-828418111-1849936505-3290'
 'S-1-5-21-1333368235-828418111-1849936505-3658'
 'S-1-5-21-1333368235-828418111-1849936505-3889'
 'S-1-5-21-1333368235-828418111-1849936505-1447'
 'S-1-5-21-1333368235-828418111-1849936505-3600'
 'S-1-5-21-1333368235-828418111-1849936505-3635'
 'S-1-5-21-1333368235-828418111-1849936505-3849']",275.0,,,,0.0058790593505039,0.4988505747126436,0.5666666666666667,0.0065485362095531,1.0,3.0,0.00418410041841,253.4762122940387,232.4762122940387,0.2465501747378745,2.082128937357777,0.2847339737647706,0.1511420845516301,0,0,0.4944228742754285,False,1.6485216401218,False,-5.354071876804796,False,2.319575691003097,0.1645514223194748,False
79,0.0,0.0,217.0,0.0,21.0,0.0,False,User Group Created by Badblood github.com/davidprowe/badblood,"CN=AL-BARTOLITO-ADMINGROUP1,OU=SERVICEACCOUNTS,OU=ESM,OU=TIER 1,DC=MYLAB,DC=LOCAL",False,False,MYLAB.LOCAL,S-1-5-21-1333368235-828418111-1849936505,False,2025-03-16T21:35:36.886857315Z,SALES-STAFF@MYLAB.LOCAL,S-1-5-21-1333368235-828418111-1849936505-3659,AL-BARTOLITO-admingroup1,1742159175.0,0.0,0.0,0.0,False,0.0,0.0,0,0,[],238.0,,,,0.0,0.4988505747126436,0.0,0.0080893682588597,1.0,0.0,0.0,315.95477692751354,315.95477692751354,0.1382628513679484,1.5069399429715034,0.2060760937944755,0.1308066040846835,0,0,0.3162951440414864,False,1.149289332760222,False,-5.678033436873978,False,1.5009804832678868,0.4840262582056892,False
80,0.0,0.0,218.0,0.0,20.0,0.0,False,User Group Created by Badblood github.com/davidprowe/badblood,"CN=DO-664539651-DISTLIST1,OU=TIER 0,OU=ADMIN,DC=MYLAB,DC=LOCAL",False,False,MYLAB.LOCAL,S-1-5-21-1333368235-828418111-1849936505,False,2025-03-16T21:35:36.886857315Z,SALES-DEPARTMENT@MYLAB.LOCAL,S-1-5-21-1333368235-828418111-1849936505-3660,DO-664539651-distlist1,1742159175.0,0.0,0.0,0.0,False,0.0,0.0,0,0,[],238.0,,,,0.0,0.5011494252873563,0.0,0.0077041602465331,1.0,0.0,0.0,300.3094781382118,300.3094781382118,0.1585577322952239,1.5088535855338894,0.2063377870265214,0.1308066040846835,0,0,0.3198039309853963,False,0.992652731389922,False,-5.794629210293126,False,1.2218282546095285,0.5947483588621445,False
81,0.0,0.0,217.0,0.0,27.0,0.0,False,User Group Created by Badblood github.com/davidprowe/badblood,"CN=RE-KOK-DISTLIST1,OU=SERVICEACCOUNTS,OU=OGC,OU=STAGE,DC=MYLAB,DC=LOCAL",False,False,MYLAB.LOCAL,S-1-5-21-1333368235-828418111-1849936505,False,2025-03-16T21:35:36.886857315Z,LOGISTICS-CONTRIBUTORS-01@MYLAB.LOCAL,S-1-5-21-1333368235-828418111-1849936505-3661,RE-kok-distlist1,1742159176.0,0.0,0.0,0.0,False,0.0,0.0,0,0,[],244.0,,,,0.0,0.4988505747126436,0.0,0.0104006163328197,1.0,0.0,0.0,324.4812014949405,324.4812014949405,0.1272024827766084,1.5092511910454631,0.2063921601228605,0.13410424956581,0,0,0.3203418588682591,False,1.0139881240399091,False,-5.572931949013563,False,1.7866532590785464,0.4490153172866521,False
82,0.0,0.0,221.0,0.0,50.0,0.0,False,User Group Created by Badblood github.com/davidprowe/badblood,"CN=FE-JUA-DISTLIST1,OU=GROUPS,OU=HRE,OU=TIER 2,DC=MYLAB,DC=LOCAL",False,False,MYLAB.LOCAL,S-1-5-21-1333368235-828418111-1849936505,False,2025-03-16T21:35:36.886857315Z,RESEARCH-ALL@MYLAB.LOCAL,S-1-5-21-1333368235-828418111-1849936505-3662,FE-jua-distlist1,1742159176.0,0.0,0.0,0.0,False,0.0,0.0,0,0,[],271.0,,,,0.0,0.5080459770114942,0.0,0.0192604006163328,1.0,0.0,0.0,275.18427677385324,275.18427677385324,0.1911498212562956,1.527306377627827,0.2088612315287767,0.1489436542308791,0,0,0.3161909611772601,False,1.0402831909145944,False,-5.786625968833438,False,1.32846864736542,0.573741794310722,False
83,0.0,0.0,217.0,0.0,30.0,0.0,False,User Group Created by Badblood github.com/davidprowe/badblood,"CN=MA-TEA-DISTLIST1,OU=DEVICES,OU=HRE,OU=TIER 1,DC=MYLAB,DC=LOCAL",False,False,MYLAB.LOCAL,S-1-5-21-1333368235-828418111-1849936505,False,2025-03-16T21:35:36.886857315Z,PROCUREMENT-TEAM-01@MYLAB.LOCAL,S-1-5-21-1333368235-828418111-1849936505-3663,MA-tea-distlist1,1742159176.0,0.0,0.0,0.0,False,0.0,0.0,0,0,[],247.0,,,,0.0,0.4988505747126436,0.0,0.0115562403697996,1.0,0.0,0.0,301.02017100774805,301.02017100774805,0.1576358306200084,1.5104068150824432,0.2065501932870529,0.1357530723063732,0,0,0.3183452563051331,False,0.9943705687849592,False,-5.876281397715107,False,1.0187449163893774,0.6398249452954048,False
84,0.0,0.0,263.0,0.0,32.0,6.0,False,User Group Created by Badblood github.com/davidprowe/badblood,"CN=TH-UNLEASHEA-DISTLIST1,OU=TEST,OU=FIN,OU=TIER 1,DC=MYLAB,DC=LOCAL",False,False,MYLAB.LOCAL,S-1-5-21-1333368235-828418111-1849936505,False,2025-03-16T21:35:40.097Z,TRAINING-EMPLOYEES-02@MYLAB.LOCAL,S-1-5-21-1333368235-828418111-1849936505-3664,TH-unleashea-distlist1,1742159177.0,0.0,0.0,0.0,False,0.0,0.0,0,0,[],295.0,,,,0.0,0.6045977011494252,0.0,0.012326656394453,1.0,0.0,0.0,321.61906210119014,321.61906210119014,0.1309152132891855,1.616924357543878,0.2211166125882465,0.162134236155385,0,0,0.3360975507429381,False,1.0130494405861843,False,-5.486265665908215,False,2.1237028769817874,0.3632385120350109,False
85,0.0,0.0,275.0,0.0,59.0,0.0,False,User Group Created by Badblood github.com/davidprowe/badblood,"CN=RA-NIC-ADMINGROUP1,OU=DEVICES,OU=BDE,OU=TIER 2,DC=MYLAB,DC=LOCAL",False,False,MYLAB.LOCAL,S-1-5-21-1333368235-828418111-1849936505,False,2025-03-16T21:35:36.886857315Z,FACILITIES-EMPLOYEES@MYLAB.LOCAL,S-1-5-21-1333368235-828418111-1849936505-3665,RA-nic-admingroup1,1742159177.0,0.0,0.0,0.0,False,0.0,0.0,0,0,[],334.0,,,,0.0,0.632183908045977,0.0,0.0227272727272727,1.0,0.0,0.0,280.3844296360782,280.3844296360782,0.1844042496591171,1.6549111807732495,0.2263113625073003,0.1835689317827071,0,0,0.3261843583580737,False,1.0541747360496558,False,-5.835188310017392,False,1.8197699181450424,0.4599562363238512,False
86,0.0,0.0,218.0,0.0,22.0,0.0,False,User Group Created by Badblood github.com/davidprowe/badblood,"CN=RO-OU8-ADMINGROUP1,OU=TEST,OU=FSR,OU=STAGE,DC=MYLAB,DC=LOCAL",False,False,MYLAB.LOCAL,S-1-5-21-1333368235-828418111-1849936505,False,2025-03-16T21:35:36.886857315Z,PROCUREMENT-TEAM-02@MYLAB.LOCAL,S-1-5-21-1333368235-828418111-1849936505-3666,RO-OU8-admingroup1,1742159177.0,0.0,0.0,0.0,False,0.0,0.0,0,0,[],240.0,,,,0.0,0.5011494252873563,0.0,0.0084745762711864,1.0,0.0,0.0,314.1736070354158,314.1736070354158,0.140573362107193,1.5096240015585427,0.2064431424693164,0.131905819245059,0,0,0.3280961375413851,False,1.1755868842135382,False,-5.440135421936901,False,2.096096644557884,0.3159737417943107,False
87,0.0,0.0,218.0,0.0,68.0,0.0,False,User Group Created by Badblood github.com/davidprowe/badblood,"CN=69-CIN-ADMINGROUP1,OU=T1-PERMISSIONS,OU=TIER 1,OU=ADMIN,DC=MYLAB,DC=LOCAL",False,False,MYLAB.LOCAL,S-1-5-21-1333368235-828418111-1849936505,False,2025-03-16T21:35:36.886857315Z,69-CIN-ADMINGROUP1@MYLAB.LOCAL,S-1-5-21-1333368235-828418111-1849936505-3667,69-cin-admingroup1,1742159177.0,0.0,0.0,0.0,False,0.0,0.0,0,0,[],286.0,,,,0.0,0.5011494252873563,0.0,0.0261941448382126,1.0,0.0,0.0,264.83420212292833,264.83420212292833,0.2045758053463258,1.5273435701255689,0.2088663176536013,0.1571877679336953,0,0,0.3180451500638739,False,0.9982391241379784,False,-6.019234960351254,False,1.0360971000200463,0.6687089715536105,False
88,0.0,3650.0,4.0,0.0,5.0,0.0,True,User Group Created by Badblood github.com/davidprowe/badblood,"CN=TI-MIN-DISTLIST1,OU=ITS,OU=PEOPLE,DC=MYLAB,DC=LOCAL",False,False,MYLAB.LOCAL,S-1-5-21-1333368235-828418111-1849936505,False,2025-03-16T21:35:36.886857315Z,ADMINISTRATORS-BUILTIN@MYLAB.LOCAL,S-1-5-21-1333368235-828418111-1849936505-3668,TI-min-distlist1,1742159178.0,0.0,0.0,0.0,True,0.0,0.0,0,0,[],312.0,,,,0.0,0.5770114942528736,0.0,0.023497688751926,1.0,720.0,0.0,3583.742673001874,-66.25732699812579,0.6340634904352218,1.6005091830047995,0.2188718150674526,0.1714775650185767,0,0,0.3270511436779753,False,1.0253881744461768,False,-5.78287929058416,False,1.5334211289216026,0.4905908096280088,False
89,0.0,0.0,217.0,0.0,25.0,0.0,False,User Group Created by Badblood github.com/davidprowe/badblood,"CN=CA-BARRANCAS-DISTLIST1,OU=TEST,OU=FIN,OU=STAGE,DC=MYLAB,DC=LOCAL",False,False,MYLAB.LOCAL,S-1-5-21-1333368235-828418111-1849936505,False,2025-03-16T21:35:36.886857315Z,PROCUREMENT-ANNOUNCE@MYLAB.LOCAL,S-1-5-21-1333368235-828418111-1849936505-3669,CA-barrancas-distlist1,1742159178.0,0.0,0.0,0.0,False,0.0,0.0,0,0,[],242.0,,,,0.0,0.4988505747126436,0.0,0.0096302003081664,1.0,0.0,0.0,277.1916678788384,277.1916678788384,0.1885458592611433,1.50848077502081,0.2062868046800655,0.1330050344054345,0,0,0.3344338994627865,False,1.2177876376867516,False,-5.423678280363232,False,2.162339259782019,0.286214442013129,False
90,0.0,0.0,274.0,0.0,86.0,0.0,False,User Group Created by Badblood github.com/davidprowe/badblood,"CN=AN-HAN-DISTLIST1,OU=GROUPS,OU=ITS,OU=TIER 2,DC=MYLAB,DC=LOCAL",False,False,MYLAB.LOCAL,S-1-5-21-1333368235-828418111-1849936505,False,2025-03-16T21:35:36.886857315Z,CUSTOMER-SERVICE-CONTRIBUTORS@MYLAB.LOCAL,S-1-5-21-1333368235-828418111-1849936505-3670,AN-han-distlist1,1742159178.0,0.0,0.0,0.0,False,0.0,0.0,0,0,[],360.0,,,,0.0,0.6298850574712643,0.0,0.0331278890600924,1.0,0.0,0.0,241.28637276589063,241.28637276589063,0.2351217475704313,1.6630129465313568,0.2274192900315893,0.1978587288675885,0,0,0.3313038796296794,False,1.2373921293725252,False,-6.029089958808068,False,1.8940445568303548,0.4385120350109409,False
91,0.0,0.0,217.0,0.0,166.0,0.0,False,User Group Created by Badblood github.com/davidprowe/badblood,"CN=RE-746-DISTLIST1,OU=FIN,OU=STAGE,DC=MYLAB,DC=LOCAL",False,False,MYLAB.LOCAL,S-1-5-21-1333368235-828418111-1849936505,False,2025-03-16T21:35:36.886857315Z,MARKETING-MEMBERS@MYLAB.LOCAL,S-1-5-21-1333368235-828418111-1849936505-3671,RE-746-distlist1,1742159178.0,0.0,0.0,0.0,False,0.0,0.0,0,0,[],383.0,,,,0.0,0.4988505747126436,0.0,0.0639445300462249,1.0,0.0,0.0,315.5054318688428,315.5054318688428,0.1388457360148827,1.5627951047588686,0.2137143633971124,0.2104997032119067,0,0,0.3299681564250015,False,1.022818748066379,False,-6.061069232311945,False,3.435526079342826,0.4739606126914661,False
92,0.0,0.0,275.0,0.0,25.0,0.0,False,User Group Created by Badblood github.com/davidprowe/badblood,"CN=PA-ELD-DISTLIST1,OU=DEVICES,OU=BDE,OU=TIER 2,DC=MYLAB,DC=LOCAL",False,False,MYLAB.LOCAL,S-1-5-21-1333368235-828418111-1849936505,False,2025-03-16T21:35:36.886857315Z,DESIGN-GROUP@MYLAB.LOCAL,S-1-5-21-1333368235-828418111-1849936505-3672,PA-eld-distlist1,1742159179.0,0.0,0.0,0.0,False,0.0,0.0,0,0,[],300.0,,,,0.0,0.632183908045977,0.0,0.0096302003081664,1.0,0.0,0.0,273.3252988337753,273.3252988337753,0.1935612635974359,1.6418141083541435,0.2245203199797855,0.1648822740563237,0,0,0.3263936090431173,False,0.9756317994962602,False,-5.703244707977159,False,1.8011928338068717,0.5015317286652079,False
93,0.0,1850.0,180.0,0.0,12.0,0.0,True,User Group Created by Badblood github.com/davidprowe/badblood,"CN=SY-SOYARMAND-DISTLIST1,OU=FIN,OU=TIER 2,DC=MYLAB,DC=LOCAL",False,False,MYLAB.LOCAL,S-1-5-21-1333368235-828418111-1849936505,False,2025-03-16T21:35:36.886857315Z,EXCHANGE-ORG-ADMINS@MYLAB.LOCAL,S-1-5-21-1333368235-828418111-1849936505-3673,SY-soyarmand-distlist1,1742159179.0,0.0,0.0,0.0,False,3.0,5.0,0,0,[],318.0,,,,0.0,0.6344827586206897,0.0,0.0161787365177195,1.0,320.0,0.0,1851.155705982311,1.1557059823110194,0.5466161686736212,1.650661495138409,0.2257302121969864,0.1747752104997032,0,0,0.3358196138244722,False,0.9887846164776348,False,-5.638051955293983,False,2.0806006468376643,0.4280087527352297,False
95,0.0,0.0,260.0,0.0,196.0,0.0,False,User Group Created by Badblood github.com/davidprowe/badblood,"CN=TO-MAXIMILIT-ADMINGROUP1,OU=AWS,OU=PEOPLE,DC=MYLAB,DC=LOCAL",False,False,MYLAB.LOCAL,S-1-5-21-1333368235-828418111-1849936505,False,2025-03-16T21:35:36.886857315Z,LEGAL-STAFF@MYLAB.LOCAL,S-1-5-21-1333368235-828418111-1849936505-3675,TO-maximilit-admingroup1,1742159179.0,0.0,0.0,0.0,False,0.0,0.0,0,0,[],456.0,,,,0.0,0.5977011494252874,0.0,0.0755007704160246,1.0,0.0,0.0,315.23084706236926,315.23084706236926,0.1392019239040924,1.673201919841312,0.2288126460371056,0.2506210565656121,0,0,0.3484814043325512,False,1.321586698359738,False,-6.034082479985254,False,4.342927379182958,0.3588621444201313,False
96,0.0,0.0,221.0,0.0,158.0,0.0,False,User Group Created by Badblood github.com/davidprowe/badblood,"CN=MA-LOLIVICEN-DISTLIST1,OU=GOO,OU=PEOPLE,DC=MYLAB,DC=LOCAL",False,False,MYLAB.LOCAL,S-1-5-21-1333368235-828418111-1849936505,False,2025-03-16T21:35:36.886857315Z,DESIGN-GROUP-01@MYLAB.LOCAL,S-1-5-21-1333368235-828418111-1849936505-3676,MA-lolivicen-distlist1,1742159179.0,0.0,0.0,0.0,False,0.0,0.0,0,0,[],379.0,,,,0.0,0.5080459770114942,0.0,0.0608628659476117,1.0,0.0,0.0,313.7218010399365,313.7218010399365,0.141159439049792,1.568908842959106,0.2145504254397063,0.2083012728911557,0,0,0.3296352486854766,False,1.0223147427302055,False,-5.980791936417541,False,3.2866169914287737,0.4625820568927789,False
97,0.0,0.0,219.0,0.0,57.0,0.0,False,User Group Created by Badblood github.com/davidprowe/badblood,"CN=MA-MOL-DISTLIST1,OU=GROUPS,OU=SEC,OU=TIER 2,DC=MYLAB,DC=LOCAL",False,False,MYLAB.LOCAL,S-1-5-21-1333368235-828418111-1849936505,False,2025-03-16T21:35:36.886857315Z,AUDIT-TEAM-01@MYLAB.LOCAL,S-1-5-21-1333368235-828418111-1849936505-3677,MA-mol-distlist1,1742159180.0,0.0,0.0,0.0,False,0.0,0.0,0,0,[],276.0,,,,0.0,0.503448275862069,0.0,0.0219568567026194,1.0,0.0,0.0,323.3741756154584,323.3741756154584,0.1286385025490696,1.5254051325646882,0.2086012336716722,0.1516916921318178,0,0,0.3223187826271833,False,1.087119955547682,False,-6.0734501339505655,False,0.669088662949998,0.6231947483588621,False
98,0.0,0.0,248.0,0.0,47.0,0.0,False,User Group Created by Badblood github.com/davidprowe/badblood,"CN=ST-160-ADMINGROUP1,OU=T2-SERVERS,OU=TIER 2,OU=ADMIN,DC=MYLAB,DC=LOCAL",False,False,MYLAB.LOCAL,S-1-5-21-1333368235-828418111-1849936505,False,2025-03-16T21:35:36.886857315Z,LEGAL-ALL@MYLAB.LOCAL,S-1-5-21-1333368235-828418111-1849936505-3678,ST-160-admingroup1,1742159180.0,0.0,0.0,0.0,False,0.0,0.0,0,0,[],295.0,,,,0.0,0.5701149425287356,0.0,0.0181047765793528,1.0,0.0,0.0,289.6842848450597,289.6842848450597,0.1723405967593566,1.5882197191080885,0.2171912141075573,0.162134236155385,0,0,0.3300442153833108,False,0.990413671301162,False,-5.670148201221512,False,1.6098900501188975,0.4831509846827133,False
99,0.0,0.0,220.0,0.0,61.0,2.0,False,User Group Created by Badblood github.com/davidprowe/badblood,"CN=MA-890530553-DISTLIST1,OU=TEST,OU=OGC,OU=TIER 2,DC=MYLAB,DC=LOCAL",False,False,MYLAB.LOCAL,S-1-5-21-1333368235-828418111-1849936505,False,2025-03-16T21:35:40.097Z,FINANCE-ALL-01@MYLAB.LOCAL,S-1-5-21-1333368235-828418111-1849936505-3679,MA-890530553-distlist1,1742159180.0,0.0,0.0,0.0,False,0.0,0.0,0,0,[],281.0,,,,0.0,0.5057471264367817,0.0,0.023497688751926,1.0,0.0,0.0,275.3586794691745,275.3586794691745,0.190923588316765,1.5292448151887077,0.2091263155107057,0.1544397300327566,0,0,0.316342711848547,False,0.9696302014945,False,-5.85773647199126,False,1.3010999525521885,0.6660831509846827,False
100,0.0,0.0,272.0,0.0,20.0,0.0,False,User Group Created by Badblood github.com/davidprowe/badblood,"CN=IV-MIS-DISTLIST1,OU=ITS,OU=TIER 2,DC=MYLAB,DC=LOCAL",False,False,MYLAB.LOCAL,S-1-5-21-1333368235-828418111-1849936505,False,2025-03-16T21:35:36.886857315Z,OPERATIONS-GROUP@MYLAB.LOCAL,S-1-5-21-1333368235-828418111-1849936505-3680,IV-mis-distlist1,1742159180.0,0.0,0.0,0.0,False,0.0,0.0,0,0,[],292.0,,,,0.0,0.6252873563218391,0.0,0.0077041602465331,1.0,0.0,0.0,290.5120001716333,290.5120001716333,0.1712668950537695,1.6329915165683722,0.2233138185124676,0.1604854134148218,0,0,0.3277862110068561,False,0.9651560711766368,False,-5.654060723944543,False,1.822631613371896,0.4949671772428884,False
102,0.0,0.0,219.0,0.0,27.0,0.0,False,User Group Created by Badblood github.com/davidprowe/badblood,"CN=VI-POL-DISTLIST1,OU=GROUPS,OU=BDE,OU=TIER 1,DC=MYLAB,DC=LOCAL",False,False,MYLAB.LOCAL,S-1-5-21-1333368235-828418111-1849936505,False,2025-03-16T21:35:36.886857315Z,OPERATIONS-DEPARTMENT@MYLAB.LOCAL,S-1-5-21-1333368235-828418111-1849936505-3682,VI-pol-distlist1,1742159181.0,0.0,0.0,0.0,False,0.0,0.0,0,0,[],246.0,,,,0.0,0.503448275862069,0.0,0.0104006163328197,1.0,0.0,0.0,219.60939517877387,219.60939517877387,0.2632408448736146,1.5138488921948887,0.2070209020297474,0.1352034647261855,0,0,0.3166153127165584,False,0.942316414687203,False,-5.828984599256033,False,1.0944246241148226,0.6774617067833698,False
103,0.0,0.0,218.0,0.0,18.0,3.0,False,User Group Created by Badblood github.com/davidprowe/badblood,"CN=BL-FLORECITA-DISTLIST1,OU=DEVICES,OU=HRE,OU=STAGE,DC=MYLAB,DC=LOCAL",False,False,MYLAB.LOCAL,S-1-5-21-1333368235-828418111-1849936505,False,2025-03-16T21:35:40.097Z,LOGISTICS-USERS@MYLAB.LOCAL,S-1-5-21-1333368235-828418111-1849936505-3683,BL-florecita-distlist1,1742159181.0,0.0,0.0,0.0,False,0.0,0.0,0,0,[],236.0,,,,0.0,0.5011494252873563,0.0,0.0069337442218798,1.0,0.0,0.0,230.2041892627689,230.2041892627689,0.2494974138737086,1.508083169509236,0.2062324315837264,0.129707388924308,0,0,0.3355561594535937,False,1.0300306965536512,False,-5.387683268751925,False,2.2125682455749494,0.336980306345733,False
104,0.0,0.0,411.0,0.0,28.0,0.0,False,User Group Created by Badblood github.com/davidprowe/badblood,"CN=EL-RAFAELTQM-DISTLIST1,OU=GROUPS,OU=TST,OU=STAGE,DC=MYLAB,DC=LOCAL",False,False,MYLAB.LOCAL,S-1-5-21-1333368235-828418111-1849936505,False,2025-03-16T21:35:36.886857315Z,PROCUREMENT-EMPLOYEES@MYLAB.LOCAL,S-1-5-21-1333368235-828418111-1849936505-3684,EL-rafaeltqm-distlist1,1742159181.0,0.0,0.0,0.0,False,0.0,0.0,0,0,[],439.0,,,,0.0,0.9448275862068966,0.0,0.0107858243451463,1.0,0.0,0.0,235.69131718981683,235.69131718981683,0.2423795819031033,1.9556134105520429,0.2674328028122869,0.2412777277024204,0,0,0.4018183423712293,False,1.0306755068019668,False,-5.3939132894459,False,5.927317164059331,0.2507658643326039,False
105,0.0,0.0,221.0,0.0,33.0,0.0,False,User Group Created by Badblood github.com/davidprowe/badblood,"CN=DE-INV-DISTLIST1,OU=GROUPS,OU=HRE,OU=TIER 2,DC=MYLAB,DC=LOCAL",False,False,MYLAB.LOCAL,S-1-5-21-1333368235-828418111-1849936505,False,2025-03-16T21:35:36.886857315Z,TRAINING-GROUP@MYLAB.LOCAL,S-1-5-21-1333368235-828418111-1849936505-3685,DE-inv-distlist1,1742159182.0,0.0,0.0,0.0,False,0.0,0.0,0,0,[],254.0,,,,0.0,0.5080459770114942,0.0,0.0127118644067796,1.0,0.0,0.0,250.0451473579149,250.0451473579149,0.2237599775072396,1.520757841418274,0.2079657102650192,0.1396003253676874,0,0,0.3160686711110284,False,1.0481595236946952,False,-5.793705913348104,False,1.1556281028438615,0.5838074398249453,False
106,0.0,52.0,220.0,0.0,27.0,0.0,False,User Group Created by Badblood github.com/davidprowe/badblood,"CN=DE-OMAR3BETE-DISTLIST1,OU=GROUPS,OU=AWS,OU=TIER 2,DC=MYLAB,DC=LOCAL",False,False,MYLAB.LOCAL,S-1-5-21-1333368235-828418111-1849936505,False,2025-03-16T21:35:39.799Z,LOGISTICS-DEPARTMENT-01@MYLAB.LOCAL,S-1-5-21-1333368235-828418111-1849936505-3686,DE-omar3bete-distlist1,1742159182.0,0.0,0.0,0.0,False,7.0,8.0,"                                   label       kind  \
id                                                    
1002                   USERS@MYLAB.LOCAL  Container   
1019             LOUIS_TYLER@MYLAB.LOCAL       User   
128            DOMAIN ADMINS@MYLAB.LOCAL      Group   
477            JENNA_HARDING@MYLAB.LOCAL       User   
708            VONDA_ACEVEDO@MYLAB.LOCAL       User   
870         DE-DAS-DISTLIST1@MYLAB.LOCAL      Group   
874   DE-OMAR3BETE-DISTLIST1@MYLAB.LOCAL      Group   

                                           objectId  isTierZero  \
id                                                                
1002           643CE9DD-6D50-4B82-8DA1-994C82A16D6C       False   
1019  S-1-5-21-1333368235-828418111-1849936505-3276        True   
128    S-1-5-21-1333368235-828418111-1849936505-512        True   
477   S-1-5-21-1333368235-828418111-1849936505-1447        True   
708   S-1-5-21-1333368235-828418111-1849936505-1678       False   
870   S-1-5-21-1333368235-828418111-1849936505-3600       False   
874   S-1-5-21-1333368235-828418111-1849936505-3686       False   

      isOwnedObject                        lastSeen  
id                                                   
1002          False        2025-03-16T21:35:40.053Z  
1019          False        2025-03-16T21:35:40.117Z  
128           False        2025-03-16T21:35:40.428Z  
477           False  2025-03-16T21:35:31.048103438Z  
708           False        2025-03-16T21:35:40.117Z  
870           False        2025-03-16T21:35:39.799Z  
874           False        2025-03-16T21:35:39.799Z  ","  source target       label        kind                        lastSeen
0    874    708  GenericAll  GenericAll  2025-03-16T21:35:31.203879153Z
1    708    870    MemberOf    MemberOf   2025-03-16T21:35:36.88777499Z
2    870   1002  GenericAll  GenericAll  2025-03-16T21:35:38.232994191Z
3   1002    128    Contains    Contains   2025-03-16T21:35:36.88777499Z
4    870   1019  GenericAll  GenericAll  2025-03-16T21:35:35.889597893Z
5   1019    128    MemberOf    MemberOf   2025-03-16T21:35:36.88777499Z
6    870    477  GenericAll  GenericAll  2025-03-16T21:35:31.049135433Z
7    477    128    MemberOf    MemberOf   2025-03-16T21:35:36.88777499Z","['643CE9DD-6D50-4B82-8DA1-994C82A16D6C'
 'S-1-5-21-1333368235-828418111-1849936505-3276'
 'S-1-5-21-1333368235-828418111-1849936505-512'
 'S-1-5-21-1333368235-828418111-1849936505-1447'
 'S-1-5-21-1333368235-828418111-1849936505-1678'
 'S-1-5-21-1333368235-828418111-1849936505-3600'
 'S-1-5-21-1333368235-828418111-1849936505-3686']",318.0,,,,0.0145576707726763,0.5057471264367817,0.2666666666666666,0.0104006163328197,1.0,11.0,0.0153417015341701,311.65962384875496,259.65962384875496,0.2112882019158962,1.8127137817431145,0.2478910835506976,0.1747752104997032,0,0,0.4402404908164423,False,1.5143585558308867,False,-5.56489072556443,False,1.7797027760610955,0.2350109409190372,False
107,0.0,0.0,385.0,0.0,25.0,0.0,False,User Group Created by Badblood github.com/davidprowe/badblood,"CN=AN-POL-ADMINGROUP1,OU=GROUPS,OU=GOO,OU=STAGE,DC=MYLAB,DC=LOCAL",False,False,MYLAB.LOCAL,S-1-5-21-1333368235-828418111-1849936505,False,2025-03-16T21:35:36.886857315Z,DESIGN-DEPARTMENT-01@MYLAB.LOCAL,S-1-5-21-1333368235-828418111-1849936505-3687,AN-pol-admingroup1,1742159182.0,0.0,0.0,0.0,False,0.0,0.0,0,0,[],410.0,,,,0.0,0.8850574712643678,0.0,0.0096302003081664,1.0,0.0,0.0,254.09249025792445,254.09249025792445,0.2185098162074302,1.8946876715725345,0.2591011248585648,0.2253391078769758,0,0,0.3784930058656012,False,0.975923173440812,False,-5.351191541025374,False,5.24436393966888,0.325164113785558,False
108,0.0,0.0,218.0,0.0,71.0,0.0,False,User Group Created by Badblood github.com/davidprowe/badblood,"CN=MI-BALDIVIES-ADMINGROUP1,OU=TEST,OU=SEC,OU=TIER 1,DC=MYLAB,DC=LOCAL",False,False,MYLAB.LOCAL,S-1-5-21-1333368235-828418111-1849936505,False,2025-03-16T21:35:36.886857315Z,COMMUNICATIONS-MEMBERS@MYLAB.LOCAL,S-1-5-21-1333368235-828418111-1849936505-3688,MI-baldivies-admingroup1,1742159182.0,0.0,0.0,0.0,False,0.0,0.0,0,0,[],289.0,,,,0.0,0.5011494252873563,0.0,0.0273497688751926,1.0,0.0,0.0,277.3493553375669,277.3493553375669,0.1883413091121357,1.5284991941625488,0.2090243508177937,0.1588365906742585,0,0,0.3174010394813061,False,1.0021371279503062,False,-5.99190924198496,False,1.1682699162460626,0.6527352297592997,False
109,0.0,0.0,268.0,0.0,66.0,0.0,False,User Group Created by Badblood github.com/davidprowe/badblood,"CN=23-DOU-ADMINGROUP1,OU=TEST,OU=ITS,OU=STAGE,DC=MYLAB,DC=LOCAL",False,False,MYLAB.LOCAL,S-1-5-21-1333368235-828418111-1849936505,False,2025-03-16T21:35:36.886857315Z,23-DOU-ADMINGROUP1@MYLAB.LOCAL,S-1-5-21-1333368235-828418111-1849936505-3689,23-dou-admingroup1,1742159182.0,0.0,0.0,0.0,False,0.0,0.0,0,0,[],334.0,,,,0.0,0.6160919540229886,0.0,0.0254237288135593,1.0,0.0,0.0,351.32931353919344,351.32931353919344,0.0923754561791457,1.6415156828365478,0.2244795098829787,0.1835689317827071,0,0,0.3251302894849773,False,1.0437229925524996,False,-5.89512966506285,False,1.634806982754256,0.5133479212253829,False
110,0.0,0.0,219.0,0.0,51.0,2.0,False,User Group Created by Badblood github.com/davidprowe/badblood,"CN=RA-GON-ADMINGROUP1,OU=TEST,OU=ESM,OU=TIER 2,DC=MYLAB,DC=LOCAL",False,False,MYLAB.LOCAL,S-1-5-21-1333368235-828418111-1849936505,False,2025-03-16T21:35:40.097Z,HR-MEMBERS-01@MYLAB.LOCAL,S-1-5-21-1333368235-828418111-1849936505-3690,RA-gon-admingroup1,1742159183.0,0.0,0.0,0.0,False,0.0,0.0,0,0,[],270.0,,,,0.0,0.503448275862069,0.0,0.0196456086286594,1.0,0.0,0.0,278.315174515382,278.315174515382,0.1870884608619993,1.5230938844907285,0.2082851673432873,0.1483940466506914,0,0,0.4042954492253932,False,4.120756476268211,True,-6.358721721079213,False,3.4222309504010897,0.3089715536105033,False
111,0.0,0.0,257.0,0.0,55.0,0.0,False,User Group Created by Badblood github.com/davidprowe/badblood,"CN=LO-508-DISTLIST1,OU=DEVICES,OU=ITS,OU=TIER 1,DC=MYLAB,DC=LOCAL",False,False,MYLAB.LOCAL,S-1-5-21-1333368235-828418111-1849936505,False,2025-03-16T21:35:36.886857315Z,MARKETING-USERS-01@MYLAB.LOCAL,S-1-5-21-1333368235-828418111-1849936505-3691,LO-508-distlist1,1742159183.0,0.0,0.0,0.0,False,0.0,0.0,0,0,[],312.0,,,,0.0,0.5908045977011495,0.0,0.0211864406779661,1.0,0.0,0.0,326.55543082061536,326.55543082061536,0.1245118190988254,1.6119910383791156,0.2204419744597283,0.1714775650185767,0,0,0.3264770514337942,False,1.00611643138765,False,-5.956271380385218,False,1.0458088310165343,0.6,False
112,0.0,0.0,218.0,0.0,25.0,0.0,False,User Group Created by Badblood github.com/davidprowe/badblood,"CN=WI-ACIBOLAS3-ADMINGROUP1,OU=DEVICES,OU=HRE,OU=STAGE,DC=MYLAB,DC=LOCAL",False,False,MYLAB.LOCAL,S-1-5-21-1333368235-828418111-1849936505,False,2025-03-16T21:35:36.886857315Z,FINANCE-ANNOUNCE@MYLAB.LOCAL,S-1-5-21-1333368235-828418111-1849936505-3692,WI-Acibolas3-admingroup1,1742159183.0,0.0,0.0,0.0,False,0.0,0.0,0,0,[],243.0,,,,0.0,0.5011494252873563,0.0,0.0096302003081664,1.0,0.0,0.0,252.851459121276,252.851459121276,0.220119665880774,1.5107796255955228,0.2066011756335089,0.1335546419856222,0,0,0.3151277456310434,False,0.9612468970591972,False,-5.623174316488648,False,1.633456312368679,0.5912472647702407,False
113,0.0,0.0,221.0,0.0,42.0,0.0,False,User Group Created by Badblood github.com/davidprowe/badblood,"CN=LO-CHA-DISTLIST1,OU=GROUPS,OU=GOO,OU=TIER 1,DC=MYLAB,DC=LOCAL",False,False,MYLAB.LOCAL,S-1-5-21-1333368235-828418111-1849936505,False,2025-03-16T21:35:36.886857315Z,QUALITY-CONTRIBUTORS@MYLAB.LOCAL,S-1-5-21-1333368235-828418111-1849936505-3693,LO-cha-distlist1,1742159183.0,0.0,0.0,0.0,False,0.0,0.0,0,0,[],263.0,,,,0.0,0.5080459770114942,0.0,0.0161787365177195,1.0,0.0,0.0,284.96725070360924,284.96725070360924,0.1784594729482914,1.5242247135292135,0.2084398097575967,0.1445467935893771,0,0,0.3307395625598386,False,1.1978819144790294,False,-6.074983208285042,False,0.5502734984419713,0.5601750547045952,False
114,0.0,0.0,217.0,0.0,33.0,0.0,False,User Group Created by Badblood github.com/davidprowe/badblood,"CN=DE-CUALKIRA0-ADMINGROUP1,OU=BDE,OU=STAGE,DC=MYLAB,DC=LOCAL",False,False,MYLAB.LOCAL,S-1-5-21-1333368235-828418111-1849936505,False,2025-03-16T21:35:36.886857315Z,RESEARCH-ANNOUNCE-01@MYLAB.LOCAL,S-1-5-21-1333368235-828418111-1849936505-3694,DE-cualkira0-admingroup1,1742159184.0,0.0,0.0,0.0,False,0.0,0.0,0,0,[],250.0,,,,0.0,0.4988505747126436,0.0,0.0127118644067796,1.0,0.0,0.0,252.1279575186786,252.1279575186786,0.221058182880235,1.5115624391194231,0.2067082264512454,0.1374018950469365,0,0,0.3155552593003334,False,1.1705855670259504,False,-5.722603992988205,False,1.414460825678299,0.5010940919037199,False
116,0.0,0.0,217.0,0.0,28.0,0.0,False,User Group Created by Badblood github.com/davidprowe/badblood,"CN=JA-MFRG23038-DISTLIST1,OU=TEST,OU=FIN,OU=STAGE,DC=MYLAB,DC=LOCAL",False,False,MYLAB.LOCAL,S-1-5-21-1333368235-828418111-1849936505,False,2025-03-16T21:35:36.886857315Z,HR-GROUP@MYLAB.LOCAL,S-1-5-21-1333368235-828418111-1849936505-3696,JA-mfrg23038-distlist1,1742159184.0,0.0,0.0,0.0,False,0.0,0.0,0,0,[],245.0,,,,0.0,0.4988505747126436,0.0,0.0107858243451463,1.0,0.0,0.0,279.0751291213047,279.0751291213047,0.1861026574941608,1.50963639905779,0.206444837844258,0.1346538571459977,0,0,0.3195806602360603,False,0.969683284436302,False,-5.880919407393761,False,1.019065146746765,0.6704595185995623,False
117,0.0,0.0,217.0,0.0,22.0,0.0,False,User Group Created by Badblood github.com/davidprowe/badblood,"CN=ME-ECL-DISTLIST1,OU=ITS,OU=TIER 1,DC=MYLAB,DC=LOCAL",False,False,MYLAB.LOCAL,S-1-5-21-1333368235-828418111-1849936505,False,2025-03-16T21:35:36.886857315Z,ANALYTICS-GROUP@MYLAB.LOCAL,S-1-5-21-1333368235-828418111-1849936505-3697,ME-ecl-distlist1,1742159184.0,0.0,0.0,0.0,False,0.0,0.0,0,0,[],239.0,,,,0.0,0.4988505747126436,0.0,0.0084745762711864,1.0,0.0,0.0,331.08901340756285,331.08901340756285,0.1186309139134939,1.50732515098383,0.206128771515873,0.1313562116648712,0,0,0.3167888934013407,False,0.9948563405256616,False,-5.604242563406489,False,1.688163036640247,0.5166301969365427,False
118,0.0,0.0,217.0,0.0,20.0,0.0,False,User Group Created by Badblood github.com/davidprowe/badblood,"CN=SA-BIBEKBIBE-DISTLIST1,OU=STAGE,DC=MYLAB,DC=LOCAL",False,False,MYLAB.LOCAL,S-1-5-21-1333368235-828418111-1849936505,False,2025-03-16T21:35:36.886857315Z,HR-DEPARTMENT-01@MYLAB.LOCAL,S-1-5-21-1333368235-828418111-1849936505-3698,SA-bibekbibe-distlist1,1742159185.0,0.0,0.0,0.0,False,0.0,0.0,0,0,[],237.0,,,,0.0,0.4988505747126436,0.0,0.0077041602465331,1.0,0.0,0.0,217.84584567032965,217.84584567032965,0.2655284986771778,1.5065547349591766,0.206023416073078,0.1302569965044958,0,0,0.3220710935039256,False,1.0463297942522007,False,-5.860927841141684,False,1.1287282187973355,0.562800875273523,False
119,0.0,0.0,275.0,0.0,110.0,0.0,False,User Group Created by Badblood github.com/davidprowe/badblood,"CN=WI-VITOR1893-DISTLIST1,OU=DEVICES,OU=ITS,OU=TIER 2,DC=MYLAB,DC=LOCAL",False,False,MYLAB.LOCAL,S-1-5-21-1333368235-828418111-1849936505,False,2025-03-16T21:35:36.886857315Z,LOGISTICS-DEPARTMENT-02@MYLAB.LOCAL,S-1-5-21-1333368235-828418111-1849936505-3699,WI-vitor1893-distlist1,1742159185.0,0.0,0.0,0.0,False,0.0,0.0,0,0,[],385.0,,,,0.0,0.632183908045977,0.0,0.0423728813559322,1.0,0.0,0.0,313.1878081746941,313.1878081746941,0.141852127745742,1.674556789401909,0.2289979262985726,0.2115989183722822,0,0,0.3367578797455152,False,1.4442552803696291,False,-6.101260235541455,False,2.338055827563565,0.3964989059080963,False
120,0.0,0.0,218.0,0.0,48.0,0.0,False,User Group Created by Badblood github.com/davidprowe/badblood,"CN=CO-AT.MADRID-DISTLIST1,OU=SEC,OU=PEOPLE,DC=MYLAB,DC=LOCAL",False,False,MYLAB.LOCAL,S-1-5-21-1333368235-828418111-1849936505,False,2025-03-16T21:35:36.886857315Z,DESIGN-USERS-01@MYLAB.LOCAL,S-1-5-21-1333368235-828418111-1849936505-3700,CO-at.madrid-distlist1,1742159185.0,0.0,0.0,0.0,False,0.0,0.0,0,0,[],266.0,,,,0.0,0.5011494252873563,0.0,0.0184899845916795,1.0,0.0,0.0,304.5130422118865,304.5130422118865,0.1531049228925849,1.5196394098790358,0.2078127632256513,0.1461956163299404,0,0,0.3161449249450491,False,1.1529441909720335,False,-5.892381266346806,False,1.0380949901185486,0.5838074398249453,False
121,0.0,0.0,242.0,0.0,128.0,0.0,False,User Group Created by Badblood github.com/davidprowe/badblood,"CN=LL-PRISCILLA-DISTLIST1,OU=TEST,OU=AWS,OU=TIER 2,DC=MYLAB,DC=LOCAL",False,False,MYLAB.LOCAL,S-1-5-21-1333368235-828418111-1849936505,False,2025-03-16T21:35:36.886857315Z,PRODUCT-STAFF@MYLAB.LOCAL,S-1-5-21-1333368235-828418111-1849936505-3701,LL-priscilla-distlist1,1742159185.0,0.0,0.0,0.0,False,0.0,0.0,0,0,[],370.0,,,,0.0,0.5563218390804597,0.0,0.049306625577812,1.0,0.0,0.0,267.8234067911661,267.8234067911661,0.2006982473893871,1.6056284646582717,0.2195718838200938,0.2033548046694659,0,0,0.334068861372472,False,0.9803281664035184,False,-5.990501389051754,False,2.537465945646038,0.5107221006564552,False
123,0.0,10.0,218.0,0.0,24.0,2.0,False,User Group Created by Badblood github.com/davidprowe/badblood,"CN=IL-197-DISTLIST1,OU=GROUPS,OU=ITS,OU=STAGE,DC=MYLAB,DC=LOCAL",False,False,MYLAB.LOCAL,S-1-5-21-1333368235-828418111-1849936505,False,2025-03-16T21:35:40.097Z,CUSTOMER-SERVICE-CONTRIBUTORS-01@MYLAB.LOCAL,S-1-5-21-1333368235-828418111-1849936505-3703,IL-197-distlist1,1742159185.0,0.0,0.0,0.0,False,0.0,0.0,0,0,[],252.0,,,,0.0027995520716685,0.5011494252873563,0.0,0.0092449922958397,1.0,0.0,0.0,230.2507023327764,220.2507023327764,0.2624089494586679,1.5131939696548646,0.2069313404785949,0.1385011102073119,0,0,0.34791671635321,False,0.9623318471103918,False,-5.79936148431642,False,1.1903976868540795,0.5575492341356674,False
124,0.0,0.0,219.0,0.0,73.0,0.0,False,User Group Created by Badblood github.com/davidprowe/badblood,"CN=RO-RAD-DISTLIST1,OU=T1-ROLES,OU=TIER 1,OU=ADMIN,DC=MYLAB,DC=LOCAL",False,False,MYLAB.LOCAL,S-1-5-21-1333368235-828418111-1849936505,False,2025-03-16T21:35:36.886857315Z,FACILITIES-CONTRIBUTORS@MYLAB.LOCAL,S-1-5-21-1333368235-828418111-1849936505-3704,RO-rad-distlist1,1742159186.0,0.0,0.0,0.0,False,0.0,0.0,0,0,[],292.0,,,,0.0,0.503448275862069,0.0,0.0281201848998459,1.0,0.0,0.0,297.2091202044,297.2091202044,0.1625794768426446,1.5315684607619149,0.2094440772140322,0.1604854134148218,0,0,0.3250436356231065,False,1.090832397308598,False,-5.788696551913612,False,1.7106042739823195,0.4529540481400437,False
125,0.0,0.0,218.0,0.0,52.0,2.0,False,User Group Created by Badblood github.com/davidprowe/badblood,"CN=MI-ZENDYNICO-ADMINGROUP1,OU=T1-SERVERS,OU=TIER 1,OU=ADMIN,DC=MYLAB,DC=LOCAL",False,False,MYLAB.LOCAL,S-1-5-21-1333368235-828418111-1849936505,False,2025-03-16T21:35:36.886857315Z,PRODUCT-GROUP@MYLAB.LOCAL,S-1-5-21-1333368235-828418111-1849936505-3705,MI-zendynico-admingroup1,1742159186.0,0.0,0.0,0.0,False,0.0,0.0,0,0,[],270.0,,,,0.0,0.5011494252873563,0.0,0.0200308166409861,1.0,0.0,0.0,270.6750620259228,270.6750620259228,0.1969991167933896,1.5211802419283424,0.2080234741112413,0.1483940466506914,0,0,0.3173202524038008,False,1.032692031024475,False,-5.77459116521868,False,1.4281105251133732,0.5470459518599563,False
126,0.0,0.0,270.0,0.0,19.0,0.0,False,User Group Created by Badblood github.com/davidprowe/badblood,"CN=RI-PRI-DISTLIST1,OU=SERVICEACCOUNTS,OU=SEC,OU=STAGE,DC=MYLAB,DC=LOCAL",False,False,MYLAB.LOCAL,S-1-5-21-1333368235-828418111-1849936505,False,2025-03-16T21:35:36.886857315Z,FINANCE-MEMBERS@MYLAB.LOCAL,S-1-5-21-1333368235-828418111-1849936505-3706,RI-pri-distlist1,1742159186.0,0.0,0.0,0.0,False,0.0,0.0,0,0,[],289.0,,,,0.0,0.6206896551724138,0.0,0.0073189522342064,1.0,0.0,0.0,304.2899018909295,304.2899018909295,0.1533943776549952,1.6280086074066202,0.2226323988841832,0.1588365906742585,0,0,0.3351530726377642,False,1.0430596476356817,False,-5.819840757115848,False,1.5020356499011986,0.4708971553610503,False
127,0.0,0.0,219.0,0.0,26.0,0.0,False,User Group Created by Badblood github.com/davidprowe/badblood,"CN=IV-29D-DISTLIST1,OU=AWS,OU=TIER 2,DC=MYLAB,DC=LOCAL",False,False,MYLAB.LOCAL,S-1-5-21-1333368235-828418111-1849936505,False,2025-03-16T21:35:36.886857315Z,SALES-MEMBERS@MYLAB.LOCAL,S-1-5-21-1333368235-828418111-1849936505-3707,IV-29d-distlist1,1742159186.0,0.0,0.0,0.0,False,0.0,0.0,0,0,[],245.0,,,,0.0,0.503448275862069,0.0,0.010015408320493,1.0,0.0,0.0,294.9916780684256,294.9916780684256,0.1654559143411408,1.513463684182562,0.2069682243083498,0.1346538571459977,0,0,0.3158795729929031,False,0.9677727884944148,False,-5.61858439911032,False,1.6359971831025528,0.5785557986870897,False
128,0.0,0.0,219.0,0.0,32.0,0.0,False,User Group Created by Badblood github.com/davidprowe/badblood,"CN=AN-CJGCDMBBD-ADMINGROUP1,OU=TEST,OU=TST,OU=STAGE,DC=MYLAB,DC=LOCAL",False,False,MYLAB.LOCAL,S-1-5-21-1333368235-828418111-1849936505,False,2025-03-16T21:35:36.886857315Z,STRATEGY-MEMBERS@MYLAB.LOCAL,S-1-5-21-1333368235-828418111-1849936505-3708,AN-cjgcdmbbd-admingroup1,1742159187.0,0.0,0.0,0.0,False,0.0,0.0,0,0,[],251.0,,,,0.0,0.503448275862069,0.0,0.012326656394453,1.0,0.0,0.0,364.67306120493697,364.67306120493697,0.075066117850302,1.515774932256522,0.2072842906367349,0.1379515026271242,0,0,0.3184811741938659,False,1.087904670795435,False,-5.6331231210708985,False,1.6259348701241054,0.4612691466083151,False
129,0.0,0.0,218.0,0.0,26.0,0.0,False,User Group Created by Badblood github.com/davidprowe/badblood,"CN=CA-GUA-ADMINGROUP1,OU=ITS,OU=STAGE,DC=MYLAB,DC=LOCAL",False,False,MYLAB.LOCAL,S-1-5-21-1333368235-828418111-1849936505,False,2025-03-16T21:35:36.886857315Z,COMPLIANCE-DEPARTMENT@MYLAB.LOCAL,S-1-5-21-1333368235-828418111-1849936505-3709,CA-gua-admingroup1,1742159187.0,0.0,0.0,0.0,False,0.0,0.0,0,0,[],244.0,,,,0.0,0.5011494252873563,0.0,0.010015408320493,1.0,0.0,0.0,283.4713218513944,283.4713218513944,0.1803999726690214,1.5111648336078494,0.2066538533549064,0.13410424956581,0,0,0.325881969597051,False,1.1425368068173554,False,-5.467225923465831,False,2.045187227000375,0.3409190371991247,False
131,0.0,0.0,219.0,0.0,135.0,0.0,False,User Group Created by Badblood github.com/davidprowe/badblood,"CN=DA-24A-DISTLIST1,OU=TEST,OU=ESM,OU=TIER 2,DC=MYLAB,DC=LOCAL",False,False,MYLAB.LOCAL,S-1-5-21-1333368235-828418111-1849936505,False,2025-03-16T21:35:36.886857315Z,LOGISTICS-DEPARTMENT-03@MYLAB.LOCAL,S-1-5-21-1333368235-828418111-1849936505-3711,DA-24A-distlist1,1742159187.0,0.0,0.0,0.0,False,0.0,0.0,0,0,[],354.0,,,,0.0,0.503448275862069,0.0,0.0520030816640986,1.0,0.0,0.0,248.8873831440113,248.8873831440113,0.2252618143963568,1.5554513575261677,0.2127100959406769,0.194561083386462,0,0,0.3959317072912611,False,2.6590034548035497,False,-6.580969228835014,False,3.248956022787296,0.3291028446389497,False
132,0.0,1.0,218.0,0.0,24.0,0.0,False,User Group Created by Badblood github.com/davidprowe/badblood,"CN=TO-SANCHEZ19-DISTLIST1,OU=TST,OU=PEOPLE,DC=MYLAB,DC=LOCAL",False,False,MYLAB.LOCAL,S-1-5-21-1333368235-828418111-1849936505,False,2025-03-16T21:35:36.886857315Z,OPERATIONS-ANNOUNCE@MYLAB.LOCAL,S-1-5-21-1333368235-828418111-1849936505-3712,TO-sanchez19-distlist1,1742159188.0,0.0,0.0,0.0,False,12.0,15.0,"                                   label       kind  \
id                                                    
1002                   USERS@MYLAB.LOCAL  Container   
1006  TO-SANCHEZ19-DISTLIST1@MYLAB.LOCAL      Group   
1013        DOMAIN COMPUTERS@MYLAB.LOCAL      Group   
1019             LOUIS_TYLER@MYLAB.LOCAL       User   
128            DOMAIN ADMINS@MYLAB.LOCAL      Group   
2449             KELLY_BARRY@MYLAB.LOCAL       User   
406          CHRISTIE_WILSON@MYLAB.LOCAL       User   
477            JENNA_HARDING@MYLAB.LOCAL       User   
74            FINWLPT1000000.MYLAB.LOCAL   Computer   
869         DA-EST-DISTLIST1@MYLAB.LOCAL      Group   
872         RO-ARJ-DISTLIST1@MYLAB.LOCAL      Group   
879       JA-CUC-ADMINGROUP1@MYLAB.LOCAL      Group   

                                           objectId  isTierZero  \
id                                                                
1002           643CE9DD-6D50-4B82-8DA1-994C82A16D6C       False   
1006  S-1-5-21-1333368235-828418111-1849936505-3712       False   
1013   S-1-5-21-1333368235-828418111-1849936505-515       False   
1019  S-1-5-21-1333368235-828418111-1849936505-3276        True   
128    S-1-5-21-1333368235-828418111-1849936505-512        True   
2449  S-1-5-21-1333368235-828418111-1849936505-3133       False   
406   S-1-5-21-1333368235-828418111-1849936505-1376       False   
477   S-1-5-21-1333368235-828418111-1849936505-1447        True   
74    S-1-5-21-1333368235-828418111-1849936505-4165       False   
869   S-1-5-21-1333368235-828418111-1849936505-3782       False   
872   S-1-5-21-1333368235-828418111-1849936505-3635       False   
879   S-1-5-21-1333368235-828418111-1849936505-3831       False   

      isOwnedObject                        lastSeen  
id                                                   
1002          False        2025-03-16T21:35:40.053Z  
1006          False  2025-03-16T21:35:36.886857315Z  
1013          False  2025-03-16T21:35:36.886857315Z  
1019          False        2025-03-16T21:35:40.117Z  
128           False        2025-03-16T21:35:40.428Z  
2449          False        2025-03-16T21:35:40.117Z  
406           False        2025-03-16T21:35:40.117Z  
477           False  2025-03-16T21:35:31.048103438Z  
74            False  2025-03-16T21:35:30.314409114Z  
869           False        2025-03-16T21:35:39.799Z  
872           False        2025-03-16T21:35:39.799Z  
879           False  2025-03-16T21:35:36.886857315Z  ","   source target       label        kind                        lastSeen
0    1006     74  GenericAll  GenericAll  2025-03-16T21:35:30.314791875Z
1      74   1013    MemberOf    MemberOf  2025-03-16T21:35:30.314791875Z
2    1013    879    MemberOf    MemberOf   2025-03-16T21:35:36.88777499Z
3     879   2449  GenericAll  GenericAll  2025-03-16T21:35:35.889597893Z
4    2449    869    MemberOf    MemberOf   2025-03-16T21:35:36.88777499Z
5     869   1019  GenericAll  GenericAll  2025-03-16T21:35:35.889597893Z
6    1019    128    MemberOf    MemberOf   2025-03-16T21:35:36.88777499Z
7     879    406  GenericAll  GenericAll  2025-03-16T21:35:31.049135433Z
8     406    872    MemberOf    MemberOf   2025-03-16T21:35:36.88777499Z
9     872    477  GenericAll  GenericAll  2025-03-16T21:35:31.049135433Z
10    477    128    MemberOf    MemberOf   2025-03-16T21:35:36.88777499Z
11    872   1019  GenericAll  GenericAll  2025-03-16T21:35:35.889597893Z
12    869    477  GenericAll  GenericAll  2025-03-16T21:35:31.049135433Z
13    872   1002  GenericAll  GenericAll  2025-03-16T21:35:38.232994191Z
14   1002    128    Contains    Contains   2025-03-16T21:35:36.88777499Z","['643CE9DD-6D50-4B82-8DA1-994C82A16D6C'
 'S-1-5-21-1333368235-828418111-1849936505-3712'
 'S-1-5-21-1333368235-828418111-1849936505-515'
 'S-1-5-21-1333368235-828418111-1849936505-3276'
 'S-1-5-21-1333368235-828418111-1849936505-512'
 'S-1-5-21-1333368235-828418111-1849936505-3133'
 'S-1-5-21-1333368235-828418111-1849936505-1376'
 'S-1-5-21-1333368235-828418111-1849936505-1447'
 'S-1-5-21-1333368235-828418111-1849936505-4165'
 'S-1-5-21-1333368235-828418111-1849936505-3782'
 'S-1-5-21-1333368235-828418111-1849936505-3635'
 'S-1-5-21-1333368235-828418111-1849936505-3831']",264.0,,,,0.0002799552071668,0.5011494252873563,0.5,0.0092449922958397,1.0,6.0,0.00836820083682,301.9347129344641,300.9347129344641,0.1577466857366112,2.019042573627183,0.2761068274276294,0.1450964011695649,0,0,0.4638283918241823,False,1.3790026802814426,False,-5.934991476155696,False,1.0622891232648546,0.4026258205689277,False
133,0.0,0.0,221.0,0.0,83.0,0.0,False,User Group Created by Badblood github.com/davidprowe/badblood,"CN=OD-LASCIVETE-DISTLIST1,OU=GROUPS,OU=GOO,OU=TIER 1,DC=MYLAB,DC=LOCAL",False,False,MYLAB.LOCAL,S-1-5-21-1333368235-828418111-1849936505,False,2025-03-16T21:35:36.886857315Z,STRATEGY-STAFF@MYLAB.LOCAL,S-1-5-21-1333368235-828418111-1849936505-3713,OD-lascivete-distlist1,1742159188.0,0.0,0.0,0.0,False,0.0,0.0,0,0,[],304.0,,,,0.0,0.5080459770114942,0.0,0.0319722650231124,1.0,0.0,0.0,303.73068165625057,303.73068165625057,0.1541197909710191,1.540018242034607,0.210599596334894,0.1670807043770747,0,0,0.3225471894441636,False,1.1483271822918475,False,-6.091327376782276,False,1.2083544353021376,0.5649890590809629,False
134,0.0,0.0,315.0,0.0,20.0,0.0,False,User Group Created by Badblood github.com/davidprowe/badblood,"CN=BE-905-DISTLIST1,OU=SERVICEACCOUNTS,OU=BDE,OU=STAGE,DC=MYLAB,DC=LOCAL",False,False,MYLAB.LOCAL,S-1-5-21-1333368235-828418111-1849936505,False,2025-03-16T21:35:36.886857315Z,TRAINING-STAFF@MYLAB.LOCAL,S-1-5-21-1333368235-828418111-1849936505-3714,BE-905-distlist1,1742159188.0,0.0,0.0,0.0,False,0.0,0.0,0,0,[],335.0,,,,0.0,0.7241379310344828,0.0,0.0077041602465331,1.0,0.0,0.0,353.9737686672554,353.9737686672554,0.0889451029040623,1.731842091281016,0.2368317695105359,0.1841185393628948,0,0,0.3590374938407206,False,1.5631349734510005,False,-5.743698467720252,False,2.8429166981196423,0.2708971553610503,False
135,0.0,0.0,219.0,0.0,29.0,0.0,False,User Group Created by Badblood github.com/davidprowe/badblood,"CN=MA-WHITEFAST-DISTLIST1,OU=SERVICEACCOUNTS,OU=SEC,OU=TIER 1,DC=MYLAB,DC=LOCAL",False,False,MYLAB.LOCAL,S-1-5-21-1333368235-828418111-1849936505,False,2025-03-16T21:35:36.886857315Z,QUALITY-ANNOUNCE@MYLAB.LOCAL,S-1-5-21-1333368235-828418111-1849936505-3715,MA-whitefast-distlist1,1742159188.0,0.0,0.0,0.0,False,0.0,0.0,0,0,[],248.0,,,,0.0,0.503448275862069,0.0,0.011171032357473,1.0,0.0,0.0,330.85980873609486,330.85980873609486,0.1189282352736073,1.514619308219542,0.2071262574725423,0.136302679886561,0,0,0.3209776875016596,False,1.0537286978181215,False,-5.576918995904373,False,1.7612752191481384,0.424070021881838,False
136,0.0,0.0,217.0,0.0,160.0,0.0,False,User Group Created by Badblood github.com/davidprowe/badblood,"CN=EV-QET-DISTLIST1,OU=GROUPER-GROUPS,DC=MYLAB,DC=LOCAL",False,False,MYLAB.LOCAL,S-1-5-21-1333368235-828418111-1849936505,False,2025-03-16T21:35:36.886857315Z,DESIGN-ANNOUNCE@MYLAB.LOCAL,S-1-5-21-1333368235-828418111-1849936505-3716,EV-qet-distlist1,1742159189.0,0.0,0.0,0.0,False,0.0,0.0,0,0,[],377.0,,,,0.0,0.4988505747126436,0.0,0.061633281972265,1.0,0.0,0.0,309.7674145640898,309.7674145640898,0.1462890184684103,1.5604838566849086,0.2133982970687274,0.2072020577307802,0,0,0.3290185778222972,False,1.019843142739729,False,-5.909909627164099,False,3.41964205654824,0.4481400437636761,False
137,0.0,0.0,218.0,0.0,34.0,0.0,False,User Group Created by Badblood github.com/davidprowe/badblood,"CN=CO-BEN-DISTLIST1,OU=BDE,OU=TIER 1,DC=MYLAB,DC=LOCAL",False,False,MYLAB.LOCAL,S-1-5-21-1333368235-828418111-1849936505,False,2025-03-16T21:35:36.886857315Z,OPERATIONS-TEAM@MYLAB.LOCAL,S-1-5-21-1333368235-828418111-1849936505-3717,CO-ben-distlist1,1742159189.0,0.0,0.0,0.0,False,0.0,0.0,0,0,[],252.0,,,,0.0,0.5011494252873563,0.0,0.0130970724191063,1.0,0.0,0.0,358.5656899334901,358.5656899334901,0.0829885215321947,1.5142464977064627,0.2070752751260864,0.1385011102073119,0,0,0.3161201177562172,False,1.1349706290109725,False,-5.740860036206829,False,1.3539323247579789,0.5172866520787747,False
138,0.0,0.0,220.0,0.0,32.0,0.0,False,User Group Created by Badblood github.com/davidprowe/badblood,"CN=RO-8.32668E1-DISTLIST1,OU=GROUPS,OU=AWS,OU=TIER 2,DC=MYLAB,DC=LOCAL",False,False,MYLAB.LOCAL,S-1-5-21-1333368235-828418111-1849936505,False,2025-03-16T21:35:36.886857315Z,FINANCE-DEPARTMENT@MYLAB.LOCAL,S-1-5-21-1333368235-828418111-1849936505-3718,RO-8.32668E1-distlist1,1742159189.0,0.0,0.0,0.0,False,0.0,0.0,0,0,[],252.0,,,,0.0,0.5057471264367817,0.0,0.012326656394453,1.0,0.0,0.0,241.59848006366977,241.59848006366977,0.2347168859867527,1.5180737828312347,0.2075986615901783,0.1385011102073119,0,0,0.3224236743507769,False,1.1384739375937991,False,-5.583604425345177,False,1.7494689825791512,0.387308533916849,False
139,0.0,0.0,219.0,0.0,22.0,0.0,False,User Group Created by Badblood github.com/davidprowe/badblood,"CN=JA-AZN813LOL-ADMINGROUP1,OU=AZR,OU=PEOPLE,DC=MYLAB,DC=LOCAL",False,False,MYLAB.LOCAL,S-1-5-21-1333368235-828418111-1849936505,False,2025-03-16T21:35:36.886857315Z,COMPLIANCE-USERS@MYLAB.LOCAL,S-1-5-21-1333368235-828418111-1849936505-3719,JA-azn813lol-admingroup1,1742159189.0,0.0,0.0,0.0,False,0.0,0.0,0,0,[],241.0,,,,0.0,0.503448275862069,0.0,0.0084745762711864,1.0,0.0,0.0,265.81218635280834,265.81218635280834,0.2033071767466765,1.5119228521332553,0.2067575134227599,0.1324554268252467,0,0,0.3212541247031596,False,1.009905374041864,False,-5.848801041060956,False,1.0863868061451358,0.5894967177242888,False
140,0.0,0.0,217.0,0.0,141.0,0.0,False,User Group Created by Badblood github.com/davidprowe/badblood,"CN=JE-769-DISTLIST1,OU=SERVICEACCOUNTS,OU=GOO,OU=STAGE,DC=MYLAB,DC=LOCAL",False,False,MYLAB.LOCAL,S-1-5-21-1333368235-828418111-1849936505,False,2025-03-16T21:35:36.886857315Z,RESEARCH-ANNOUNCE-02@MYLAB.LOCAL,S-1-5-21-1333368235-828418111-1849936505-3720,JE-769-distlist1,1742159190.0,0.0,0.0,0.0,False,0.0,0.0,0,0,[],358.0,,,,0.0,0.4988505747126436,0.0,0.0543143297380585,1.0,0.0,0.0,253.16202927077325,253.16202927077325,0.2197167982661316,1.553164904450702,0.212397420362175,0.196759513707213,0,0,0.3257691803418689,False,1.0015436646693785,False,-5.9499240441738,False,2.912710776182037,0.4914660831509847,False
141,0.0,0.0,218.0,0.0,19.0,0.0,False,User Group Created by Badblood github.com/davidprowe/badblood,"CN=SE-C3A9C3A0C-DISTLIST1,OU=DOMAIN CONTROLLERS,DC=MYLAB,DC=LOCAL",False,False,MYLAB.LOCAL,S-1-5-21-1333368235-828418111-1849936505,False,2025-03-16T21:35:36.886857315Z,LEGAL-ANNOUNCE@MYLAB.LOCAL,S-1-5-21-1333368235-828418111-1849936505-3721,SE-C3A9C3A0C-distlist1,1742159190.0,0.0,0.0,0.0,False,0.0,0.0,0,0,[],237.0,,,,0.0,0.5011494252873563,0.0,0.0073189522342064,1.0,0.0,0.0,276.8356628956081,276.8356628956081,0.1890076643593697,1.5084683775215626,0.2062851093051239,0.1302569965044958,0,0,0.3165199759282514,False,1.1168295280393663,False,-5.609994178111946,False,1.6552954809343547,0.4573304157549234,False
142,0.0,0.0,218.0,0.0,28.0,0.0,False,User Group Created by Badblood github.com/davidprowe/badblood,"CN=NO-LUI-DISTLIST1,OU=ADMIN,DC=MYLAB,DC=LOCAL",False,False,MYLAB.LOCAL,S-1-5-21-1333368235-828418111-1849936505,False,2025-03-16T21:35:36.886857315Z,CUSTOMER-SERVICE-ALL@MYLAB.LOCAL,S-1-5-21-1333368235-828418111-1849936505-3722,NO-LUI-distlist1,1742159190.0,0.0,0.0,0.0,False,0.0,0.0,0,0,[],246.0,,,,0.0,0.5011494252873563,0.0,0.0107858243451463,1.0,0.0,0.0,233.3102849972654,233.3102849972654,0.2454682263248311,1.5119352496325025,0.2067592087977014,0.1352034647261855,0,0,0.337673530745502,False,1.1875119976768758,False,-6.052037569006783,False,0.9309853991411252,0.524288840262582,False
143,0.0,0.0,217.0,0.0,27.0,3.0,False,User Group Created by Badblood github.com/davidprowe/badblood,"CN=MA-EST-ADMINGROUP1,OU=OGC,OU=TIER 1,DC=MYLAB,DC=LOCAL",False,False,MYLAB.LOCAL,S-1-5-21-1333368235-828418111-1849936505,False,2025-03-16T21:35:40.097Z,PROCUREMENT-EMPLOYEES-01@MYLAB.LOCAL,S-1-5-21-1333368235-828418111-1849936505-3723,MA-est-admingroup1,1742159190.0,0.0,0.0,0.0,False,0.0,0.0,0,0,[],244.0,,,,0.0,0.4988505747126436,0.0,0.0104006163328197,1.0,0.0,0.0,322.0407225026647,322.0407225026647,0.1303682408244906,1.5092511910454631,0.2063921601228605,0.13410424956581,0,0,0.314655568837878,False,1.0774465758728653,False,-5.70368685766239,False,1.4424623752994787,0.5295404814004376,False
144,0.0,0.0,386.0,0.0,29.0,0.0,False,User Group Created by Badblood github.com/davidprowe/badblood,"CN=LI-LUISPECAS-DISTLIST1,OU=DEVICES,OU=TST,OU=TIER 1,DC=MYLAB,DC=LOCAL",False,False,MYLAB.LOCAL,S-1-5-21-1333368235-828418111-1849936505,False,2025-03-16T21:35:36.886857315Z,HR-DEPARTMENT-02@MYLAB.LOCAL,S-1-5-21-1333368235-828418111-1849936505-3724,LI-luispecas-distlist1,1742159190.0,0.0,0.0,0.0,False,0.0,0.0,0,0,[],415.0,,,,0.0,0.8873563218390804,0.0,0.011171032357473,1.0,0.0,0.0,284.22695580014226,284.22695580014226,0.1794197740022544,1.8985273541965533,0.2596262066975982,0.2280871457779145,0,0,0.371574576666224,False,0.97478733629002,False,-5.500365689884599,False,5.145633909478417,0.3540481400437636,False
145,0.0,0.0,411.0,0.0,30.0,5.0,False,User Group Created by Badblood github.com/davidprowe/badblood,"CN=JO-JUL-DISTLIST1,OU=GROUPS,OU=TST,OU=STAGE,DC=MYLAB,DC=LOCAL",False,False,MYLAB.LOCAL,S-1-5-21-1333368235-828418111-1849936505,False,2025-03-16T21:35:40.097Z,AUDIT-TEAM-02@MYLAB.LOCAL,S-1-5-21-1333368235-828418111-1849936505-3725,JO-jul-distlist1,1742159191.0,0.0,0.0,0.0,False,0.0,0.0,0,0,[],441.0,,,,0.0,0.9448275862068966,0.0,0.0115562403697996,1.0,0.0,0.0,229.1591925256186,229.1591925256186,0.2508529702383054,1.956383826576696,0.2675381582550818,0.2423769428627959,0,0,0.4014766579520373,False,1.0136013280302698,False,-5.398485613796357,False,5.926707622335238,0.2638949671772429,False
146,0.0,0.0,219.0,0.0,100.0,0.0,False,User Group Created by Badblood github.com/davidprowe/badblood,"CN=KI-JAR-DISTLIST1,OU=SERVICEACCOUNTS,OU=ESM,OU=TIER 2,DC=MYLAB,DC=LOCAL",False,False,MYLAB.LOCAL,S-1-5-21-1333368235-828418111-1849936505,False,2025-03-16T21:35:36.886857315Z,TRAINING-DEPARTMENT@MYLAB.LOCAL,S-1-5-21-1333368235-828418111-1849936505-3726,KI-jar-distlist1,1742159191.0,0.0,0.0,0.0,False,0.0,0.0,0,0,[],319.0,,,,0.0,0.503448275862069,0.0,0.0385208012326656,1.0,0.0,0.0,249.23661823422145,249.23661823422145,0.2248087911165275,1.5419690770947343,0.2108663756917645,0.1753248180798909,0,0,0.3574250345423627,False,2.276140904283135,False,-6.386746901119341,False,1.6158192237630042,0.412691466083151,False
147,0.0,0.0,221.0,0.0,36.0,2.0,False,User Group Created by Badblood github.com/davidprowe/badblood,"CN=DO-905-ADMINGROUP1,OU=DEVICES,OU=OGC,OU=TIER 2,DC=MYLAB,DC=LOCAL",False,False,MYLAB.LOCAL,S-1-5-21-1333368235-828418111-1849936505,False,2025-03-16T21:35:40.097Z,QUALITY-CONTRIBUTORS-01@MYLAB.LOCAL,S-1-5-21-1333368235-828418111-1849936505-3727,DO-905-admingroup1,1742159191.0,0.0,0.0,0.0,False,0.0,0.0,0,0,[],257.0,,,,0.0,0.5080459770114942,0.0,0.0138674884437596,1.0,0.0,0.0,307.8551800328453,307.8551800328453,0.1487695445765579,1.521913465455254,0.2081237434292117,0.1412491481082507,0,0,0.3355757028843303,False,1.13764120125243,False,-6.070153758160088,False,0.6638686083937686,0.5579868708971554,False
148,0.0,0.0,275.0,0.0,24.0,0.0,False,User Group Created by Badblood github.com/davidprowe/badblood,"CN=LU-AWA-DISTLIST1,OU=BDE,OU=TIER 2,DC=MYLAB,DC=LOCAL",False,False,MYLAB.LOCAL,S-1-5-21-1333368235-828418111-1849936505,False,2025-03-16T21:35:36.886857315Z,DESIGN-MEMBERS@MYLAB.LOCAL,S-1-5-21-1333368235-828418111-1849936505-3728,LU-awa-distlist1,1742159192.0,0.0,0.0,0.0,False,0.0,0.0,0,0,[],299.0,,,,0.0,0.632183908045977,0.0,0.0092449922958397,1.0,0.0,0.0,330.99279705768225,330.99279705768225,0.118755724528515,1.6414289003418168,0.224467642258388,0.164332666476136,0,0,0.3254123523030177,False,0.9860155469941428,False,-5.608151898090372,False,1.9956590991523129,0.4603938730853391,False
149,0.0,0.0,218.0,0.0,29.0,0.0,False,User Group Created by Badblood github.com/davidprowe/badblood,"CN=LU-COCOLOLIT-DISTLIST1,OU=TEST,OU=BDE,OU=TIER 1,DC=MYLAB,DC=LOCAL",False,False,MYLAB.LOCAL,S-1-5-21-1333368235-828418111-1849936505,False,2025-03-16T21:35:36.886857315Z,FACILITIES-USERS-01@MYLAB.LOCAL,S-1-5-21-1333368235-828418111-1849936505-3729,LU-cocololit-distlist1,1742159192.0,0.0,0.0,0.0,False,0.0,0.0,0,0,[],247.0,,,,0.0,0.5011494252873563,0.0,0.011171032357473,1.0,0.0,0.0,382.0920977087358,382.0920977087358,0.0524703671092426,1.5123204576448293,0.2068118865190989,0.1357530723063732,0,0,0.3334732615822127,False,1.0861455579504562,False,-6.027210880679354,False,0.8678327528147923,0.563238512035011,False
150,0.0,0.0,218.0,0.0,54.0,0.0,False,User Group Created by Badblood github.com/davidprowe/badblood,"CN=VI-NUR-DISTLIST1,OU=TIER 0,OU=ADMIN,DC=MYLAB,DC=LOCAL",False,False,MYLAB.LOCAL,S-1-5-21-1333368235-828418111-1849936505,False,2025-03-16T21:35:36.886857315Z,PROCUREMENT-TEAM-03@MYLAB.LOCAL,S-1-5-21-1333368235-828418111-1849936505-3730,VI-nur-distlist1,1742159192.0,0.0,0.0,0.0,False,0.0,0.0,0,0,[],272.0,,,,0.0,0.5011494252873563,0.0,0.0208012326656394,1.0,0.0,0.0,422.5414392914786,422.5414392914786,0.0,1.5219506579529956,0.2081288295540363,0.1494932618110669,0,0,0.3163432502654771,False,0.9745705975083894,False,-5.900273934050738,False,1.0953168286643864,0.6897155361050328,False
151,0.0,0.0,222.0,0.0,27.0,0.0,False,User Group Created by Badblood github.com/davidprowe/badblood,"CN=AN-MARIOBOLI-DISTLIST1,OU=SERVICEACCOUNTS,OU=OGC,OU=TIER 1,DC=MYLAB,DC=LOCAL",False,False,MYLAB.LOCAL,S-1-5-21-1333368235-828418111-1849936505,False,2025-03-16T21:35:36.886857315Z,FACILITIES-CONTRIBUTORS-01@MYLAB.LOCAL,S-1-5-21-1333368235-828418111-1849936505-3731,AN-marioboli-distlist1,1742159192.0,0.0,0.0,0.0,False,0.0,0.0,0,0,[],249.0,,,,0.0,0.5103448275862069,0.0,0.0104006163328197,1.0,0.0,0.0,312.30509772137816,312.30509772137816,0.1429971684243871,1.5207454439190269,0.2079640148900777,0.1368522874667487,0,0,0.3180831260440794,False,0.978268290904602,False,-5.611079566360178,False,1.62539123686696,0.5452954048140043,False
152,0.0,0.0,217.0,0.0,22.0,0.0,False,User Group Created by Badblood github.com/davidprowe/badblood,"CN=RA-DEF-ADMINGROUP1,OU=GROUPS,OU=AZR,OU=TIER 1,DC=MYLAB,DC=LOCAL",False,False,MYLAB.LOCAL,S-1-5-21-1333368235-828418111-1849936505,False,2025-03-16T21:35:36.886857315Z,FINANCE-ANNOUNCE-01@MYLAB.LOCAL,S-1-5-21-1333368235-828418111-1849936505-3732,RA-def-admingroup1,1742159193.0,0.0,0.0,0.0,False,0.0,0.0,0,0,[],239.0,,,,0.0,0.4988505747126436,0.0,0.0084745762711864,1.0,0.0,0.0,250.3851336307435,250.3851336307435,0.2233189516746949,1.50732515098383,0.206128771515873,0.1313562116648712,0,0,0.3167888934013407,False,1.0073351931276855,False,-5.6162575416131695,False,1.6574442669933842,0.512253829321663,False
153,0.0,0.0,217.0,0.0,26.0,0.0,False,User Group Created by Badblood github.com/davidprowe/badblood,"CN=AN-PUL-DISTLIST1,OU=SERVICEACCOUNTS,OU=HRE,OU=TIER 1,DC=MYLAB,DC=LOCAL",False,False,MYLAB.LOCAL,S-1-5-21-1333368235-828418111-1849936505,False,2025-03-16T21:35:36.886857315Z,DESIGN-ANNOUNCE-01@MYLAB.LOCAL,S-1-5-21-1333368235-828418111-1849936505-3733,AN-pul-distlist1,1742159193.0,0.0,0.0,0.0,False,0.0,0.0,0,0,[],243.0,,,,0.0,0.4988505747126436,0.0,0.010015408320493,1.0,0.0,0.0,199.99574115159737,199.99574115159737,0.2886834253184517,1.5088659830331366,0.206339482401463,0.1335546419856222,0,0,0.3204621446272225,False,1.006620480957858,False,-5.896949835483697,False,1.0076299592394231,0.624507658643326,False
154,0.0,0.0,241.0,0.0,32.0,0.0,False,User Group Created by Badblood github.com/davidprowe/badblood,"CN=RE-511-DISTLIST1,OU=GROUPS,OU=AZR,OU=STAGE,DC=MYLAB,DC=LOCAL",False,False,MYLAB.LOCAL,S-1-5-21-1333368235-828418111-1849936505,False,2025-03-16T21:35:36.886857315Z,MARKETING-USERS-02@MYLAB.LOCAL,S-1-5-21-1333368235-828418111-1849936505-3734,RE-511-distlist1,1742159193.0,0.0,0.0,0.0,False,0.0,0.0,0,0,[],273.0,,,,0.0,0.5540229885057472,0.0,0.012326656394453,1.0,0.0,0.0,305.8351031187404,305.8351031187404,0.1513899624405958,1.5663496449002,0.2142004516124907,0.1500428693912546,0,0,0.3303876301011862,False,1.663203063957165,False,-5.56000160676607,False,1.7295572835072222,0.3050328227571116,False
155,0.0,0.0,220.0,0.0,332.0,0.0,False,User Group Created by Badblood github.com/davidprowe/badblood,"CN=DO-5TG-DISTLIST1,OU=OGC,OU=TIER 2,DC=MYLAB,DC=LOCAL",False,False,MYLAB.LOCAL,S-1-5-21-1333368235-828418111-1849936505,False,2025-03-16T21:35:36.886857315Z,RESEARCH-USERS@MYLAB.LOCAL,S-1-5-21-1333368235-828418111-1849936505-3735,DO-5tg-distlist1,1742159193.0,0.0,0.0,0.0,False,0.0,0.0,0,0,[],552.0,,,,0.0,0.5057471264367817,0.0,0.1278890600924499,1.0,0.0,0.0,258.17380166432264,258.17380166432264,0.2132155913968041,1.6336361865292317,0.2234019780094272,0.3033833842636357,0,0,0.3730347075283045,False,2.1552724428208485,False,-5.256755846670686,False,8.09562544426815,0.1207877461706783,False
157,0.0,0.0,379.0,0.0,26.0,3.0,False,User Group Created by Badblood github.com/davidprowe/badblood,"CN=DO-GORDAS080-DISTLIST1,OU=DEVICES,OU=FSR,OU=TIER 2,DC=MYLAB,DC=LOCAL",False,False,MYLAB.LOCAL,S-1-5-21-1333368235-828418111-1849936505,False,2025-03-16T21:35:40.097Z,CUSTOMER-SERVICE-CONTRIBUTORS-02@MYLAB.LOCAL,S-1-5-21-1333368235-828418111-1849936505-3737,DO-gordas080-distlist1,1742159194.0,0.0,0.0,0.0,False,0.0,0.0,0,0,[],405.0,,,,0.0,0.871264367816092,0.0,0.010015408320493,1.0,0.0,0.0,275.70891309801,275.70891309801,0.1904692697454376,1.881279776136585,0.2572675768593016,0.2225910699760371,0,0,0.3821304182639845,False,0.9740521358399832,False,-5.381233386495496,False,5.05511151113875,0.3361050328227571,False
158,0.0,0.0,217.0,0.0,72.0,0.0,False,User Group Created by Badblood github.com/davidprowe/badblood,"CN=TI-MIC-DISTLIST1,OU=ESM,OU=TIER 1,DC=MYLAB,DC=LOCAL",False,False,MYLAB.LOCAL,S-1-5-21-1333368235-828418111-1849936505,False,2025-03-16T21:35:36.886857315Z,SALES-CONTRIBUTORS-01@MYLAB.LOCAL,S-1-5-21-1333368235-828418111-1849936505-3738,TI-mic-distlist1,1742159194.0,0.0,0.0,0.0,False,0.0,0.0,0,0,[],289.0,,,,0.0,0.4988505747126436,0.0,0.0277349768875192,1.0,0.0,0.0,267.03187587253615,267.03187587253615,0.2017250111450806,1.5265855516001627,0.2087626575857478,0.1588365906742585,0,0,0.323949081926161,False,1.1041103634558331,False,-6.102874147028744,False,0.9729254224626545,0.6035010940919038,False
159,0.0,67.0,219.0,0.0,43.0,3.0,False,User Group Created by Badblood github.com/davidprowe/badblood,"CN=LE-CHI-DISTLIST1,OU=DEVICES,OU=AWS,OU=TIER 2,DC=MYLAB,DC=LOCAL",False,False,MYLAB.LOCAL,S-1-5-21-1333368235-828418111-1849936505,False,2025-03-16T21:35:40.097Z,SALES-USERS@MYLAB.LOCAL,S-1-5-21-1333368235-828418111-1849936505-3739,LE-chi-distlist1,1742159194.0,0.0,0.0,0.0,False,6.0,6.0,"                               label   kind  \
id                                            
1019         LOUIS_TYLER@MYLAB.LOCAL   User   
128        DOMAIN ADMINS@MYLAB.LOCAL  Group   
2981    LE-CHI-DISTLIST1@MYLAB.LOCAL  Group   
477        JENNA_HARDING@MYLAB.LOCAL   User   
869     DA-EST-DISTLIST1@MYLAB.LOCAL  Group   
891   WH-S95-ADMINGROUP1@MYLAB.LOCAL  Group   

                                           objectId  isTierZero  \
id                                                                
1019  S-1-5-21-1333368235-828418111-1849936505-3276        True   
128    S-1-5-21-1333368235-828418111-1849936505-512        True   
2981  S-1-5-21-1333368235-828418111-1849936505-3739       False   
477   S-1-5-21-1333368235-828418111-1849936505-1447        True   
869   S-1-5-21-1333368235-828418111-1849936505-3782       False   
891   S-1-5-21-1333368235-828418111-1849936505-3940       False   

      isOwnedObject                        lastSeen  
id                                                   
1019          False        2025-03-16T21:35:40.117Z  
128           False        2025-03-16T21:35:40.428Z  
2981          False        2025-03-16T21:35:40.097Z  
477           False  2025-03-16T21:35:31.048103438Z  
869           False        2025-03-16T21:35:39.799Z  
891           False        2025-03-16T21:35:39.799Z  ","  source target       label        kind                        lastSeen
0   2981    891    MemberOf    MemberOf   2025-03-16T21:35:36.88777499Z
1    891    869  GenericAll  GenericAll   2025-03-16T21:35:36.88777499Z
2    869   1019  GenericAll  GenericAll  2025-03-16T21:35:35.889597893Z
3   1019    128    MemberOf    MemberOf   2025-03-16T21:35:36.88777499Z
4    869    477  GenericAll  GenericAll  2025-03-16T21:35:31.049135433Z
5    477    128    MemberOf    MemberOf   2025-03-16T21:35:36.88777499Z","['S-1-5-21-1333368235-828418111-1849936505-3276'
 'S-1-5-21-1333368235-828418111-1849936505-512'
 'S-1-5-21-1333368235-828418111-1849936505-3739'
 'S-1-5-21-1333368235-828418111-1849936505-1447'
 'S-1-5-21-1333368235-828418111-1849936505-3782'
 'S-1-5-21-1333368235-828418111-1849936505-3940']",355.0,,,,0.0187569988801791,0.503448275862069,0.2,0.0165639445300462,1.0,20.0,0.0278940027894002,287.81843952858264,220.81843952858264,0.2616724880499058,1.7666632220616945,0.2415936066668588,0.1951106909666498,0,0,0.4561167946578791,False,1.4131601462069456,False,-5.750754259613328,False,1.3871582073843145,0.3216630196936542,False
160,0.0,0.0,217.0,0.0,55.0,0.0,False,User Group Created by Badblood github.com/davidprowe/badblood,"CN=LE-PLECOSTOM-DISTLIST1,OU=TEST,OU=AZR,OU=TIER 1,DC=MYLAB,DC=LOCAL",False,False,MYLAB.LOCAL,S-1-5-21-1333368235-828418111-1849936505,False,2025-03-16T21:35:36.886857315Z,PROCUREMENT-ANNOUNCE-01@MYLAB.LOCAL,S-1-5-21-1333368235-828418111-1849936505-3740,LE-plecostom-distlist1,1742159195.0,0.0,0.0,0.0,False,0.0,0.0,0,0,[],272.0,,,,0.0,0.4988505747126436,0.0,0.0211864406779661,1.0,0.0,0.0,341.04209739730584,341.04209739730584,0.1057199010174582,1.5200370153906098,0.2078671363219904,0.1494932618110669,0,0,0.3236244007033071,False,1.1311310098235567,False,-5.708230101826016,False,1.6644536196272526,0.4288840262582056,False
161,0.0,0.0,218.0,0.0,181.0,0.0,False,User Group Created by Badblood github.com/davidprowe/badblood,"CN=EL-VAL-ADMINGROUP1,OU=DOMAIN CONTROLLERS,DC=MYLAB,DC=LOCAL",False,False,MYLAB.LOCAL,S-1-5-21-1333368235-828418111-1849936505,False,2025-03-16T21:35:36.886857315Z,HR-STAFF@MYLAB.LOCAL,S-1-5-21-1333368235-828418111-1849936505-3741,EL-VAL-admingroup1,1742159195.0,0.0,0.0,0.0,False,0.0,0.0,0,0,[],399.0,,,,0.0,0.5011494252873563,0.0,0.0697226502311248,1.0,0.0,0.0,300.9544062136918,300.9544062136918,0.1577211398673775,1.570872075518481,0.2148189001715183,0.2192934244949106,0,0,0.3366090758164187,False,1.111020402380423,False,-6.0757568935537805,False,3.817457932620712,0.4179431072210066,False
162,0.0,0.0,251.0,0.0,59.0,0.0,False,User Group Created by Badblood github.com/davidprowe/badblood,"CN=AL-LUCIADIAZ-DISTLIST1,OU=ITS,OU=PEOPLE,DC=MYLAB,DC=LOCAL",False,False,MYLAB.LOCAL,S-1-5-21-1333368235-828418111-1849936505,False,2025-03-16T21:35:36.886857315Z,COMPLIANCE-GROUP@MYLAB.LOCAL,S-1-5-21-1333368235-828418111-1849936505-3742,AL-luciadiaz-distlist1,1742159195.0,0.0,0.0,0.0,False,0.0,0.0,0,0,[],310.0,,,,0.0,0.5770114942528736,0.0,0.0227272727272727,1.0,0.0,0.0,287.0314466105318,287.0314466105318,0.1757818244926282,1.5997387669801464,0.2187664596246576,0.1703783498582012,0,0,0.3385911914692482,False,1.06992794372317,False,-5.643953743370431,False,1.87855714939869,0.3711159737417943,False
163,0.0,34.0,217.0,0.0,23.0,7.0,False,User Group Created by Badblood github.com/davidprowe/badblood,"CN=LI-ANG-DISTLIST1,OU=GOO,OU=STAGE,DC=MYLAB,DC=LOCAL",False,False,MYLAB.LOCAL,S-1-5-21-1333368235-828418111-1849936505,False,2025-03-16T21:35:40.097Z,PROCUREMENT-DEPARTMENT@MYLAB.LOCAL,S-1-5-21-1333368235-828418111-1849936505-3743,LI-ang-distlist1,1742159195.0,0.0,0.0,0.0,False,0.0,0.0,0,0,[],280.0,,,,0.009518477043673,0.4988505747126436,0.0,0.008859784283513,1.0,6.0,0.00836820083682,248.35124118234663,214.35124118234663,0.2700616547981741,1.5255970368766496,0.208627476848234,0.1538901224525688,0,0,0.4051448560234978,False,0.952703906119868,False,-5.581876642879436,False,1.74928993231173,0.4157549234135667,False
164,0.0,0.0,220.0,0.0,21.0,8.0,False,User Group Created by Badblood github.com/davidprowe/badblood,"CN=RU-RAFIQUI30-ADMINGROUP1,OU=FSR,OU=TIER 2,DC=MYLAB,DC=LOCAL",False,False,MYLAB.LOCAL,S-1-5-21-1333368235-828418111-1849936505,False,2025-03-16T21:35:36.886857315Z,CUSTOMER-SERVICE-CONTRIBUTORS-03@MYLAB.LOCAL,S-1-5-21-1333368235-828418111-1849936505-3744,RU-rafiqui30-admingroup1,1742159196.0,0.0,0.0,0.0,False,0.0,0.0,0,0,[],241.0,,,,0.0,0.5057471264367817,0.0,0.0080893682588597,1.0,0.0,0.0,220.1673788145833,220.1673788145833,0.2625170356577839,1.5138364946956413,0.2070192066548058,0.1324554268252467,0,0,0.3316901208825967,False,1.2247841241184545,False,-5.411087524901301,False,2.1451985092070123,0.2905908096280087,False
165,0.0,533.0,199.0,0.0,21.0,0.0,False,User Group Created by Badblood github.com/davidprowe/badblood,"CN=JO-CUT-ADMINGROUP1,OU=GROUPS,OU=AWS,OU=TIER 1,DC=MYLAB,DC=LOCAL",False,False,MYLAB.LOCAL,S-1-5-21-1333368235-828418111-1849936505,False,2025-03-16T21:35:39.799Z,DATABASE-OPERATORS@MYLAB.LOCAL,S-1-5-21-1333368235-828418111-1849936505-3745,JO-cut-admingroup1,1742159196.0,0.0,0.0,0.0,False,10.0,20.0,"                                   label       kind  \
id                                                    
1002                   USERS@MYLAB.LOCAL  Container   
1004      JO-CUT-ADMINGROUP1@MYLAB.LOCAL      Group   
1019             LOUIS_TYLER@MYLAB.LOCAL       User   
128            DOMAIN ADMINS@MYLAB.LOCAL      Group   
477            JENNA_HARDING@MYLAB.LOCAL       User   
869         DA-EST-DISTLIST1@MYLAB.LOCAL      Group   
870         DE-DAS-DISTLIST1@MYLAB.LOCAL      Group   
871   MA-VACACIONE-DISTLIST1@MYLAB.LOCAL      Group   
872         RO-ARJ-DISTLIST1@MYLAB.LOCAL      Group   
877         TA-24D-DISTLIST1@MYLAB.LOCAL      Group   

                                           objectId  isTierZero  \
id                                                                
1002           643CE9DD-6D50-4B82-8DA1-994C82A16D6C       False   
1004  S-1-5-21-1333368235-828418111-1849936505-3745       False   
1019  S-1-5-21-1333368235-828418111-1849936505-3276        True   
128    S-1-5-21-1333368235-828418111-1849936505-512        True   
477   S-1-5-21-1333368235-828418111-1849936505-1447        True   
869   S-1-5-21-1333368235-828418111-1849936505-3782       False   
870   S-1-5-21-1333368235-828418111-1849936505-3600       False   
871   S-1-5-21-1333368235-828418111-1849936505-3890       False   
872   S-1-5-21-1333368235-828418111-1849936505-3635       False   
877   S-1-5-21-1333368235-828418111-1849936505-4033       False   

      isOwnedObject                        lastSeen  
id                                                   
1002          False        2025-03-16T21:35:40.053Z  
1004          False        2025-03-16T21:35:39.799Z  
1019          False        2025-03-16T21:35:40.117Z  
128           False        2025-03-16T21:35:40.428Z  
477           False  2025-03-16T21:35:31.048103438Z  
869           False        2025-03-16T21:35:39.799Z  
870           False        2025-03-16T21:35:39.799Z  
871           False        2025-03-16T21:35:39.799Z  
872           False        2025-03-16T21:35:39.799Z  
877           False        2025-03-16T21:35:40.428Z  ","   source target       label        kind                        lastSeen
0    1004    870  GenericAll  GenericAll   2025-03-16T21:35:36.88777499Z
1     870   1019  GenericAll  GenericAll  2025-03-16T21:35:35.889597893Z
2    1019    128    MemberOf    MemberOf   2025-03-16T21:35:36.88777499Z
3    1004    872  GenericAll  GenericAll   2025-03-16T21:35:36.88777499Z
4     872   1019  GenericAll  GenericAll  2025-03-16T21:35:35.889597893Z
5     870   1002  GenericAll  GenericAll  2025-03-16T21:35:38.232994191Z
6    1002    128    Contains    Contains   2025-03-16T21:35:36.88777499Z
7     872   1002  GenericAll  GenericAll  2025-03-16T21:35:38.232994191Z
8    1004    871  GenericAll  GenericAll   2025-03-16T21:35:36.88777499Z
9     871   1002  GenericAll  GenericAll  2025-03-16T21:35:38.232994191Z
10   1004    877  GenericAll  GenericAll   2025-03-16T21:35:36.88777499Z
11    877   1019  GenericAll  GenericAll  2025-03-16T21:35:35.889597893Z
12   1004    869  GenericAll  GenericAll   2025-03-16T21:35:36.88777499Z
13    869    477  GenericAll  GenericAll  2025-03-16T21:35:31.049135433Z
14    477    128    MemberOf    MemberOf   2025-03-16T21:35:36.88777499Z
15    871   1019  GenericAll  GenericAll  2025-03-16T21:35:35.889597893Z
16    870    477  GenericAll  GenericAll  2025-03-16T21:35:31.049135433Z
17    871    477  GenericAll  GenericAll  2025-03-16T21:35:31.049135433Z
18    869   1019  GenericAll  GenericAll  2025-03-16T21:35:35.889597893Z
19    872    477  GenericAll  GenericAll  2025-03-16T21:35:31.049135433Z","['643CE9DD-6D50-4B82-8DA1-994C82A16D6C'
 'S-1-5-21-1333368235-828418111-1849936505-3745'
 'S-1-5-21-1333368235-828418111-1849936505-3276'
 'S-1-5-21-1333368235-828418111-1849936505-512'
 'S-1-5-21-1333368235-828418111-1849936505-1447'
 'S-1-5-21-1333368235-828418111-1849936505-3782'
 'S-1-5-21-1333368235-828418111-1849936505-3600'
 'S-1-5-21-1333368235-828418111-1849936505-3890'
 'S-1-5-21-1333368235-828418111-1849936505-3635'
 'S-1-5-21-1333368235-828418111-1849936505-4033']",785.0,,,,0.1492161254199328,0.4574712643678161,0.6666666666666666,0.0080893682588597,1.0,12.0,0.0167364016736401,520.0398942231957,-12.960105776804312,0.5649270186421096,2.2981798263869155,0.3142792276945023,0.4314419504473805,0,0,0.5988794347654662,True,2.8043669971025413,False,-5.573319951719471,False,2.1308694940846684,0.1684901531728665,False
167,0.0,0.0,217.0,0.0,25.0,0.0,False,User Group Created by Badblood github.com/davidprowe/badblood,"CN=HO-MALENBEMA-DISTLIST1,OU=ITS,OU=TIER 1,DC=MYLAB,DC=LOCAL",False,False,MYLAB.LOCAL,S-1-5-21-1333368235-828418111-1849936505,False,2025-03-16T21:35:36.886857315Z,MARKETING-USERS-03@MYLAB.LOCAL,S-1-5-21-1333368235-828418111-1849936505-3747,HO-malenbema-distlist1,1742159196.0,0.0,0.0,0.0,False,0.0,0.0,0,0,[],242.0,,,,0.0,0.4988505747126436,0.0,0.0096302003081664,1.0,0.0,0.0,291.65587134939705,291.65587134939705,0.1697830800329447,1.50848077502081,0.2062868046800655,0.1330050344054345,0,0,0.3166719231417331,False,0.9846372932965236,False,-5.793129607642455,False,1.219379175938993,0.6319474835886215,False
168,0.0,0.0,219.0,0.0,29.0,4.0,False,User Group Created by Badblood github.com/davidprowe/badblood,"CN=LO-RIMERCITO-DISTLIST1,OU=SERVICEACCOUNTS,OU=BDE,OU=TIER 1,DC=MYLAB,DC=LOCAL",False,False,MYLAB.LOCAL,S-1-5-21-1333368235-828418111-1849936505,False,2025-03-16T21:35:36.886857315Z,STRATEGY-DEPARTMENT-02@MYLAB.LOCAL,S-1-5-21-1333368235-828418111-1849936505-3748,LO-rimercito-distlist1,1742159196.0,0.0,0.0,0.0,False,0.0,0.0,0,0,[],248.0,,,,0.0,0.503448275862069,0.0,0.011171032357473,1.0,0.0,0.0,372.00101680246456,372.00101680246456,0.0655603878354889,1.514619308219542,0.2071262574725423,0.136302679886561,0,0,0.3163015717352013,False,0.9577333719154988,False,-5.829324332281731,False,1.0892622015340685,0.6831509846827133,False
169,0.0,0.0,220.0,0.0,29.0,2.0,False,User Group Created by Badblood github.com/davidprowe/badblood,"CN=RO-ESL-DISTLIST1,OU=TEST,OU=OGC,OU=TIER 2,DC=MYLAB,DC=LOCAL",False,False,MYLAB.LOCAL,S-1-5-21-1333368235-828418111-1849936505,False,2025-03-16T21:35:36.886857315Z,RESEARCH-DEPARTMENT-01@MYLAB.LOCAL,S-1-5-21-1333368235-828418111-1849936505-3749,RO-esl-distlist1,1742159197.0,0.0,0.0,0.0,False,0.0,0.0,0,0,[],249.0,,,,0.0,0.5057471264367817,0.0,0.011171032357473,1.0,0.0,0.0,299.7735587089046,299.7735587089046,0.159252920105369,1.5169181587942546,0.2074406284259858,0.1368522874667487,0,0,0.3441633153175927,False,1.301690318458674,False,-6.079698105432174,False,0.9234628242948806,0.5133479212253829,False
170,0.0,0.0,218.0,0.0,222.0,3.0,False,User Group Created by Badblood github.com/davidprowe/badblood,"CN=DA-196-DISTLIST1,OU=DEVICES,OU=BDE,OU=TIER 1,DC=MYLAB,DC=LOCAL",False,False,MYLAB.LOCAL,S-1-5-21-1333368235-828418111-1849936505,False,2025-03-16T21:35:36.886857315Z,TRAINING-TEAM@MYLAB.LOCAL,S-1-5-21-1333368235-828418111-1849936505-3750,DA-196-distlist1,1742159197.0,0.0,0.0,0.0,False,0.0,0.0,0,0,[],440.0,,,,0.0,0.5011494252873563,0.0,0.0855161787365177,1.0,0.0,0.0,337.37083320616296,337.37083320616296,0.1104822178396056,1.586665604023874,0.2169786867488156,0.2418273352826082,0,0,0.341463301788685,False,1.365647213141726,False,-5.812400487696303,False,5.033168969227583,0.3032822757111597,False
173,0.0,0.0,275.0,0.0,25.0,0.0,False,User Group Created by Badblood github.com/davidprowe/badblood,"CN=SC-OZA-DISTLIST1,OU=SERVICEACCOUNTS,OU=AZR,OU=TIER 2,DC=MYLAB,DC=LOCAL",False,False,MYLAB.LOCAL,S-1-5-21-1333368235-828418111-1849936505,False,2025-03-16T21:35:36.886857315Z,FINANCE-STAFF@MYLAB.LOCAL,S-1-5-21-1333368235-828418111-1849936505-3753,SC-oza-distlist1,1742159198.0,0.0,0.0,0.0,False,0.0,0.0,0,0,[],300.0,,,,0.0,0.632183908045977,0.0,0.0096302003081664,1.0,0.0,0.0,272.0068810065691,272.0068810065691,0.1952714982932313,1.6418141083541435,0.2245203199797855,0.1648822740563237,0,0,0.3423283545661764,False,1.0750597392415808,False,-5.417112756478991,False,2.427764026424318,0.3015317286652078,False
174,0.0,0.0,218.0,0.0,23.0,0.0,False,User Group Created by Badblood github.com/davidprowe/badblood,"CN=CA-POL-DISTLIST1,OU=TEST,OU=ESM,OU=STAGE,DC=MYLAB,DC=LOCAL",False,False,MYLAB.LOCAL,S-1-5-21-1333368235-828418111-1849936505,False,2025-03-16T21:35:36.886857315Z,RESEARCH-CONTRIBUTORS@MYLAB.LOCAL,S-1-5-21-1333368235-828418111-1849936505-3754,CA-pol-distlist1,1742159198.0,0.0,0.0,0.0,False,0.0,0.0,0,0,[],241.0,,,,0.0,0.5011494252873563,0.0,0.008859784283513,1.0,0.0,0.0,241.76692664803352,241.76692664803352,0.2344983792379646,1.5100092095708693,0.2064958201907139,0.1324554268252467,0,0,0.3198625313300993,False,0.9937567673418014,False,-5.833941044822852,False,1.123306223671219,0.6091903719912473,False
175,0.0,29.0,221.0,0.0,24.0,20.0,False,User Group Created by Badblood github.com/davidprowe/badblood,"CN=KI-BELLE1974-DISTLIST1,OU=DEVICES,OU=GOO,OU=TIER 1,DC=MYLAB,DC=LOCAL",False,False,MYLAB.LOCAL,S-1-5-21-1333368235-828418111-1849936505,False,2025-03-16T21:35:36.886857315Z,RESEARCH-DEPARTMENT-02@MYLAB.LOCAL,S-1-5-21-1333368235-828418111-1849936505-3755,KI-belle1974-distlist1,1742159198.0,0.0,0.0,0.0,False,9.0,10.0,"                                   label       kind  \
id                                                    
1002                   USERS@MYLAB.LOCAL  Container   
1019             LOUIS_TYLER@MYLAB.LOCAL       User   
128            DOMAIN ADMINS@MYLAB.LOCAL      Group   
2996  KI-BELLE1974-DISTLIST1@MYLAB.LOCAL      Group   
3028  CL-CIA451980-DISTLIST1@MYLAB.LOCAL      Group   
477            JENNA_HARDING@MYLAB.LOCAL       User   
708            VONDA_ACEVEDO@MYLAB.LOCAL       User   
870         DE-DAS-DISTLIST1@MYLAB.LOCAL      Group   
893   WI-SI1510E30-DISTLIST1@MYLAB.LOCAL      Group   

                                           objectId  isTierZero  \
id                                                                
1002           643CE9DD-6D50-4B82-8DA1-994C82A16D6C       False   
1019  S-1-5-21-1333368235-828418111-1849936505-3276        True   
128    S-1-5-21-1333368235-828418111-1849936505-512        True   
2996  S-1-5-21-1333368235-828418111-1849936505-3755       False   
3028  S-1-5-21-1333368235-828418111-1849936505-3792       False   
477   S-1-5-21-1333368235-828418111-1849936505-1447        True   
708   S-1-5-21-1333368235-828418111-1849936505-1678       False   
870   S-1-5-21-1333368235-828418111-1849936505-3600       False   
893   S-1-5-21-1333368235-828418111-1849936505-3948       False   

      isOwnedObject                        lastSeen  
id                                                   
1002          False        2025-03-16T21:35:40.053Z  
1019          False        2025-03-16T21:35:40.117Z  
128           False        2025-03-16T21:35:40.428Z  
2996          False  2025-03-16T21:35:36.886857315Z  
3028          False  2025-03-16T21:35:36.886857315Z  
477           False  2025-03-16T21:35:31.048103438Z  
708           False        2025-03-16T21:35:40.117Z  
870           False        2025-03-16T21:35:39.799Z  
893           False  2025-03-16T21:35:36.886857315Z  ","  source target       label        kind                        lastSeen
0   2996   3028    MemberOf    MemberOf   2025-03-16T21:35:36.88777499Z
1   3028    893    MemberOf    MemberOf   2025-03-16T21:35:36.88777499Z
2    893    708  GenericAll  GenericAll  2025-03-16T21:35:31.203879153Z
3    708    870    MemberOf    MemberOf   2025-03-16T21:35:36.88777499Z
4    870    477  GenericAll  GenericAll  2025-03-16T21:35:31.049135433Z
5    477    128    MemberOf    MemberOf   2025-03-16T21:35:36.88777499Z
6    870   1019  GenericAll  GenericAll  2025-03-16T21:35:35.889597893Z
7   1019    128    MemberOf    MemberOf   2025-03-16T21:35:36.88777499Z
8    870   1002  GenericAll  GenericAll  2025-03-16T21:35:38.232994191Z
9   1002    128    Contains    Contains   2025-03-16T21:35:36.88777499Z","['643CE9DD-6D50-4B82-8DA1-994C82A16D6C'
 'S-1-5-21-1333368235-828418111-1849936505-3276'
 'S-1-5-21-1333368235-828418111-1849936505-512'
 'S-1-5-21-1333368235-828418111-1849936505-3755'
 'S-1-5-21-1333368235-828418111-1849936505-3792'
 'S-1-5-21-1333368235-828418111-1849936505-1447'
 'S-1-5-21-1333368235-828418111-1849936505-1678'
 'S-1-5-21-1333368235-828418111-1849936505-3600'
 'S-1-5-21-1333368235-828418111-1849936505-3948']",296.0,,,,0.0081187010078387,0.5080459770114942,0.3333333333333333,0.0092449922958397,1.0,12.0,0.0167364016736401,251.46221773864076,222.46221773864076,0.2595402000384561,1.875479405322146,0.2564743682343831,0.1626838437355728,0,0,0.4314483003948468,False,1.714443970585582,False,-5.630187165494785,False,1.5871984634139424,0.2739606126914661,False
176,0.0,0.0,247.0,0.0,48.0,3.0,False,User Group Created by Badblood github.com/davidprowe/badblood,"CN=JO-SAT-ADMINGROUP1,OU=SEC,OU=STAGE,DC=MYLAB,DC=LOCAL",False,False,MYLAB.LOCAL,S-1-5-21-1333368235-828418111-1849936505,False,2025-03-16T21:35:40.097Z,COMPLIANCE-USERS-01@MYLAB.LOCAL,S-1-5-21-1333368235-828418111-1849936505-3756,JO-sat-admingroup1,1742159198.0,0.0,0.0,0.0,False,0.0,0.0,0,0,[],295.0,,,,0.0,0.5678160919540229,0.0,0.0184899845916795,1.0,0.0,0.0,262.0424017006799,262.0424017006799,0.2081972930472186,1.5863060765457024,0.2169295208755113,0.162134236155385,0,0,0.3222101154902074,False,0.9958881744483936,False,-5.755375603973286,False,1.3635408554950097,0.5479212253829321,False
178,0.0,16.0,218.0,0.0,24.0,2.0,False,User Group Created by Badblood github.com/davidprowe/badblood,"CN=LO-778-DISTLIST1,OU=GROUPS,OU=AWS,OU=TIER 1,DC=MYLAB,DC=LOCAL",False,False,MYLAB.LOCAL,S-1-5-21-1333368235-828418111-1849936505,False,2025-03-16T21:35:40.097Z,PROCUREMENT-EMPLOYEES-02@MYLAB.LOCAL,S-1-5-21-1333368235-828418111-1849936505-3758,LO-778-distlist1,1742159199.0,0.0,0.0,0.0,False,9.0,10.0,"                             label       kind  \
id                                              
1002             USERS@MYLAB.LOCAL  Container   
1019       LOUIS_TYLER@MYLAB.LOCAL       User   
128      DOMAIN ADMINS@MYLAB.LOCAL      Group   
2648         DANE_GRAY@MYLAB.LOCAL       User   
2999  LO-778-DISTLIST1@MYLAB.LOCAL      Group   
477      JENNA_HARDING@MYLAB.LOCAL       User   
870   DE-DAS-DISTLIST1@MYLAB.LOCAL      Group   
873   JE-SIE-DISTLIST1@MYLAB.LOCAL      Group   
897   AN-27O-DISTLIST1@MYLAB.LOCAL      Group   

                                           objectId  isTierZero  \
id                                                                
1002           643CE9DD-6D50-4B82-8DA1-994C82A16D6C       False   
1019  S-1-5-21-1333368235-828418111-1849936505-3276        True   
128    S-1-5-21-1333368235-828418111-1849936505-512        True   
2648  S-1-5-21-1333368235-828418111-1849936505-3337       False   
2999  S-1-5-21-1333368235-828418111-1849936505-3758       False   
477   S-1-5-21-1333368235-828418111-1849936505-1447        True   
870   S-1-5-21-1333368235-828418111-1849936505-3600       False   
873   S-1-5-21-1333368235-828418111-1849936505-3769       False   
897   S-1-5-21-1333368235-828418111-1849936505-4045       False   

      isOwnedObject                        lastSeen  
id                                                   
1002          False        2025-03-16T21:35:40.053Z  
1019          False        2025-03-16T21:35:40.117Z  
128           False        2025-03-16T21:35:40.428Z  
2648          False  2025-03-16T21:35:35.888256268Z  
2999          False        2025-03-16T21:35:40.097Z  
477           False  2025-03-16T21:35:31.048103438Z  
870           False        2025-03-16T21:35:39.799Z  
873           False        2025-03-16T21:35:39.799Z  
897           False        2025-03-16T21:35:40.428Z  ","  source target       label        kind                        lastSeen
0   2999    897    MemberOf    MemberOf   2025-03-16T21:35:36.88777499Z
1    897   2648  GenericAll  GenericAll  2025-03-16T21:35:35.889597893Z
2   2648    873    MemberOf    MemberOf   2025-03-16T21:35:36.88777499Z
3    873    870  GenericAll  GenericAll   2025-03-16T21:35:36.88777499Z
4    870   1002  GenericAll  GenericAll  2025-03-16T21:35:38.232994191Z
5   1002    128    Contains    Contains   2025-03-16T21:35:36.88777499Z
6    870   1019  GenericAll  GenericAll  2025-03-16T21:35:35.889597893Z
7   1019    128    MemberOf    MemberOf   2025-03-16T21:35:36.88777499Z
8    870    477  GenericAll  GenericAll  2025-03-16T21:35:31.049135433Z
9    477    128    MemberOf    MemberOf   2025-03-16T21:35:36.88777499Z","['643CE9DD-6D50-4B82-8DA1-994C82A16D6C'
 'S-1-5-21-1333368235-828418111-1849936505-3276'
 'S-1-5-21-1333368235-828418111-1849936505-512'
 'S-1-5-21-1333368235-828418111-1849936505-3337'
 'S-1-5-21-1333368235-828418111-1849936505-3758'
 'S-1-5-21-1333368235-828418111-1849936505-1447'
 'S-1-5-21-1333368235-828418111-1849936505-3600'
 'S-1-5-21-1333368235-828418111-1849936505-3769'
 'S-1-5-21-1333368235-828418111-1849936505-4045']",275.0,,,,0.0044792833146696,0.5011494252873563,0.3333333333333333,0.0092449922958397,1.0,7.0,0.00976290097629,387.90233205043353,371.90233205043353,0.0656884004301208,1.857969935207489,0.2540799243001913,0.1511420845516301,0,0,0.4196853828686537,False,1.5051564934352029,False,-5.75558467749784,False,1.3111692607596306,0.3404814004376367,False
179,0.0,2100.0,165.0,0.0,8.0,0.0,False,User Group Created by Badblood github.com/davidprowe/badblood,"CN=AN-FATMAH199-DISTLIST1,OU=DEVICES,OU=HRE,OU=TIER 2,DC=MYLAB,DC=LOCAL",False,False,MYLAB.LOCAL,S-1-5-21-1333368235-828418111-1849936505,False,2025-03-16T21:35:36.886857315Z,SCCM-FULL-ADMINS@MYLAB.LOCAL,S-1-5-21-1333368235-828418111-1849936505-3759,AN-fatmah199-distlist1,1742159199.0,0.0,0.0,0.0,False,4.0,7.0,0,0,[],308.0,,,,0.0,0.6551724137931034,0.0,0.008859784283513,1.0,290.0,0.0,2013.7543986814396,-86.2456013185606,0.659992023519699,1.6640321980766164,0.2275586740714249,0.1692791346978257,0,0,0.3401864434713236,False,1.0706107222947638,False,-5.854218195663628,False,1.8496213725269104,0.4227571115973741,False
180,0.0,0.0,219.0,0.0,133.0,0.0,False,User Group Created by Badblood github.com/davidprowe/badblood,"CN=CH-OLVIDO007-ADMINGROUP1,OU=OGC,OU=PEOPLE,DC=MYLAB,DC=LOCAL",False,False,MYLAB.LOCAL,S-1-5-21-1333368235-828418111-1849936505,False,2025-03-16T21:35:36.886857315Z,RESEARCH-ALL-01@MYLAB.LOCAL,S-1-5-21-1333368235-828418111-1849936505-3760,CH-olvido007-admingroup1,1742159199.0,0.0,0.0,0.0,False,0.0,0.0,0,0,[],352.0,,,,0.0,0.503448275862069,0.0,0.0512326656394453,1.0,0.0,0.0,331.0087908163233,331.0087908163233,0.1187349776299373,1.5546809415015144,0.212604740497882,0.1934618682260865,0,0,0.3251937058458171,False,1.007632448047187,False,-6.055093210344336,False,2.580343712695866,0.5133479212253829,False
181,0.0,0.0,219.0,0.0,27.0,0.0,False,User Group Created by Badblood github.com/davidprowe/badblood,"CN=RA-MIBEBE_OZ-DISTLIST1,OU=T1-DEVICES,OU=TIER 1,OU=ADMIN,DC=MYLAB,DC=LOCAL",False,False,MYLAB.LOCAL,S-1-5-21-1333368235-828418111-1849936505,False,2025-03-16T21:35:36.886857315Z,RA-MIBEBE_OZ-DISTLIST1@MYLAB.LOCAL,S-1-5-21-1333368235-828418111-1849936505-3761,RA-mibebe_oz-distlist1,1742159199.0,0.0,0.0,0.0,False,0.0,0.0,0,0,[],246.0,,,,0.0,0.503448275862069,0.0,0.0104006163328197,1.0,0.0,0.0,254.20503872794225,254.20503872794225,0.2183638197756383,1.5138488921948887,0.2070209020297474,0.1352034647261855,0,0,0.3171607158945163,False,0.9790900257433628,False,-5.618967217354621,False,1.6389416066592708,0.5544857768052517,False
182,0.0,0.0,218.0,0.0,23.0,0.0,False,User Group Created by Badblood github.com/davidprowe/badblood,"CN=GA-PETRONILO-DISTLIST1,OU=DEVICES,OU=FSR,OU=STAGE,DC=MYLAB,DC=LOCAL",False,False,MYLAB.LOCAL,S-1-5-21-1333368235-828418111-1849936505,False,2025-03-16T21:35:36.886857315Z,OPERATIONS-GROUP-01@MYLAB.LOCAL,S-1-5-21-1333368235-828418111-1849936505-3762,GA-petronilo-distlist1,1742159199.0,0.0,0.0,0.0,False,0.0,0.0,0,0,[],241.0,,,,0.0,0.5011494252873563,0.0,0.008859784283513,1.0,0.0,0.0,335.1141764524592,335.1141764524592,0.1134095240372646,1.5100092095708693,0.2064958201907139,0.1324554268252467,0,0,0.3156719429878624,False,1.0011044989401472,False,-5.728470278487284,False,1.360069727925047,0.5842450765864333,False
183,0.0,0.0,221.0,0.0,24.0,0.0,False,User Group Created by Badblood github.com/davidprowe/badblood,"CN=SA-1216ASOIE-ADMINGROUP1,OU=SERVICEACCOUNTS,OU=FSR,OU=STAGE,DC=MYLAB,DC=LOCAL",False,False,MYLAB.LOCAL,S-1-5-21-1333368235-828418111-1849936505,False,2025-03-16T21:35:36.886857315Z,CUSTOMER-SERVICE-EMPLOYEES@MYLAB.LOCAL,S-1-5-21-1333368235-828418111-1849936505-3763,SA-1216asoie-admingroup1,1742159200.0,0.0,0.0,0.0,False,0.0,0.0,0,0,[],245.0,,,,0.0,0.5080459770114942,0.0,0.0092449922958397,1.0,0.0,0.0,311.00585600466155,311.00585600466155,0.1446825281156026,1.517290969307334,0.2074916107724418,0.1346538571459977,0,0,0.331583048175767,False,1.1084640788266324,False,-5.982570744011856,False,0.9105147600149288,0.5492341356673961,False
186,0.0,26.0,221.0,0.0,33.0,0.0,False,User Group Created by Badblood github.com/davidprowe/badblood,"CN=JA-RRO-DISTLIST1,OU=SERVICEACCOUNTS,OU=GOO,OU=TIER 1,DC=MYLAB,DC=LOCAL",False,False,MYLAB.LOCAL,S-1-5-21-1333368235-828418111-1849936505,False,2025-03-16T21:35:36.886857315Z,ANALYTICS-ALL@MYLAB.LOCAL,S-1-5-21-1333368235-828418111-1849936505-3766,JA-Rro-distlist1,1742159200.0,0.0,0.0,0.0,False,9.0,12.0,"                                   label       kind  \
id                                                    
1002                   USERS@MYLAB.LOCAL  Container   
1019             LOUIS_TYLER@MYLAB.LOCAL       User   
128            DOMAIN ADMINS@MYLAB.LOCAL      Group   
2154          ALBA_DAUGHERTY@MYLAB.LOCAL       User   
477            JENNA_HARDING@MYLAB.LOCAL       User   
516             ETTA_SUMMERS@MYLAB.LOCAL       User   
869         DA-EST-DISTLIST1@MYLAB.LOCAL      Group   
871   MA-VACACIONE-DISTLIST1@MYLAB.LOCAL      Group   
898         JA-RRO-DISTLIST1@MYLAB.LOCAL      Group   

                                           objectId  isTierZero  \
id                                                                
1002           643CE9DD-6D50-4B82-8DA1-994C82A16D6C       False   
1019  S-1-5-21-1333368235-828418111-1849936505-3276        True   
128    S-1-5-21-1333368235-828418111-1849936505-512        True   
2154  S-1-5-21-1333368235-828418111-1849936505-2823       False   
477   S-1-5-21-1333368235-828418111-1849936505-1447        True   
516   S-1-5-21-1333368235-828418111-1849936505-1486       False   
869   S-1-5-21-1333368235-828418111-1849936505-3782       False   
871   S-1-5-21-1333368235-828418111-1849936505-3890       False   
898   S-1-5-21-1333368235-828418111-1849936505-3766       False   

      isOwnedObject                        lastSeen  
id                                                   
1002          False        2025-03-16T21:35:40.053Z  
1019          False        2025-03-16T21:35:40.117Z  
128           False        2025-03-16T21:35:40.428Z  
2154          False  2025-03-16T21:35:34.962801807Z  
477           False  2025-03-16T21:35:31.048103438Z  
516           False        2025-03-16T21:35:40.117Z  
869           False        2025-03-16T21:35:39.799Z  
871           False        2025-03-16T21:35:39.799Z  
898           False  2025-03-16T21:35:36.886857315Z  ","   source target       label        kind                        lastSeen
0     898   2154  GenericAll  GenericAll  2025-03-16T21:35:34.964043338Z
1    2154    869    MemberOf    MemberOf   2025-03-16T21:35:36.88777499Z
2     869    477  GenericAll  GenericAll  2025-03-16T21:35:31.049135433Z
3     477    128    MemberOf    MemberOf   2025-03-16T21:35:36.88777499Z
4     898    516  GenericAll  GenericAll  2025-03-16T21:35:31.049135433Z
5     516    871    MemberOf    MemberOf   2025-03-16T21:35:36.88777499Z
6     871    477  GenericAll  GenericAll  2025-03-16T21:35:31.049135433Z
7     871   1002  GenericAll  GenericAll  2025-03-16T21:35:38.232994191Z
8    1002    128    Contains    Contains   2025-03-16T21:35:36.88777499Z
9     871   1019  GenericAll  GenericAll  2025-03-16T21:35:35.889597893Z
10   1019    128    MemberOf    MemberOf   2025-03-16T21:35:36.88777499Z
11    869   1019  GenericAll  GenericAll  2025-03-16T21:35:35.889597893Z","['643CE9DD-6D50-4B82-8DA1-994C82A16D6C'
 'S-1-5-21-1333368235-828418111-1849936505-3276'
 'S-1-5-21-1333368235-828418111-1849936505-512'
 'S-1-5-21-1333368235-828418111-1849936505-2823'
 'S-1-5-21-1333368235-828418111-1849936505-1447'
 'S-1-5-21-1333368235-828418111-1849936505-1486'
 'S-1-5-21-1333368235-828418111-1849936505-3782'
 'S-1-5-21-1333368235-828418111-1849936505-3890'
 'S-1-5-21-1333368235-828418111-1849936505-3766']",305.0,,,,0.0072788353863381,0.5080459770114942,0.4,0.0127118644067796,1.0,13.0,0.0181311018131101,287.11951999649733,261.11951999649733,0.2093944433572628,1.946167778617722,0.2661410997543622,0.1676303119572625,0,0,0.4661728596201306,False,1.734775794359269,False,-5.913101114926974,False,0.8957672615488284,0.3964989059080963,False
187,0.0,0.0,218.0,0.0,45.0,0.0,False,User Group Created by Badblood github.com/davidprowe/badblood,"CN=LO-ODI-DISTLIST1,OU=T1-PERMISSIONS,OU=TIER 1,OU=ADMIN,DC=MYLAB,DC=LOCAL",False,False,MYLAB.LOCAL,S-1-5-21-1333368235-828418111-1849936505,False,2025-03-16T21:35:36.886857315Z,DESIGN-STAFF@MYLAB.LOCAL,S-1-5-21-1333368235-828418111-1849936505-3767,LO-odi-distlist1,1742159201.0,0.0,0.0,0.0,False,0.0,0.0,0,0,[],263.0,,,,0.0,0.5011494252873563,0.0,0.0173343605546995,1.0,0.0,0.0,292.2301089403412,292.2301089403412,0.169038186394982,1.5184837858420557,0.2076547300614588,0.1445467935893771,0,0,0.3253054569736902,False,1.2784350107741864,False,-6.065419545552608,False,0.6226007305900122,0.5711159737417943,False
189,0.0,153.0,219.0,0.0,60.0,0.0,False,User Group Created by Badblood github.com/davidprowe/badblood,"CN=JE-SIE-DISTLIST1,OU=SEC,OU=TIER 2,DC=MYLAB,DC=LOCAL",False,False,MYLAB.LOCAL,S-1-5-21-1333368235-828418111-1849936505,False,2025-03-16T21:35:39.799Z,NETWORK-OPERATORS@MYLAB.LOCAL,S-1-5-21-1333368235-828418111-1849936505-3769,JE-sie-distlist1,1742159201.0,0.0,0.0,0.0,False,6.0,7.0,"                             label       kind  \
id                                              
1002             USERS@MYLAB.LOCAL  Container   
1019       LOUIS_TYLER@MYLAB.LOCAL       User   
128      DOMAIN ADMINS@MYLAB.LOCAL      Group   
477      JENNA_HARDING@MYLAB.LOCAL       User   
870   DE-DAS-DISTLIST1@MYLAB.LOCAL      Group   
873   JE-SIE-DISTLIST1@MYLAB.LOCAL      Group   

                                           objectId  isTierZero  \
id                                                                
1002           643CE9DD-6D50-4B82-8DA1-994C82A16D6C       False   
1019  S-1-5-21-1333368235-828418111-1849936505-3276        True   
128    S-1-5-21-1333368235-828418111-1849936505-512        True   
477   S-1-5-21-1333368235-828418111-1849936505-1447        True   
870   S-1-5-21-1333368235-828418111-1849936505-3600       False   
873   S-1-5-21-1333368235-828418111-1849936505-3769       False   

      isOwnedObject                        lastSeen  
id                                                   
1002          False        2025-03-16T21:35:40.053Z  
1019          False        2025-03-16T21:35:40.117Z  
128           False        2025-03-16T21:35:40.428Z  
477           False  2025-03-16T21:35:31.048103438Z  
870           False        2025-03-16T21:35:39.799Z  
873           False        2025-03-16T21:35:39.799Z  ","  source target       label        kind                        lastSeen
0    873    870  GenericAll  GenericAll   2025-03-16T21:35:36.88777499Z
1    870    477  GenericAll  GenericAll  2025-03-16T21:35:31.049135433Z
2    477    128    MemberOf    MemberOf   2025-03-16T21:35:36.88777499Z
3    870   1002  GenericAll  GenericAll  2025-03-16T21:35:38.232994191Z
4   1002    128    Contains    Contains   2025-03-16T21:35:36.88777499Z
5    870   1019  GenericAll  GenericAll  2025-03-16T21:35:35.889597893Z
6   1019    128    MemberOf    MemberOf   2025-03-16T21:35:36.88777499Z","['643CE9DD-6D50-4B82-8DA1-994C82A16D6C'
 'S-1-5-21-1333368235-828418111-1849936505-3276'
 'S-1-5-21-1333368235-828418111-1849936505-512'
 'S-1-5-21-1333368235-828418111-1849936505-1447'
 'S-1-5-21-1333368235-828418111-1849936505-3600'
 'S-1-5-21-1333368235-828418111-1849936505-3769']",485.0,,,,0.0428331466965285,0.503448275862069,0.2333333333333333,0.0231124807395993,1.0,46.0,0.0641562064156206,265.14902863655976,112.14902863655976,0.4026370540957035,1.8668834430471504,0.2552988586619561,0.2665596763910567,0,0,0.515946710615339,False,1.0294855472367763,False,-5.816529851466861,False,1.4252586868612176,0.4056892778993435,False
191,0.0,0.0,218.0,0.0,26.0,5.0,False,User Group Created by Badblood github.com/davidprowe/badblood,"CN=FR-ABR-ADMINGROUP1,OU=PEOPLE,DC=MYLAB,DC=LOCAL",False,False,MYLAB.LOCAL,S-1-5-21-1333368235-828418111-1849936505,False,2025-03-16T21:35:40.097Z,COMMUNICATIONS-TEAM@MYLAB.LOCAL,S-1-5-21-1333368235-828418111-1849936505-3771,FR-abr-admingroup1,1742159202.0,0.0,0.0,0.0,False,0.0,0.0,0,0,[],244.0,,,,0.0,0.5011494252873563,0.0,0.010015408320493,1.0,0.0,0.0,313.70155834108687,313.70155834108687,0.1411856976191126,1.5111648336078494,0.2066538533549064,0.13410424956581,0,0,0.3247990335667776,False,1.1098222074124842,False,-5.487245156531523,False,1.9934836808135727,0.3649890590809628,False
193,0.0,0.0,315.0,0.0,269.0,0.0,False,User Group Created by Badblood github.com/davidprowe/badblood,"CN=SH-758TOTO33-DISTLIST1,OU=SERVICEACCOUNTS,OU=AWS,OU=TIER 1,DC=MYLAB,DC=LOCAL",False,False,MYLAB.LOCAL,S-1-5-21-1333368235-828418111-1849936505,False,2025-03-16T21:35:36.886857315Z,AUDIT-EMPLOYEES@MYLAB.LOCAL,S-1-5-21-1333368235-828418111-1849936505-3773,SH-758toto33-distlist1,1742159202.0,0.0,0.0,0.0,False,0.0,0.0,0,0,[],584.0,,,,0.0,0.7241379310344828,0.0,0.1036209553158705,1.0,0.0,0.0,273.96123091170506,273.96123091170506,0.1927363406622316,1.827758886350353,0.2499485221385124,0.3209708268296436,0,0,0.4359947703881319,False,1.7935107034081992,False,-6.101205095067343,False,6.785942855454793,0.2884026258205689,False
194,0.0,0.0,257.0,0.0,49.0,0.0,False,User Group Created by Badblood github.com/davidprowe/badblood,"CN=PI-281-DISTLIST1,OU=DEVICES,OU=ITS,OU=TIER 1,DC=MYLAB,DC=LOCAL",False,False,MYLAB.LOCAL,S-1-5-21-1333368235-828418111-1849936505,False,2025-03-16T21:35:36.886857315Z,SALES-MEMBERS-01@MYLAB.LOCAL,S-1-5-21-1333368235-828418111-1849936505-3774,PI-281-distlist1,1742159202.0,0.0,0.0,0.0,False,0.0,0.0,0,0,[],306.0,,,,0.0,0.5908045977011495,0.0,0.0188751926040061,1.0,0.0,0.0,239.9735623518765,239.9735623518765,0.2368247084017529,1.6096797903051554,0.2201259081313433,0.1681799195374502,0,0,0.3250674992725134,False,1.0005829552567909,False,-5.742885017849437,False,1.5406419158370688,0.512910284463895,False
195,0.0,0.0,217.0,0.0,28.0,5.0,False,User Group Created by Badblood github.com/davidprowe/badblood,"CN=BR-RIC-DISTLIST1,OU=ESM,OU=TIER 1,DC=MYLAB,DC=LOCAL",False,False,MYLAB.LOCAL,S-1-5-21-1333368235-828418111-1849936505,False,2025-03-16T21:35:36.886857315Z,PROCUREMENT-MEMBERS@MYLAB.LOCAL,S-1-5-21-1333368235-828418111-1849936505-3775,BR-ric-distlist1,1742159202.0,0.0,0.0,0.0,False,0.0,0.0,0,0,[],245.0,,,,0.0,0.4988505747126436,0.0,0.0107858243451463,1.0,0.0,0.0,237.66551044312396,237.66551044312396,0.2398186837353614,1.50963639905779,0.206444837844258,0.1346538571459977,0,0,0.3151739037172005,False,0.984183273506724,False,-5.783212489934252,False,1.239968013520692,0.6409190371991247,False
196,0.0,0.0,244.0,0.0,81.0,0.0,False,User Group Created by Badblood github.com/davidprowe/badblood,"CN=WI-LEDMANGA1-ADMINGROUP1,OU=T2-DEVICES,OU=TIER 2,OU=ADMIN,DC=MYLAB,DC=LOCAL",False,False,MYLAB.LOCAL,S-1-5-21-1333368235-828418111-1849936505,False,2025-03-16T21:35:36.886857315Z,SALES-CONTRIBUTORS-02@MYLAB.LOCAL,S-1-5-21-1333368235-828418111-1849936505-3776,WI-ledmanga1-admingroup1,1742159203.0,0.0,0.0,0.0,False,0.0,0.0,0,0,[],325.0,,,,0.0,0.5609195402298851,0.0,0.0312018489984591,1.0,0.0,0.0,301.63975660934057,301.63975660934057,0.1568321121242535,1.5921213892283443,0.2177247728212984,0.1786224635610174,0,0,0.3358378141900099,False,1.435217356484741,False,-6.15373772315831,False,1.0001272325687194,0.5089715536105033,False
197,0.0,0.0,217.0,0.0,23.0,0.0,False,User Group Created by Badblood github.com/davidprowe/badblood,"CN=LA-LEN-ADMINGROUP1,OU=GOO,OU=STAGE,DC=MYLAB,DC=LOCAL",False,False,MYLAB.LOCAL,S-1-5-21-1333368235-828418111-1849936505,False,2025-03-16T21:35:36.886857315Z,LOGISTICS-USERS-01@MYLAB.LOCAL,S-1-5-21-1333368235-828418111-1849936505-3777,LA-len-admingroup1,1742159203.0,0.0,0.0,0.0,False,0.0,0.0,0,0,[],240.0,,,,0.0,0.4988505747126436,0.0,0.008859784283513,1.0,0.0,0.0,363.6724415338898,363.6724415338898,0.0763641088539176,1.507710358996157,0.2061814492372705,0.131905819245059,0,0,0.3161536802313918,False,0.9939864193467236,False,-5.6157157233921975,False,1.6610198579911035,0.5356673960612691,False
201,0.0,0.0,218.0,0.0,29.0,0.0,False,User Group Created by Badblood github.com/davidprowe/badblood,"CN=YO-147-DISTLIST1,OU=TEST,OU=BDE,OU=TIER 1,DC=MYLAB,DC=LOCAL",False,False,MYLAB.LOCAL,S-1-5-21-1333368235-828418111-1849936505,False,2025-03-16T21:35:36.886857315Z,OPERATIONS-STAFF-01@MYLAB.LOCAL,S-1-5-21-1333368235-828418111-1849936505-3781,YO-147-distlist1,1742159204.0,0.0,0.0,0.0,False,0.0,0.0,0,0,[],247.0,,,,0.0,0.5011494252873563,0.0,0.011171032357473,1.0,0.0,0.0,301.0842068676687,301.0842068676687,0.1575527641238254,1.5123204576448293,0.2068118865190989,0.1357530723063732,0,0,0.3144305842888448,False,1.0906607728720408,False,-5.710101057634384,False,1.415800059753901,0.5308533916849015,False
202,0.0,2513.0,379.0,0.0,59.0,0.0,False,User Group Created by Badblood github.com/davidprowe/badblood,"CN=DA-EST-DISTLIST1,OU=DEVICES,OU=FSR,OU=TIER 2,DC=MYLAB,DC=LOCAL",False,False,MYLAB.LOCAL,S-1-5-21-1333368235-828418111-1849936505,False,2025-03-16T21:35:39.799Z,HELPDESK-T1@MYLAB.LOCAL,S-1-5-21-1333368235-828418111-1849936505-3782,DA-est-distlist1,1742159204.0,0.0,0.0,0.0,False,0.0,0.0,0,0,[],3350.0,,,,0.7035274356103024,0.871264367816092,0.0,0.0227272727272727,1.0,399.0,0.5564853556485355,2498.0930943242934,-14.90690567570664,0.5674523825018571,3.1540044318022025,0.4313144104698757,1.8411853936289488,0,0,0.72980065344379,True,1.234830530543531,False,-5.417097355615806,False,5.192075054777518,0.1474835886214442,False
203,0.0,0.0,217.0,0.0,30.0,0.0,False,User Group Created by Badblood github.com/davidprowe/badblood,"CN=AL-MON-DISTLIST1,OU=QUARANTINE,DC=MYLAB,DC=LOCAL",False,False,MYLAB.LOCAL,S-1-5-21-1333368235-828418111-1849936505,False,2025-03-16T21:35:36.886857315Z,LOGISTICS-ANNOUNCE@MYLAB.LOCAL,S-1-5-21-1333368235-828418111-1849936505-3783,AL-mon-distlist1,1742159204.0,0.0,0.0,0.0,False,0.0,0.0,0,0,[],247.0,,,,0.0,0.4988505747126436,0.0,0.0115562403697996,1.0,0.0,0.0,306.63403621473094,306.63403621473094,0.1503535966753683,1.5104068150824432,0.2065501932870529,0.1357530723063732,0,0,0.3153766416360452,False,1.0200405125466625,False,-5.767426202195997,False,1.2829821747997705,0.5864332603938731,False
206,0.0,1620.0,195.0,0.0,14.0,2.0,False,User Group Created by Badblood github.com/davidprowe/badblood,"CN=LE-CHE-DISTLIST1,OU=TIER 0,OU=ADMIN,DC=MYLAB,DC=LOCAL",False,False,MYLAB.LOCAL,S-1-5-21-1333368235-828418111-1849936505,False,2025-03-16T21:35:36.886857315Z,VMWARE-ADMINS@MYLAB.LOCAL,S-1-5-21-1333368235-828418111-1849936505-3786,LE-che-distlist1,1742159205.0,0.0,0.0,0.0,False,5.0,9.0,"                               label       kind  \
id                                                
1002               USERS@MYLAB.LOCAL  Container   
1019         LOUIS_TYLER@MYLAB.LOCAL       User   
128        DOMAIN ADMINS@MYLAB.LOCAL      Group   
2449         KELLY_BARRY@MYLAB.LOCAL       User   
3023    LE-CHE-DISTLIST1@MYLAB.LOCAL      Group   
406      CHRISTIE_WILSON@MYLAB.LOCAL       User   
477        JENNA_HARDING@MYLAB.LOCAL       User   
869     DA-EST-DISTLIST1@MYLAB.LOCAL      Group   
872     RO-ARJ-DISTLIST1@MYLAB.LOCAL      Group   
879   JA-CUC-ADMINGROUP1@MYLAB.LOCAL      Group   

                                           objectId  isTierZero  \
id                                                                
1002           643CE9DD-6D50-4B82-8DA1-994C82A16D6C       False   
1019  S-1-5-21-1333368235-828418111-1849936505-3276        True   
128    S-1-5-21-1333368235-828418111-1849936505-512        True   
2449  S-1-5-21-1333368235-828418111-1849936505-3133       False   
3023  S-1-5-21-1333368235-828418111-1849936505-3786       False   
406   S-1-5-21-1333368235-828418111-1849936505-1376       False   
477   S-1-5-21-1333368235-828418111-1849936505-1447        True   
869   S-1-5-21-1333368235-828418111-1849936505-3782       False   
872   S-1-5-21-1333368235-828418111-1849936505-3635       False   
879   S-1-5-21-1333368235-828418111-1849936505-3831       False   

      isOwnedObject                        lastSeen  
id                                                   
1002          False        2025-03-16T21:35:40.053Z  
1019          False        2025-03-16T21:35:40.117Z  
128           False        2025-03-16T21:35:40.428Z  
2449          False        2025-03-16T21:35:40.117Z  
3023          False  2025-03-16T21:35:36.886857315Z  
406           False        2025-03-16T21:35:40.117Z  
477           False  2025-03-16T21:35:31.048103438Z  
869           False        2025-03-16T21:35:39.799Z  
872           False        2025-03-16T21:35:39.799Z  
879           False  2025-03-16T21:35:36.886857315Z  ","   source target       label        kind                        lastSeen
0    3023    879    MemberOf    MemberOf   2025-03-16T21:35:36.88777499Z
1     879   2449  GenericAll  GenericAll  2025-03-16T21:35:35.889597893Z
2    2449    869    MemberOf    MemberOf   2025-03-16T21:35:36.88777499Z
3     869   1019  GenericAll  GenericAll  2025-03-16T21:35:35.889597893Z
4    1019    128    MemberOf    MemberOf   2025-03-16T21:35:36.88777499Z
5     879    406  GenericAll  GenericAll  2025-03-16T21:35:31.049135433Z
6     406    872    MemberOf    MemberOf   2025-03-16T21:35:36.88777499Z
7     872   1019  GenericAll  GenericAll  2025-03-16T21:35:35.889597893Z
8     872    477  GenericAll  GenericAll  2025-03-16T21:35:31.049135433Z
9     477    128    MemberOf    MemberOf   2025-03-16T21:35:36.88777499Z
10    869    477  GenericAll  GenericAll  2025-03-16T21:35:31.049135433Z
11    872   1002  GenericAll  GenericAll  2025-03-16T21:35:38.232994191Z
12   1002    128    Contains    Contains   2025-03-16T21:35:36.88777499Z","['643CE9DD-6D50-4B82-8DA1-994C82A16D6C'
 'S-1-5-21-1333368235-828418111-1849936505-3276'
 'S-1-5-21-1333368235-828418111-1849936505-512'
 'S-1-5-21-1333368235-828418111-1849936505-3133'
 'S-1-5-21-1333368235-828418111-1849936505-3786'
 'S-1-5-21-1333368235-828418111-1849936505-1376'
 'S-1-5-21-1333368235-828418111-1849936505-1447'
 'S-1-5-21-1333368235-828418111-1849936505-3782'
 'S-1-5-21-1333368235-828418111-1849936505-3635'
 'S-1-5-21-1333368235-828418111-1849936505-3831']",301.0,,,,0.0064389697648376,0.5011494252873563,0.4333333333333333,0.0161787365177195,1.0,220.0,0.00697350069735,1725.7861410782527,105.78614107825274,0.4108909102277311,1.9640739656005968,0.2685897952617014,0.1654318816365115,0,0,0.4482134755995158,False,1.6192703252679173,False,-5.66503883558026,False,1.6450642056840794,0.2713347921225383,False
208,0.0,0.0,247.0,0.0,20.0,0.0,False,User Group Created by Badblood github.com/davidprowe/badblood,"CN=ST-DAV-DISTLIST1,OU=SEC,OU=STAGE,DC=MYLAB,DC=LOCAL",False,False,MYLAB.LOCAL,S-1-5-21-1333368235-828418111-1849936505,False,2025-03-16T21:35:36.886857315Z,QUALITY-GROUP@MYLAB.LOCAL,S-1-5-21-1333368235-828418111-1849936505-3788,ST-dav-distlist1,1742159206.0,0.0,0.0,0.0,False,0.0,0.0,0,0,[],267.0,,,,0.0,0.5678160919540229,0.0,0.0077041602465331,1.0,0.0,0.0,303.7035936322448,303.7035936322448,0.154154929208336,1.575520252200556,0.2154545446763814,0.1467452239101281,0,0,0.3223122353207929,False,1.0632008615401656,False,-5.658356525488554,False,1.4270194100698026,0.4739606126914661,False
209,0.0,0.0,247.0,0.0,32.0,0.0,False,User Group Created by Badblood github.com/davidprowe/badblood,"CN=JI-PAD-DISTLIST1,OU=GROUPS,OU=SEC,OU=STAGE,DC=MYLAB,DC=LOCAL",False,False,MYLAB.LOCAL,S-1-5-21-1333368235-828418111-1849936505,False,2025-03-16T21:35:36.886857315Z,TRAINING-MEMBERS@MYLAB.LOCAL,S-1-5-21-1333368235-828418111-1849936505-3789,JI-pad-distlist1,1742159206.0,0.0,0.0,0.0,False,0.0,0.0,0,0,[],279.0,,,,0.0,0.5678160919540229,0.0,0.012326656394453,1.0,0.0,0.0,275.9042959364752,275.9042959364752,0.1902158216333062,1.580142748348476,0.2160866773331514,0.1533405148723811,0,0,0.3215969314685161,False,0.9827991477449028,False,-5.645736934945711,False,1.5165774844944164,0.5387308533916849,False
210,0.0,2513.0,241.0,0.0,29.0,4.0,False,User Group Created by Badblood github.com/davidprowe/badblood,"CN=DY-PAU-DISTLIST1,OU=DEVICES,OU=TST,OU=TIER 2,DC=MYLAB,DC=LOCAL",False,False,MYLAB.LOCAL,S-1-5-21-1333368235-828418111-1849936505,False,2025-03-16T21:35:40.097Z,GPO-EDITORS@MYLAB.LOCAL,S-1-5-21-1333368235-828418111-1849936505-3790,DY-pau-distlist1,1742159206.0,0.0,0.0,0.0,False,5.0,5.0,"                             label   kind  \
id                                          
1019       LOUIS_TYLER@MYLAB.LOCAL   User   
128      DOMAIN ADMINS@MYLAB.LOCAL  Group   
3027  DY-PAU-DISTLIST1@MYLAB.LOCAL  Group   
477      JENNA_HARDING@MYLAB.LOCAL   User   
869   DA-EST-DISTLIST1@MYLAB.LOCAL  Group   

                                           objectId  isTierZero  \
id                                                                
1019  S-1-5-21-1333368235-828418111-1849936505-3276        True   
128    S-1-5-21-1333368235-828418111-1849936505-512        True   
3027  S-1-5-21-1333368235-828418111-1849936505-3790       False   
477   S-1-5-21-1333368235-828418111-1849936505-1447        True   
869   S-1-5-21-1333368235-828418111-1849936505-3782       False   

      isOwnedObject                        lastSeen  
id                                                   
1019          False        2025-03-16T21:35:40.117Z  
128           False        2025-03-16T21:35:40.428Z  
3027          False        2025-03-16T21:35:40.097Z  
477           False  2025-03-16T21:35:31.048103438Z  
869           False        2025-03-16T21:35:39.799Z  ","  source target       label        kind                        lastSeen
0   3027    869    MemberOf    MemberOf   2025-03-16T21:35:36.88777499Z
1    869   1019  GenericAll  GenericAll  2025-03-16T21:35:35.889597893Z
2   1019    128    MemberOf    MemberOf   2025-03-16T21:35:36.88777499Z
3    869    477  GenericAll  GenericAll  2025-03-16T21:35:31.049135433Z
4    477    128    MemberOf    MemberOf   2025-03-16T21:35:36.88777499Z","['S-1-5-21-1333368235-828418111-1849936505-3276'
 'S-1-5-21-1333368235-828418111-1849936505-512'
 'S-1-5-21-1333368235-828418111-1849936505-3790'
 'S-1-5-21-1333368235-828418111-1849936505-1447'
 'S-1-5-21-1333368235-828418111-1849936505-3782']",2816.0,,,,0.7035274356103024,0.5540229885057472,0.1666666666666666,0.011171032357473,1.0,28.0,0.0390516039051603,2652.005176419025,139.00517641902525,0.3677996036416957,2.474439727045349,0.3383830096598724,1.5476949458086926,0,0,0.6198557901825684,True,1.8891335680404568,False,-5.444873928075442,False,2.102503436676116,0.1641137855579869,False
211,0.0,27.0,217.0,0.0,156.0,0.0,False,User Group Created by Badblood github.com/davidprowe/badblood,"CN=HO-TAT-ADMINGROUP1,OU=DEVICES,OU=AWS,OU=STAGE,DC=MYLAB,DC=LOCAL",False,False,MYLAB.LOCAL,S-1-5-21-1333368235-828418111-1849936505,False,2025-03-16T21:35:36.886857315Z,SALES-CONTRIBUTORS-03@MYLAB.LOCAL,S-1-5-21-1333368235-828418111-1849936505-3710,HO-tat-admingroup1,1742159187.0,0.0,0.0,0.0,False,13.0,26.0,"                                   label       kind  \
id                                                    
10            BDEWWKS1000000.MYLAB.LOCAL   Computer   
1002                   USERS@MYLAB.LOCAL  Container   
1003      HO-TAT-ADMINGROUP1@MYLAB.LOCAL      Group   
1019             LOUIS_TYLER@MYLAB.LOCAL       User   
128            DOMAIN ADMINS@MYLAB.LOCAL      Group   
19           GOOWSECS1000001.MYLAB.LOCAL   Computer   
477            JENNA_HARDING@MYLAB.LOCAL       User   
869         DA-EST-DISTLIST1@MYLAB.LOCAL      Group   
870         DE-DAS-DISTLIST1@MYLAB.LOCAL      Group   
871   MA-VACACIONE-DISTLIST1@MYLAB.LOCAL      Group   
872         RO-ARJ-DISTLIST1@MYLAB.LOCAL      Group   
877         TA-24D-DISTLIST1@MYLAB.LOCAL      Group   
95           ESMWCTRX1000000.MYLAB.LOCAL   Computer   

                                           objectId  isTierZero  \
id                                                                
10    S-1-5-21-1333368235-828418111-1849936505-4101       False   
1002           643CE9DD-6D50-4B82-8DA1-994C82A16D6C       False   
1003  S-1-5-21-1333368235-828418111-1849936505-3710       False   
1019  S-1-5-21-1333368235-828418111-1849936505-3276        True   
128    S-1-5-21-1333368235-828418111-1849936505-512        True   
19    S-1-5-21-1333368235-828418111-1849936505-4111       False   
477   S-1-5-21-1333368235-828418111-1849936505-1447        True   
869   S-1-5-21-1333368235-828418111-1849936505-3782       False   
870   S-1-5-21-1333368235-828418111-1849936505-3600       False   
871   S-1-5-21-1333368235-828418111-1849936505-3890       False   
872   S-1-5-21-1333368235-828418111-1849936505-3635       False   
877   S-1-5-21-1333368235-828418111-1849936505-4033       False   
95    S-1-5-21-1333368235-828418111-1849936505-4186       False   

      isOwnedObject                        lastSeen  
id                                                   
10            False  2025-03-16T21:35:30.314409114Z  
1002          False        2025-03-16T21:35:40.053Z  
1003          False  2025-03-16T21:35:36.886857315Z  
1019          False        2025-03-16T21:35:40.117Z  
128           False        2025-03-16T21:35:40.428Z  
19            False        2025-03-16T21:35:40.395Z  
477           False  2025-03-16T21:35:31.048103438Z  
869           False        2025-03-16T21:35:39.799Z  
870           False        2025-03-16T21:35:39.799Z  
871           False        2025-03-16T21:35:39.799Z  
872           False        2025-03-16T21:35:39.799Z  
877           False        2025-03-16T21:35:40.428Z  
95            False        2025-03-16T21:35:40.395Z  ","   source target       label        kind                        lastSeen
0    1003     95  GenericAll  GenericAll  2025-03-16T21:35:30.314791875Z
1      95    870  GenericAll  GenericAll   2025-03-16T21:35:36.88777499Z
2     870    477  GenericAll  GenericAll  2025-03-16T21:35:31.049135433Z
3     477    128    MemberOf    MemberOf   2025-03-16T21:35:36.88777499Z
4    1003     10  GenericAll  GenericAll  2025-03-16T21:35:30.314791875Z
5      10    869    MemberOf    MemberOf   2025-03-16T21:35:36.88777499Z
6     869   1019  GenericAll  GenericAll  2025-03-16T21:35:35.889597893Z
7    1019    128    MemberOf    MemberOf   2025-03-16T21:35:36.88777499Z
8      95    871  GenericAll  GenericAll   2025-03-16T21:35:36.88777499Z
9     871   1002  GenericAll  GenericAll  2025-03-16T21:35:38.232994191Z
10   1002    128    Contains    Contains   2025-03-16T21:35:36.88777499Z
11     95     19  GenericAll  GenericAll  2025-03-16T21:35:30.314791875Z
12     19    477  GenericAll  GenericAll  2025-03-16T21:35:31.049135433Z
13     19   1019  GenericAll  GenericAll  2025-03-16T21:35:35.889597893Z
14     95    872  GenericAll  GenericAll   2025-03-16T21:35:36.88777499Z
15    872   1019  GenericAll  GenericAll  2025-03-16T21:35:35.889597893Z
16     95    869  GenericAll  GenericAll   2025-03-16T21:35:36.88777499Z
17    869    477  GenericAll  GenericAll  2025-03-16T21:35:31.049135433Z
18    872   1002  GenericAll  GenericAll  2025-03-16T21:35:38.232994191Z
19    870   1019  GenericAll  GenericAll  2025-03-16T21:35:35.889597893Z
20    872    477  GenericAll  GenericAll  2025-03-16T21:35:31.049135433Z
21     95    877  GenericAll  GenericAll   2025-03-16T21:35:36.88777499Z
22    877   1019  GenericAll  GenericAll  2025-03-16T21:35:35.889597893Z
23    871    477  GenericAll  GenericAll  2025-03-16T21:35:31.049135433Z
24    870   1002  GenericAll  GenericAll  2025-03-16T21:35:38.232994191Z
25    871   1019  GenericAll  GenericAll  2025-03-16T21:35:35.889597893Z","['S-1-5-21-1333368235-828418111-1849936505-4101'
 '643CE9DD-6D50-4B82-8DA1-994C82A16D6C'
 'S-1-5-21-1333368235-828418111-1849936505-3710'
 'S-1-5-21-1333368235-828418111-1849936505-3276'
 'S-1-5-21-1333368235-828418111-1849936505-512'
 'S-1-5-21-1333368235-828418111-1849936505-4111'
 'S-1-5-21-1333368235-828418111-1849936505-1447'
 'S-1-5-21-1333368235-828418111-1849936505-3782'
 'S-1-5-21-1333368235-828418111-1849936505-3600'
 'S-1-5-21-1333368235-828418111-1849936505-3890'
 'S-1-5-21-1333368235-828418111-1849936505-3635'
 'S-1-5-21-1333368235-828418111-1849936505-4033'
 'S-1-5-21-1333368235-828418111-1849936505-4186']",475.0,,,,0.007558790593505,0.4988505747126436,0.8666666666666667,0.0600924499229583,1.0,49.0,0.0683403068340306,312.93786070729493,285.93786070729493,0.1772004101002816,2.5015087887298044,0.3420847407876667,0.2610636005891793,0,0,0.5811505202746707,True,1.0371150027972924,False,-5.918446605022066,False,3.3602664725191964,0.3374179431072209,False
212,0.0,2450.0,12.0,0.0,1.0,8.0,False,User Group Created by Badblood github.com/davidprowe/badblood,"CN=CL-CIA451980-DISTLIST1,OU=TEST,OU=AZR,OU=STAGE,DC=MYLAB,DC=LOCAL",False,False,MYLAB.LOCAL,S-1-5-21-1333368235-828418111-1849936505,False,2025-03-16T21:35:36.886857315Z,FINANCE-READONLY@MYLAB.LOCAL,S-1-5-21-1333368235-828418111-1849936505-3792,CL-cia451980-distlist1,1742159207.0,0.0,0.0,0.0,False,2.0,3.0,"                                   label       kind  \
id                                                    
1002                   USERS@MYLAB.LOCAL  Container   
1019             LOUIS_TYLER@MYLAB.LOCAL       User   
128            DOMAIN ADMINS@MYLAB.LOCAL      Group   
3028  CL-CIA451980-DISTLIST1@MYLAB.LOCAL      Group   
477            JENNA_HARDING@MYLAB.LOCAL       User   
708            VONDA_ACEVEDO@MYLAB.LOCAL       User   
870         DE-DAS-DISTLIST1@MYLAB.LOCAL      Group   
893   WI-SI1510E30-DISTLIST1@MYLAB.LOCAL      Group   

                                           objectId  isTierZero  \
id                                                                
1002           643CE9DD-6D50-4B82-8DA1-994C82A16D6C       False   
1019  S-1-5-21-1333368235-828418111-1849936505-3276        True   
128    S-1-5-21-1333368235-828418111-1849936505-512        True   
3028  S-1-5-21-1333368235-828418111-1849936505-3792       False   
477   S-1-5-21-1333368235-828418111-1849936505-1447        True   
708   S-1-5-21-1333368235-828418111-1849936505-1678       False   
870   S-1-5-21-1333368235-828418111-1849936505-3600       False   
893   S-1-5-21-1333368235-828418111-1849936505-3948       False   

      isOwnedObject                        lastSeen  
id                                                   
1002          False        2025-03-16T21:35:40.053Z  
1019          False        2025-03-16T21:35:40.117Z  
128           False        2025-03-16T21:35:40.428Z  
3028          False  2025-03-16T21:35:36.886857315Z  
477           False  2025-03-16T21:35:31.048103438Z  
708           False        2025-03-16T21:35:40.117Z  
870           False        2025-03-16T21:35:39.799Z  
893           False  2025-03-16T21:35:36.886857315Z  ","  source target       label        kind                        lastSeen
0   3028    893    MemberOf    MemberOf   2025-03-16T21:35:36.88777499Z
1    893    708  GenericAll  GenericAll  2025-03-16T21:35:31.203879153Z
2    708    870    MemberOf    MemberOf   2025-03-16T21:35:36.88777499Z
3    870   1019  GenericAll  GenericAll  2025-03-16T21:35:35.889597893Z
4   1019    128    MemberOf    MemberOf   2025-03-16T21:35:36.88777499Z
5    870    477  GenericAll  GenericAll  2025-03-16T21:35:31.049135433Z
6    477    128    MemberOf    MemberOf   2025-03-16T21:35:36.88777499Z
7    870   1002  GenericAll  GenericAll  2025-03-16T21:35:38.232994191Z
8   1002    128    Contains    Contains   2025-03-16T21:35:36.88777499Z","['643CE9DD-6D50-4B82-8DA1-994C82A16D6C'
 'S-1-5-21-1333368235-828418111-1849936505-3276'
 'S-1-5-21-1333368235-828418111-1849936505-512'
 'S-1-5-21-1333368235-828418111-1849936505-3792'
 'S-1-5-21-1333368235-828418111-1849936505-1447'
 'S-1-5-21-1333368235-828418111-1849936505-1678'
 'S-1-5-21-1333368235-828418111-1849936505-3600'
 'S-1-5-21-1333368235-828418111-1849936505-3948']",362.0,,,,0.0081187010078387,0.4988505747126436,0.3,0.0292758089368258,1.0,410.0,0.0432357043235704,2638.130109019509,188.13010901950884,0.3040753711349327,1.8794807889808784,0.2570215629105947,0.198957944027964,0,0,0.4646989001891463,False,1.0515728486819182,False,-5.926744934412115,False,1.460781793898416,0.425382932166302,False
213,0.0,0.0,217.0,0.0,27.0,0.0,False,User Group Created by Badblood github.com/davidprowe/badblood,"CN=AL-CAT-DISTLIST1,OU=AZR,OU=STAGE,DC=MYLAB,DC=LOCAL",False,False,MYLAB.LOCAL,S-1-5-21-1333368235-828418111-1849936505,False,2025-03-16T21:35:36.886857315Z,COMPLIANCE-GROUP-01@MYLAB.LOCAL,S-1-5-21-1333368235-828418111-1849936505-3793,AL-cat-distlist1,1742159207.0,0.0,0.0,0.0,False,0.0,0.0,0,0,[],244.0,,,,0.0,0.4988505747126436,0.0,0.0104006163328197,1.0,0.0,0.0,302.109312686107,302.109312686107,0.1562230100038665,1.5092511910454631,0.2063921601228605,0.13410424956581,0,0,0.3155890751001377,False,1.006566596795924,False,-5.742257777044022,False,1.342745211992184,0.5842450765864333,False
214,0.0,1380.0,88.0,0.0,6.0,0.0,False,User Group Created by Badblood github.com/davidprowe/badblood,"CN=JE-780-DISTLIST1,OU=T2-SERVERS,OU=TIER 2,OU=ADMIN,DC=MYLAB,DC=LOCAL",False,False,MYLAB.LOCAL,S-1-5-21-1333368235-828418111-1849936505,False,2025-03-16T21:35:36.886857315Z,PKI-ADMINS@MYLAB.LOCAL,S-1-5-21-1333368235-828418111-1849936505-3794,JE-780-distlist1,1742159207.0,0.0,0.0,0.0,False,3.0,4.0,0,0,[],275.0,,,,0.0,0.5701149425287356,0.0,0.0104006163328197,1.0,180.0,0.0,1295.5116368112854,-84.48836318871463,0.6577125567555053,1.5805155588615554,0.2161376596796074,0.1511420845516301,0,0,0.3211887684890087,False,1.1489458147076663,False,-5.613672794649579,False,1.5813751705617842,0.4271334792122537,False
215,0.0,0.0,274.0,0.0,46.0,0.0,False,User Group Created by Badblood github.com/davidprowe/badblood,"CN=AL-ZAC-DISTLIST1,OU=TEST,OU=ITS,OU=TIER 2,DC=MYLAB,DC=LOCAL",False,False,MYLAB.LOCAL,S-1-5-21-1333368235-828418111-1849936505,False,2025-03-16T21:35:36.886857315Z,LEGAL-STAFF-01@MYLAB.LOCAL,S-1-5-21-1333368235-828418111-1849936505-3795,AL-Zac-distlist1,1742159207.0,0.0,0.0,0.0,False,0.0,0.0,0,0,[],320.0,,,,0.0,0.6298850574712643,0.0,0.0177195685670261,1.0,0.0,0.0,233.68635911196705,233.68635911196705,0.2449803878066611,1.6476046260382904,0.2253121811756894,0.1758744256600787,0,0,0.3271227578502855,False,0.9652783912420492,False,-5.841613542499593,False,1.6207600290781807,0.5654266958424508,False
216,0.0,0.0,220.0,0.0,91.0,0.0,False,User Group Created by Badblood github.com/davidprowe/badblood,"CN=QU-AYA-DISTLIST1,OU=GROUPS,OU=AWS,OU=TIER 2,DC=MYLAB,DC=LOCAL",False,False,MYLAB.LOCAL,S-1-5-21-1333368235-828418111-1849936505,False,2025-03-16T21:35:36.886857315Z,MARKETING-USERS-04@MYLAB.LOCAL,S-1-5-21-1333368235-828418111-1849936505-3796,QU-aya-distlist1,1742159208.0,0.0,0.0,0.0,False,0.0,0.0,0,0,[],311.0,,,,0.0,0.5057471264367817,0.0,0.0350539291217257,1.0,0.0,0.0,366.840739649254,366.840739649254,0.0722542331743688,1.5408010555585072,0.2107066471526305,0.1709279574383889,0,0,0.3249277662606257,False,1.362635913847526,False,-6.15421482350952,False,1.340710137666549,0.5221006564551423,False
217,0.0,0.0,218.0,0.0,38.0,0.0,False,User Group Created by Badblood github.com/davidprowe/badblood,"CN=PH-VER-DISTLIST1,OU=HRE,OU=PEOPLE,DC=MYLAB,DC=LOCAL",False,False,MYLAB.LOCAL,S-1-5-21-1333368235-828418111-1849936505,False,2025-03-16T21:35:36.886857315Z,PROCUREMENT-EMPLOYEES-03@MYLAB.LOCAL,S-1-5-21-1333368235-828418111-1849936505-3797,PH-ver-distlist1,1742159208.0,0.0,0.0,0.0,False,0.0,0.0,0,0,[],256.0,,,,0.0,0.5011494252873563,0.0,0.0146379044684129,1.0,0.0,0.0,370.0487806081653,370.0487806081653,0.068092803587901,1.5157873297557694,0.2072859860116764,0.1406995405280629,0,0,0.3257362276429629,False,1.3460062569007434,False,-5.61221386943553,False,1.7375224975527486,0.3562363238512035,False
218,0.0,0.0,219.0,0.0,29.0,0.0,False,User Group Created by Badblood github.com/davidprowe/badblood,"CN=JA-ZAM-ADMINGROUP1,OU=DEVICES,OU=FIN,OU=STAGE,DC=MYLAB,DC=LOCAL",False,False,MYLAB.LOCAL,S-1-5-21-1333368235-828418111-1849936505,False,2025-03-16T21:35:36.886857315Z,PRODUCT-MEMBERS@MYLAB.LOCAL,S-1-5-21-1333368235-828418111-1849936505-3798,JA-zam-admingroup1,1742159208.0,0.0,0.0,0.0,False,0.0,0.0,0,0,[],248.0,,,,0.0,0.503448275862069,0.0,0.011171032357473,1.0,0.0,0.0,286.110358195205,286.110358195205,0.176976648571369,1.514619308219542,0.2071262574725423,0.136302679886561,0,0,0.3239807848178844,False,1.075266748819873,False,-5.959136098396221,False,0.8490635552306578,0.5929978118161925,False
219,0.0,0.0,217.0,0.0,30.0,0.0,False,User Group Created by Badblood github.com/davidprowe/badblood,"CN=BO-MABELIS19-ADMINGROUP1,OU=OGC,OU=STAGE,DC=MYLAB,DC=LOCAL",False,False,MYLAB.LOCAL,S-1-5-21-1333368235-828418111-1849936505,False,2025-03-16T21:35:36.886857315Z,COMMUNICATIONS-DEPARTMENT-01@MYLAB.LOCAL,S-1-5-21-1333368235-828418111-1849936505-3799,BO-mabelis19-admingroup1,1742159208.0,0.0,0.0,0.0,False,0.0,0.0,0,0,[],247.0,,,,0.0,0.4988505747126436,0.0,0.0115562403697996,1.0,0.0,0.0,277.1277420746982,277.1277420746982,0.1886287829943796,1.5104068150824432,0.2065501932870529,0.1357530723063732,0,0,0.3178475879403215,False,0.9901823496485972,False,-5.872153673553486,False,1.027604937785617,0.64945295404814,False
220,0.0,0.0,219.0,0.0,30.0,0.0,False,User Group Created by Badblood github.com/davidprowe/badblood,"CN=MA-TYD-DISTLIST1,OU=GROUPS,OU=SEC,OU=TIER 2,DC=MYLAB,DC=LOCAL",False,False,MYLAB.LOCAL,S-1-5-21-1333368235-828418111-1849936505,False,2025-03-16T21:35:36.886857315Z,COMMUNICATIONS-GROUP@MYLAB.LOCAL,S-1-5-21-1333368235-828418111-1849936505-3800,MA-tyd-distlist1,1742159209.0,0.0,0.0,0.0,False,0.0,0.0,0,0,[],249.0,,,,0.0,0.503448275862069,0.0,0.0115562403697996,1.0,0.0,0.0,358.4837179384068,358.4837179384068,0.083094854552867,1.5150045162318686,0.2071789351939398,0.1368522874667487,0,0,0.3146017165327661,False,1.0827816058230142,False,-5.693956613099051,False,1.448788801013606,0.5256017505470459,False
221,0.0,0.0,218.0,0.0,30.0,0.0,False,User Group Created by Badblood github.com/davidprowe/badblood,"CN=MA-MAS-DISTLIST1,OU=TEST,OU=HRE,OU=STAGE,DC=MYLAB,DC=LOCAL",False,False,MYLAB.LOCAL,S-1-5-21-1333368235-828418111-1849936505,False,2025-03-16T21:35:36.886857315Z,CUSTOMER-SERVICE-STAFF@MYLAB.LOCAL,S-1-5-21-1333368235-828418111-1849936505-3801,MA-mas-distlist1,1742159209.0,0.0,0.0,0.0,False,0.0,0.0,0,0,[],248.0,,,,0.0,0.5011494252873563,0.0,0.0115562403697996,1.0,0.0,0.0,245.20255825391084,245.20255825391084,0.2300417219832663,1.512705665657156,0.2068645642404964,0.136302679886561,0,0,0.3167640032227906,False,0.9914487844856964,False,-5.851579841961393,False,1.0534923135241945,0.6477024070021882,False
222,0.0,0.0,219.0,0.0,23.0,0.0,False,User Group Created by Badblood github.com/davidprowe/badblood,"CN=GU-PAB-DISTLIST1,OU=DEVICES,OU=SEC,OU=TIER 1,DC=MYLAB,DC=LOCAL",False,False,MYLAB.LOCAL,S-1-5-21-1333368235-828418111-1849936505,False,2025-03-16T21:35:36.886857315Z,STRATEGY-CONTRIBUTORS@MYLAB.LOCAL,S-1-5-21-1333368235-828418111-1849936505-3802,GU-pab-distlist1,1742159209.0,0.0,0.0,0.0,False,0.0,0.0,0,0,[],242.0,,,,0.0,0.503448275862069,0.0,0.008859784283513,1.0,0.0,0.0,254.5667000718757,254.5667000718757,0.2178946773188547,1.5123080601455818,0.2068101911441573,0.1330050344054345,0,0,0.3151298945014226,False,1.0320764580660635,False,-5.639390272656434,False,1.5723427162719077,0.5273522975929978,False
223,0.0,0.0,260.0,0.0,54.0,0.0,False,User Group Created by Badblood github.com/davidprowe/badblood,"CN=DE-TEQUIEROO-ADMINGROUP1,OU=AWS,OU=PEOPLE,DC=MYLAB,DC=LOCAL",False,False,MYLAB.LOCAL,S-1-5-21-1333368235-828418111-1849936505,False,2025-03-16T21:35:36.886857315Z,OPERATIONS-CONTRIBUTORS@MYLAB.LOCAL,S-1-5-21-1333368235-828418111-1849936505-3803,DE-tequieroo-admingroup1,1742159210.0,0.0,0.0,0.0,False,0.0,0.0,0,0,[],314.0,,,,0.0,0.5977011494252874,0.0,0.0208012326656394,1.0,0.0,0.0,322.4013116184158,322.4013116184158,0.1299004892483529,1.6185023820909268,0.2213324095986611,0.1725767801789522,0,0,0.3383724061713409,False,1.1490788581040463,False,-6.104376811517941,False,0.8304538993754476,0.5483588621444202,False
224,0.0,0.0,275.0,0.0,21.0,0.0,False,User Group Created by Badblood github.com/davidprowe/badblood,"CN=QU-547-ADMINGROUP1,OU=GROUPS,OU=AZR,OU=TIER 2,DC=MYLAB,DC=LOCAL",False,False,MYLAB.LOCAL,S-1-5-21-1333368235-828418111-1849936505,False,2025-03-16T21:35:36.886857315Z,ANALYTICS-GROUP-01@MYLAB.LOCAL,S-1-5-21-1333368235-828418111-1849936505-3804,QU-547-admingroup1,1742159210.0,0.0,0.0,0.0,False,0.0,0.0,0,0,[],296.0,,,,0.0,0.632183908045977,0.0,0.0080893682588597,1.0,0.0,0.0,276.62416922323825,276.62416922323825,0.1892820112386095,1.6402732763048369,0.2243096090941955,0.1626838437355728,0,0,0.3445003582413034,False,1.0710574341278205,False,-5.404674964794623,False,2.431622764879308,0.2962800875273523,False
225,0.0,0.0,217.0,0.0,19.0,2.0,False,User Group Created by Badblood github.com/davidprowe/badblood,"CN=BR-ANG-DISTLIST1,OU=SERVICEACCOUNTS,OU=AWS,OU=STAGE,DC=MYLAB,DC=LOCAL",False,False,MYLAB.LOCAL,S-1-5-21-1333368235-828418111-1849936505,False,2025-03-16T21:35:40.097Z,OPERATIONS-GROUP-02@MYLAB.LOCAL,S-1-5-21-1333368235-828418111-1849936505-3805,BR-ang-distlist1,1742159210.0,0.0,0.0,0.0,False,0.0,0.0,0,0,[],236.0,,,,0.0,0.4988505747126436,0.0,0.0073189522342064,1.0,0.0,0.0,293.8020112140167,293.8020112140167,0.1669991349263472,1.50616952694685,0.2059707383516805,0.129707388924308,0,0,0.3199187029284006,False,1.0089964034291612,False,-5.785077774442785,False,1.2653674781413973,0.5645514223194749,False
226,0.0,1050.0,150.0,0.0,7.0,0.0,False,User Group Created by Badblood github.com/davidprowe/badblood,"CN=IR-CWBNG2106-DISTLIST1,OU=T0-ROLES,OU=TIER 0,OU=ADMIN,DC=MYLAB,DC=LOCAL",False,False,MYLAB.LOCAL,S-1-5-21-1333368235-828418111-1849936505,False,2025-03-16T21:35:36.886857315Z,DNS-ADMINS@MYLAB.LOCAL,S-1-5-21-1333368235-828418111-1849936505-3806,IR-cwbng2106-distlist1,1742159210.0,0.0,0.0,0.0,False,4.0,6.0,0,0,[],265.0,,,,0.0,0.503448275862069,0.0,0.0177195685670261,1.0,140.0,0.0,1041.419247827463,-8.580752172536904,0.559246177315013,1.521167844429095,0.2080217787362998,0.1456460087497526,0,0,0.3157762610127087,False,1.119038070635059,False,-5.786103329020395,False,1.3085841042391195,0.5444201312910284,False
227,0.0,780.0,220.0,0.0,15.0,0.0,False,User Group Created by Badblood github.com/davidprowe/badblood,"CN=TH-JACKXHAZE-DISTLIST1,OU=DEVICES,OU=TST,OU=TIER 1,DC=MYLAB,DC=LOCAL",False,False,MYLAB.LOCAL,S-1-5-21-1333368235-828418111-1849936505,False,2025-03-16T21:35:36.886857315Z,GPO-EDITORS-CORP@MYLAB.LOCAL,S-1-5-21-1333368235-828418111-1849936505-3807,TH-jackxhaze-distlist1,1742159210.0,0.0,0.0,0.0,False,6.0,10.0,0,0,[],415.0,,,,0.0,0.8873563218390804,0.0,0.011171032357473,1.0,95.0,0.0,793.1654074031584,13.165407403158383,0.5310373380235545,1.8985273541965533,0.2596262066975982,0.2280871457779145,0,0,0.3783623384415629,False,0.9873974213729244,False,-5.641261654351364,False,5.059591170605784,0.362363238512035,False
231,0.0,0.0,219.0,0.0,39.0,0.0,False,User Group Created by Badblood github.com/davidprowe/badblood,"CN=ME-PICUDA280-DISTLIST1,OU=GROUPS,OU=ESM,OU=TIER 2,DC=MYLAB,DC=LOCAL",False,False,MYLAB.LOCAL,S-1-5-21-1333368235-828418111-1849936505,False,2025-03-16T21:35:36.886857315Z,COMPLIANCE-USERS-02@MYLAB.LOCAL,S-1-5-21-1333368235-828418111-1849936505-3811,ME-picuda280-distlist1,1742159211.0,0.0,0.0,0.0,False,0.0,0.0,0,0,[],258.0,,,,0.0,0.503448275862069,0.0,0.0150231124807395,1.0,0.0,0.0,356.10374884521485,356.10374884521485,0.0861821199357407,1.5184713883428085,0.2076530346865173,0.1417987556884384,0,0,0.3161918469451186,False,1.2930044340850453,False,-5.742873910427162,False,1.36707032941735,0.4910284463894966,False
235,0.0,67.0,386.0,0.0,19.0,11.0,False,User Group Created by Badblood github.com/davidprowe/badblood,"CN=TA-MEN-DISTLIST1,OU=GROUPS,OU=TST,OU=TIER 1,DC=MYLAB,DC=LOCAL",False,False,MYLAB.LOCAL,S-1-5-21-1333368235-828418111-1849936505,False,2025-03-16T21:35:36.886857315Z,SUMMER-INTERNS-2019@MYLAB.LOCAL,S-1-5-21-1333368235-828418111-1849936505-3815,TA-men-distlist1,1742159212.0,0.0,0.0,0.0,False,8.0,9.0,"                                   label       kind  \
id                                                    
1002                   USERS@MYLAB.LOCAL  Container   
1019             LOUIS_TYLER@MYLAB.LOCAL       User   
128            DOMAIN ADMINS@MYLAB.LOCAL      Group   
3050        TA-MEN-DISTLIST1@MYLAB.LOCAL      Group   
322           BRITTNEY_JOHNS@MYLAB.LOCAL       User   
477            JENNA_HARDING@MYLAB.LOCAL       User   
871   MA-VACACIONE-DISTLIST1@MYLAB.LOCAL      Group   
888         PA-321-DISTLIST1@MYLAB.LOCAL      Group   

                                           objectId  isTierZero  \
id                                                                
1002           643CE9DD-6D50-4B82-8DA1-994C82A16D6C       False   
1019  S-1-5-21-1333368235-828418111-1849936505-3276        True   
128    S-1-5-21-1333368235-828418111-1849936505-512        True   
3050  S-1-5-21-1333368235-828418111-1849936505-3815       False   
322   S-1-5-21-1333368235-828418111-1849936505-1292       False   
477   S-1-5-21-1333368235-828418111-1849936505-1447        True   
871   S-1-5-21-1333368235-828418111-1849936505-3890       False   
888   S-1-5-21-1333368235-828418111-1849936505-3887       False   

      isOwnedObject                        lastSeen  
id                                                   
1002          False        2025-03-16T21:35:40.053Z  
1019          False        2025-03-16T21:35:40.117Z  
128           False        2025-03-16T21:35:40.428Z  
3050          False  2025-03-16T21:35:36.886857315Z  
322           False        2025-03-16T21:35:40.117Z  
477           False  2025-03-16T21:35:31.048103438Z  
871           False        2025-03-16T21:35:39.799Z  
888           False  2025-03-16T21:35:36.886857315Z  ","  source target       label        kind                        lastSeen
0   3050    888    MemberOf    MemberOf   2025-03-16T21:35:36.88777499Z
1    888    322  GenericAll  GenericAll  2025-03-16T21:35:31.049135433Z
2    322    871    MemberOf    MemberOf   2025-03-16T21:35:36.88777499Z
3    871    477  GenericAll  GenericAll  2025-03-16T21:35:31.049135433Z
4    477    128    MemberOf    MemberOf   2025-03-16T21:35:36.88777499Z
5    871   1002  GenericAll  GenericAll  2025-03-16T21:35:38.232994191Z
6   1002    128    Contains    Contains   2025-03-16T21:35:36.88777499Z
7    871   1019  GenericAll  GenericAll  2025-03-16T21:35:35.889597893Z
8   1019    128    MemberOf    MemberOf   2025-03-16T21:35:36.88777499Z","['643CE9DD-6D50-4B82-8DA1-994C82A16D6C'
 'S-1-5-21-1333368235-828418111-1849936505-3276'
 'S-1-5-21-1333368235-828418111-1849936505-512'
 'S-1-5-21-1333368235-828418111-1849936505-3815'
 'S-1-5-21-1333368235-828418111-1849936505-1292'
 'S-1-5-21-1333368235-828418111-1849936505-1447'
 'S-1-5-21-1333368235-828418111-1849936505-3890'
 'S-1-5-21-1333368235-828418111-1849936505-3887']",490.0,,,,0.0187569988801791,0.8873563218390804,0.3,0.0073189522342064,1.0,9.0,0.0125523012552301,298.0230805637447,231.0230805637447,0.2484351585809525,2.225984574208696,0.304406428430812,0.2693077142919955,0,0,0.5367966029495763,False,1.0225543895702276,False,-5.588781471490951,False,5.101050544175936,0.2520787746170678,False
236,0.0,0.0,219.0,0.0,24.0,2.0,False,User Group Created by Badblood github.com/davidprowe/badblood,"CN=BL-804359214-DISTLIST1,OU=T0-PERMISSIONS,OU=TIER 0,OU=ADMIN,DC=MYLAB,DC=LOCAL",False,False,MYLAB.LOCAL,S-1-5-21-1333368235-828418111-1849936505,False,2025-03-16T21:35:36.886857315Z,MARKETING-STAFF@MYLAB.LOCAL,S-1-5-21-1333368235-828418111-1849936505-3816,BL-804359214-distlist1,1742159213.0,0.0,0.0,0.0,False,0.0,0.0,0,0,[],243.0,,,,0.0,0.503448275862069,0.0,0.0092449922958397,1.0,0.0,0.0,322.4283033179929,322.4283033179929,0.1298654759618495,1.5126932681579088,0.2068628688655549,0.1335546419856222,0,0,0.3242679055413368,False,1.0716617624777969,False,-5.938100912250842,False,0.9498282947100192,0.5820568927789934,False
238,0.0,0.0,386.0,0.0,242.0,0.0,False,User Group Created by Badblood github.com/davidprowe/badblood,"CN=AL-ULANAZERI-ADMINGROUP1,OU=DEVICES,OU=TST,OU=TIER 1,DC=MYLAB,DC=LOCAL",False,False,MYLAB.LOCAL,S-1-5-21-1333368235-828418111-1849936505,False,2025-03-16T21:35:36.886857315Z,DESIGN-GROUP-02@MYLAB.LOCAL,S-1-5-21-1333368235-828418111-1849936505-3818,AL-ulanazeri-admingroup1,1742159213.0,0.0,0.0,0.0,False,0.0,0.0,0,0,[],628.0,,,,0.0,0.8873563218390804,0.0,0.0932203389830508,1.0,0.0,0.0,203.60673520550432,203.60673520550432,0.283999290145319,1.9805766608221316,0.2708465613552649,0.3451535603579044,0,0,0.4389743859440826,False,2.457577428917156,False,-5.758142889919894,False,7.419843309350415,0.1846827133479212,False
239,0.0,0.0,219.0,0.0,32.0,0.0,False,User Group Created by Badblood github.com/davidprowe/badblood,"CN=DE-FORMAL200-ADMINGROUP1,OU=SERVICEACCOUNTS,OU=BDE,OU=TIER 1,DC=MYLAB,DC=LOCAL",False,False,MYLAB.LOCAL,S-1-5-21-1333368235-828418111-1849936505,False,2025-03-16T21:35:36.886857315Z,STRATEGY-USERS@MYLAB.LOCAL,S-1-5-21-1333368235-828418111-1849936505-3819,DE-formal200-admingroup1,1742159213.0,0.0,0.0,0.0,False,0.0,0.0,0,0,[],251.0,,,,0.0,0.503448275862069,0.0,0.012326656394453,1.0,0.0,0.0,291.87922151412954,291.87922151412954,0.1694933530638803,1.515774932256522,0.2072842906367349,0.1379515026271242,0,0,0.3171806135116396,False,1.02247768772198,False,-5.860596822926963,False,1.010019619802833,0.6231947483588621,False
240,0.0,0.0,218.0,0.0,33.0,2.0,False,User Group Created by Badblood github.com/davidprowe/badblood,"CN=RO-CACHORRIL-DISTLIST1,OU=GROUPS,OU=BDE,OU=STAGE,DC=MYLAB,DC=LOCAL",False,False,MYLAB.LOCAL,S-1-5-21-1333368235-828418111-1849936505,False,2025-03-16T21:35:36.886857315Z,AUDIT-TEAM-03@MYLAB.LOCAL,S-1-5-21-1333368235-828418111-1849936505-3820,RO-cachorril-distlist1,1742159213.0,0.0,0.0,0.0,False,0.0,0.0,0,0,[],251.0,,,,0.0,0.5011494252873563,0.0,0.0127118644067796,1.0,0.0,0.0,256.8379222556971,256.8379222556971,0.2149484770320591,1.513861289694136,0.2070225974046889,0.1379515026271242,0,0,0.3213392170464026,False,1.1571846890857036,False,-5.600648599823571,False,1.7329357895974662,0.3969365426695842,False
245,0.0,0.0,247.0,0.0,31.0,0.0,False,User Group Created by Badblood github.com/davidprowe/badblood,"CN=CA-AMI-DISTLIST1,OU=SEC,OU=STAGE,DC=MYLAB,DC=LOCAL",False,False,MYLAB.LOCAL,S-1-5-21-1333368235-828418111-1849936505,False,2025-03-16T21:35:36.886857315Z,QUALITY-ALL@MYLAB.LOCAL,S-1-5-21-1333368235-828418111-1849936505-3825,CA-ami-distlist1,1742159215.0,0.0,0.0,0.0,False,0.0,0.0,0,0,[],278.0,,,,0.0,0.5678160919540229,0.0,0.0119414483821263,1.0,0.0,0.0,240.2731490039023,240.2731490039023,0.2364360884391593,1.5797575403361492,0.2160339996117539,0.1527909072921933,0,0,0.3249171934950259,False,1.00326634550528,False,-5.830692713943542,False,0.9786013091964424,0.5908096280087527,False
247,0.0,0.0,218.0,0.0,25.0,0.0,False,User Group Created by Badblood github.com/davidprowe/badblood,"CN=TE-IND-ADMINGROUP1,OU=T0-ACCOUNTS,OU=TIER 0,OU=ADMIN,DC=MYLAB,DC=LOCAL",False,False,MYLAB.LOCAL,S-1-5-21-1333368235-828418111-1849936505,False,2025-03-16T21:35:36.886857315Z,AUDIT-STAFF@MYLAB.LOCAL,S-1-5-21-1333368235-828418111-1849936505-3827,TE-ind-admingroup1,1742159215.0,0.0,0.0,0.0,False,0.0,0.0,0,0,[],243.0,,,,0.0,0.5011494252873563,0.0,0.0096302003081664,1.0,0.0,0.0,255.29771160853403,255.29771160853403,0.2169464185292501,1.5107796255955228,0.2066011756335089,0.1335546419856222,0,0,0.3307632244523902,False,1.1744553097567347,False,-5.446544376797212,False,2.0933183933641053,0.3080962800875274,False
249,0.0,0.0,259.0,0.0,237.0,0.0,False,User Group Created by Badblood github.com/davidprowe/badblood,"CN=GE-BER-DISTLIST1,OU=TEST,OU=ESM,OU=TIER 1,DC=MYLAB,DC=LOCAL",False,False,MYLAB.LOCAL,S-1-5-21-1333368235-828418111-1849936505,False,2025-03-16T21:35:36.886857315Z,AUDIT-USERS@MYLAB.LOCAL,S-1-5-21-1333368235-828418111-1849936505-3829,GE-ber-distlist1,1742159216.0,0.0,0.0,0.0,False,0.0,0.0,0,0,[],496.0,,,,0.0,0.5954022988505747,0.0,0.0912942989214175,1.0,0.0,0.0,279.291664585575,279.291664585575,0.1858217704671323,1.6866965977719923,0.2306580616609595,0.272605359773122,0,0,0.3574167645185436,False,1.5407600807519573,False,-5.887649284903255,False,5.475205633664044,0.2949671772428884,False
251,0.0,23.0,220.0,0.0,166.0,0.0,False,User Group Created by Badblood github.com/davidprowe/badblood,"CN=JA-CUC-ADMINGROUP1,OU=OGC,OU=TIER 2,DC=MYLAB,DC=LOCAL",False,False,MYLAB.LOCAL,S-1-5-21-1333368235-828418111-1849936505,False,2025-03-16T21:35:36.886857315Z,ANALYTICS-DEPARTMENT@MYLAB.LOCAL,S-1-5-21-1333368235-828418111-1849936505-3831,JA-cuc-admingroup1,1742159216.0,0.0,0.0,0.0,False,9.0,12.0,"                               label       kind  \
id                                                
1002               USERS@MYLAB.LOCAL  Container   
1019         LOUIS_TYLER@MYLAB.LOCAL       User   
128        DOMAIN ADMINS@MYLAB.LOCAL      Group   
2449         KELLY_BARRY@MYLAB.LOCAL       User   
406      CHRISTIE_WILSON@MYLAB.LOCAL       User   
477        JENNA_HARDING@MYLAB.LOCAL       User   
869     DA-EST-DISTLIST1@MYLAB.LOCAL      Group   
872     RO-ARJ-DISTLIST1@MYLAB.LOCAL      Group   
879   JA-CUC-ADMINGROUP1@MYLAB.LOCAL      Group   

                                           objectId  isTierZero  \
id                                                                
1002           643CE9DD-6D50-4B82-8DA1-994C82A16D6C       False   
1019  S-1-5-21-1333368235-828418111-1849936505-3276        True   
128    S-1-5-21-1333368235-828418111-1849936505-512        True   
2449  S-1-5-21-1333368235-828418111-1849936505-3133       False   
406   S-1-5-21-1333368235-828418111-1849936505-1376       False   
477   S-1-5-21-1333368235-828418111-1849936505-1447        True   
869   S-1-5-21-1333368235-828418111-1849936505-3782       False   
872   S-1-5-21-1333368235-828418111-1849936505-3635       False   
879   S-1-5-21-1333368235-828418111-1849936505-3831       False   

      isOwnedObject                        lastSeen  
id                                                   
1002          False        2025-03-16T21:35:40.053Z  
1019          False        2025-03-16T21:35:40.117Z  
128           False        2025-03-16T21:35:40.428Z  
2449          False        2025-03-16T21:35:40.117Z  
406           False        2025-03-16T21:35:40.117Z  
477           False  2025-03-16T21:35:31.048103438Z  
869           False        2025-03-16T21:35:39.799Z  
872           False        2025-03-16T21:35:39.799Z  
879           False  2025-03-16T21:35:36.886857315Z  ","   source target       label        kind                        lastSeen
0     879   2449  GenericAll  GenericAll  2025-03-16T21:35:35.889597893Z
1    2449    869    MemberOf    MemberOf   2025-03-16T21:35:36.88777499Z
2     869   1019  GenericAll  GenericAll  2025-03-16T21:35:35.889597893Z
3    1019    128    MemberOf    MemberOf   2025-03-16T21:35:36.88777499Z
4     869    477  GenericAll  GenericAll  2025-03-16T21:35:31.049135433Z
5     477    128    MemberOf    MemberOf   2025-03-16T21:35:36.88777499Z
6     879    406  GenericAll  GenericAll  2025-03-16T21:35:31.049135433Z
7     406    872    MemberOf    MemberOf   2025-03-16T21:35:36.88777499Z
8     872   1019  GenericAll  GenericAll  2025-03-16T21:35:35.889597893Z
9     872   1002  GenericAll  GenericAll  2025-03-16T21:35:38.232994191Z
10   1002    128    Contains    Contains   2025-03-16T21:35:36.88777499Z
11    872    477  GenericAll  GenericAll  2025-03-16T21:35:31.049135433Z","['643CE9DD-6D50-4B82-8DA1-994C82A16D6C'
 'S-1-5-21-1333368235-828418111-1849936505-3276'
 'S-1-5-21-1333368235-828418111-1849936505-512'
 'S-1-5-21-1333368235-828418111-1849936505-3133'
 'S-1-5-21-1333368235-828418111-1849936505-1376'
 'S-1-5-21-1333368235-828418111-1849936505-1447'
 'S-1-5-21-1333368235-828418111-1849936505-3782'
 'S-1-5-21-1333368235-828418111-1849936505-3635'
 'S-1-5-21-1333368235-828418111-1849936505-3831']",460.0,,,,0.0064389697648376,0.5057471264367817,0.4,0.0639445300462249,1.0,39.0,0.0543933054393305,334.4230431052868,311.4230431052868,0.1441413583593962,2.0305239316871746,0.2776769188114926,0.2528194868863631,0,0,0.5172428766279834,False,1.02867191859206,False,-5.847960533704705,False,3.6310591837068458,0.3264770240700219,False
252,0.0,0.0,220.0,0.0,37.0,0.0,False,User Group Created by Badblood github.com/davidprowe/badblood,"CN=DA-PALLMALL4-ADMINGROUP1,OU=T0-SERVERS,OU=TIER 0,OU=ADMIN,DC=MYLAB,DC=LOCAL",False,False,MYLAB.LOCAL,S-1-5-21-1333368235-828418111-1849936505,False,2025-03-16T21:35:36.886857315Z,CUSTOMER-SERVICE-TEAM@MYLAB.LOCAL,S-1-5-21-1333368235-828418111-1849936505-3832,DA-pallmall4-admingroup1,1742159216.0,0.0,0.0,0.0,False,0.0,0.0,0,0,[],257.0,,,,0.0,0.5057471264367817,0.0,0.0142526964560862,1.0,0.0,0.0,235.52843578282028,235.52843578282028,0.2425908695751881,1.519999822892868,0.2078620501971658,0.1412491481082507,0,0,0.3182116519633358,False,1.1830525789583013,False,-5.882614255319831,False,0.940906824197783,0.563676148796499,False
253,0.0,0.0,260.0,0.0,51.0,0.0,False,User Group Created by Badblood github.com/davidprowe/badblood,"CN=LO-151-DISTLIST1,OU=AWS,OU=PEOPLE,DC=MYLAB,DC=LOCAL",False,False,MYLAB.LOCAL,S-1-5-21-1333368235-828418111-1849936505,False,2025-03-16T21:35:36.886857315Z,TRAINING-MEMBERS-01@MYLAB.LOCAL,S-1-5-21-1333368235-828418111-1849936505-3833,LO-151-distlist1,1742159217.0,0.0,0.0,0.0,False,0.0,0.0,0,0,[],311.0,,,,0.0,0.5977011494252874,0.0,0.0196456086286594,1.0,0.0,0.0,295.37888402501073,295.37888402501073,0.1649536357404534,1.617346758053947,0.2211743764344686,0.1709279574383889,0,0,0.3247474467103136,False,0.9953387137861558,False,-5.872972957048437,False,1.270166058454298,0.5833698030634573,False
254,0.0,0.0,218.0,0.0,25.0,2.0,False,User Group Created by Badblood github.com/davidprowe/badblood,"CN=BE-RAK-ADMINGROUP1,OU=TEST,OU=HRE,OU=STAGE,DC=MYLAB,DC=LOCAL",False,False,MYLAB.LOCAL,S-1-5-21-1333368235-828418111-1849936505,False,2025-03-16T21:35:36.886857315Z,LOGISTICS-DEPARTMENT-04@MYLAB.LOCAL,S-1-5-21-1333368235-828418111-1849936505-3834,BE-rak-admingroup1,1742159217.0,0.0,0.0,0.0,False,0.0,0.0,0,0,[],243.0,,,,0.0,0.5011494252873563,0.0,0.0096302003081664,1.0,0.0,0.0,272.67400821096595,272.67400821096595,0.1944061094400738,1.5107796255955228,0.2066011756335089,0.1335546419856222,0,0,0.3330795222602278,False,1.0969634187224324,False,-6.00850973609705,False,0.959257344246257,0.5514223194748359,False
255,0.0,0.0,218.0,0.0,50.0,11.0,False,User Group Created by Badblood github.com/davidprowe/badblood,"CN=AL-GAB-DISTLIST1,OU=TEST,OU=OGC,OU=STAGE,DC=MYLAB,DC=LOCAL",False,False,MYLAB.LOCAL,S-1-5-21-1333368235-828418111-1849936505,False,2025-03-16T21:35:40.097Z,PRODUCT-ALL-01@MYLAB.LOCAL,S-1-5-21-1333368235-828418111-1849936505-3835,AL-gab-distlist1,1742159217.0,0.0,0.0,0.0,False,0.0,0.0,0,0,[],268.0,,,,0.0,0.5011494252873563,0.0,0.0192604006163328,1.0,0.0,0.0,279.57615186056813,279.57615186056813,0.1854527372227651,1.5204098259036891,0.2079181186684463,0.1472948314903159,0,0,0.3169591633876054,False,1.075554146732219,False,-5.753396389650231,False,1.463105796878425,0.5177242888402626,False
256,0.0,0.0,218.0,0.0,71.0,0.0,False,User Group Created by Badblood github.com/davidprowe/badblood,"CN=32-ILOVEXX3D-DISTLIST1,OU=GROUPS,OU=ITS,OU=STAGE,DC=MYLAB,DC=LOCAL",False,False,MYLAB.LOCAL,S-1-5-21-1333368235-828418111-1849936505,False,2025-03-16T21:35:36.886857315Z,32-ILOVEXX3D-DISTLIST1@MYLAB.LOCAL,S-1-5-21-1333368235-828418111-1849936505-3836,32-ilovexx3D-distlist1,1742159218.0,0.0,0.0,0.0,False,0.0,0.0,0,0,[],289.0,,,,0.0,0.5011494252873563,0.0,0.0273497688751926,1.0,0.0,0.0,338.25372466357385,338.25372466357385,0.1093369423647701,1.5284991941625488,0.2090243508177937,0.1588365906742585,0,0,0.3162145892738607,False,1.003399530406223,False,-5.909505633712479,False,1.3747720410708235,0.6271334792122538,False
257,0.0,0.0,219.0,0.0,30.0,0.0,False,User Group Created by Badblood github.com/davidprowe/badblood,"CN=HA-1.9762E11-ADMINGROUP1,OU=GROUPS,OU=ESM,OU=STAGE,DC=MYLAB,DC=LOCAL",False,False,MYLAB.LOCAL,S-1-5-21-1333368235-828418111-1849936505,False,2025-03-16T21:35:36.886857315Z,FINANCE-ANNOUNCE-02@MYLAB.LOCAL,S-1-5-21-1333368235-828418111-1849936505-3837,HA-1.9762E11-admingroup1,1742159218.0,0.0,0.0,0.0,False,0.0,0.0,0,0,[],249.0,,,,0.0,0.503448275862069,0.0,0.0115562403697996,1.0,0.0,0.0,317.76105032486527,317.76105032486527,0.135919776683659,1.5150045162318686,0.2071789351939398,0.1368522874667487,0,0,0.31996586469694,False,1.0411211332867003,False,-5.927252343715481,False,0.8780389824088695,0.6196936542669584,False
258,0.0,22.0,247.0,0.0,26.0,3.0,False,User Group Created by Badblood github.com/davidprowe/badblood,"CN=MA-CAL-DISTLIST1,OU=GROUPS,OU=SEC,OU=STAGE,DC=MYLAB,DC=LOCAL",False,False,MYLAB.LOCAL,S-1-5-21-1333368235-828418111-1849936505,False,2025-03-16T21:35:40.097Z,QUALITY-MEMBERS-01@MYLAB.LOCAL,S-1-5-21-1333368235-828418111-1849936505-3838,MA-cal-distlist1,1742159218.0,0.0,0.0,0.0,False,14.0,27.0,"                                   label       kind  \
id                                                    
0             ADMINISTRATORS@MYLAB.LOCAL      Group   
1002                   USERS@MYLAB.LOCAL  Container   
1019             LOUIS_TYLER@MYLAB.LOCAL       User   
1023            ANDREA_TYLER@MYLAB.LOCAL       User   
128            DOMAIN ADMINS@MYLAB.LOCAL      Group   
3072        MA-CAL-DISTLIST1@MYLAB.LOCAL      Group   
3272  JO-PIPOMORRI-DISTLIST1@MYLAB.LOCAL      Group   
477            JENNA_HARDING@MYLAB.LOCAL       User   
869         DA-EST-DISTLIST1@MYLAB.LOCAL      Group   
870         DE-DAS-DISTLIST1@MYLAB.LOCAL      Group   
871   MA-VACACIONE-DISTLIST1@MYLAB.LOCAL      Group   
872         RO-ARJ-DISTLIST1@MYLAB.LOCAL      Group   
877         TA-24D-DISTLIST1@MYLAB.LOCAL      Group   
889         PA-COM-DISTLIST1@MYLAB.LOCAL      Group   

                                           objectId  isTierZero  \
id                                                                
0                          MYLAB.LOCAL-S-1-5-32-544        True   
1002           643CE9DD-6D50-4B82-8DA1-994C82A16D6C       False   
1019  S-1-5-21-1333368235-828418111-1849936505-3276        True   
1023  S-1-5-21-1333368235-828418111-1849936505-2378        True   
128    S-1-5-21-1333368235-828418111-1849936505-512        True   
3072  S-1-5-21-1333368235-828418111-1849936505-3838       False   
3272  S-1-5-21-1333368235-828418111-1849936505-4027       False   
477   S-1-5-21-1333368235-828418111-1849936505-1447        True   
869   S-1-5-21-1333368235-828418111-1849936505-3782       False   
870   S-1-5-21-1333368235-828418111-1849936505-3600       False   
871   S-1-5-21-1333368235-828418111-1849936505-3890       False   
872   S-1-5-21-1333368235-828418111-1849936505-3635       False   
877   S-1-5-21-1333368235-828418111-1849936505-4033       False   
889   S-1-5-21-1333368235-828418111-1849936505-3962       False   

      isOwnedObject                        lastSeen  
id                                                   
0             False        2025-03-16T21:35:40.441Z  
1002          False        2025-03-16T21:35:40.053Z  
1019          False        2025-03-16T21:35:40.117Z  
1023          False        2025-03-16T21:35:40.117Z  
128           False        2025-03-16T21:35:40.428Z  
3072          False        2025-03-16T21:35:40.097Z  
3272          False        2025-03-16T21:35:40.428Z  
477           False  2025-03-16T21:35:31.048103438Z  
869           False        2025-03-16T21:35:39.799Z  
870           False        2025-03-16T21:35:39.799Z  
871           False        2025-03-16T21:35:39.799Z  
872           False        2025-03-16T21:35:39.799Z  
877           False        2025-03-16T21:35:40.428Z  
889           False        2025-03-16T21:35:39.799Z  ","   source target         label          kind                        lastSeen
0    3072   3272      MemberOf      MemberOf   2025-03-16T21:35:36.88777499Z
1    3272    889    GenericAll    GenericAll   2025-03-16T21:35:36.88777499Z
2     889    870    GenericAll    GenericAll   2025-03-16T21:35:36.88777499Z
3     870    477    GenericAll    GenericAll  2025-03-16T21:35:31.049135433Z
4     477    128      MemberOf      MemberOf   2025-03-16T21:35:36.88777499Z
5     889    872    GenericAll    GenericAll   2025-03-16T21:35:36.88777499Z
6     872    477    GenericAll    GenericAll  2025-03-16T21:35:31.049135433Z
7     872   1019    GenericAll    GenericAll  2025-03-16T21:35:35.889597893Z
8    1019    128      MemberOf      MemberOf   2025-03-16T21:35:36.88777499Z
9     889    871    GenericAll    GenericAll   2025-03-16T21:35:36.88777499Z
10    871    477    GenericAll    GenericAll  2025-03-16T21:35:31.049135433Z
11    872   1002    GenericAll    GenericAll  2025-03-16T21:35:38.232994191Z
12   1002    128      Contains      Contains   2025-03-16T21:35:36.88777499Z
13    870   1002    GenericAll    GenericAll  2025-03-16T21:35:38.232994191Z
14    889   1023    GenericAll    GenericAll  2025-03-16T21:35:34.829357333Z
15   1023      0      MemberOf      MemberOf  2025-03-16T21:35:38.201365484Z
16      0    128    WriteOwner    WriteOwner   2025-03-16T21:35:36.88777499Z
17    889    877    GenericAll    GenericAll   2025-03-16T21:35:36.88777499Z
18    877   1019    GenericAll    GenericAll  2025-03-16T21:35:35.889597893Z
19    870   1019    GenericAll    GenericAll  2025-03-16T21:35:35.889597893Z
20    889    869    GenericAll    GenericAll   2025-03-16T21:35:36.88777499Z
21    869   1019    GenericAll    GenericAll  2025-03-16T21:35:35.889597893Z
22    871   1002    GenericAll    GenericAll  2025-03-16T21:35:38.232994191Z
23    871   1019    GenericAll    GenericAll  2025-03-16T21:35:35.889597893Z
24      0    128     WriteDacl     WriteDacl   2025-03-16T21:35:36.88777499Z
25      0    128  GenericWrite  GenericWrite   2025-03-16T21:35:36.88777499Z
26    869    477    GenericAll    GenericAll  2025-03-16T21:35:31.049135433Z","['MYLAB.LOCAL-S-1-5-32-544' '643CE9DD-6D50-4B82-8DA1-994C82A16D6C'
 'S-1-5-21-1333368235-828418111-1849936505-3276'
 'S-1-5-21-1333368235-828418111-1849936505-2378'
 'S-1-5-21-1333368235-828418111-1849936505-512'
 'S-1-5-21-1333368235-828418111-1849936505-3838'
 'S-1-5-21-1333368235-828418111-1849936505-4027'
 'S-1-5-21-1333368235-828418111-1849936505-1447'
 'S-1-5-21-1333368235-828418111-1849936505-3782'
 'S-1-5-21-1333368235-828418111-1849936505-3600'
 'S-1-5-21-1333368235-828418111-1849936505-3890'
 'S-1-5-21-1333368235-828418111-1849936505-3635'
 'S-1-5-21-1333368235-828418111-1849936505-4033'
 'S-1-5-21-1333368235-828418111-1849936505-3962']",334.0,,,,0.0061590145576707,0.5678160919540229,0.9,0.010015408320493,1.0,12.0,0.0167364016736401,353.0127619256515,331.0127619256515,0.1187298263578491,2.5007269165058266,0.3419778186939792,0.1835689317827071,0,0,0.5225574409442355,False,1.3679455047207614,False,-5.655252491741797,False,1.56409184740275,0.2765864332603939,False
259,0.0,0.0,218.0,0.0,59.0,0.0,False,User Group Created by Badblood github.com/davidprowe/badblood,"CN=AM-SOL-DISTLIST1,OU=TST,OU=PEOPLE,DC=MYLAB,DC=LOCAL",False,False,MYLAB.LOCAL,S-1-5-21-1333368235-828418111-1849936505,False,2025-03-16T21:35:36.886857315Z,OPERATIONS-TEAM-01@MYLAB.LOCAL,S-1-5-21-1333368235-828418111-1849936505-3839,AM-sol-distlist1,1742159218.0,0.0,0.0,0.0,False,0.0,0.0,0,0,[],277.0,,,,0.0,0.5011494252873563,0.0,0.0227272727272727,1.0,0.0,0.0,287.21355975386393,287.21355975386393,0.1755455896588299,1.523876698014629,0.2083922181610238,0.1522412997120056,0,0,0.3177838071688936,False,0.9821536707912129,False,-5.987813878714266,False,0.9337417665252852,0.7041575492341356,False
260,0.0,0.0,243.0,0.0,23.0,0.0,False,User Group Created by Badblood github.com/davidprowe/badblood,"CN=CO-CHICAMARA-ADMINGROUP1,OU=SERVICEACCOUNTS,OU=SEC,OU=TIER 2,DC=MYLAB,DC=LOCAL",False,False,MYLAB.LOCAL,S-1-5-21-1333368235-828418111-1849936505,False,2025-03-16T21:35:36.886857315Z,COMPLIANCE-GROUP-02@MYLAB.LOCAL,S-1-5-21-1333368235-828418111-1849936505-3840,CO-chicamara-admingroup1,1742159218.0,0.0,0.0,0.0,False,0.0,0.0,0,0,[],266.0,,,,0.0,0.5586206896551724,0.0,0.008859784283513,1.0,0.0,0.0,263.3339245539243,263.3339245539243,0.2065219461666991,1.5674804739386854,0.2143550940268001,0.1461956163299404,0,0,0.3381582399858758,False,2.061713165440134,False,-5.931342472039383,False,0.8277116291829103,0.4647702407002188,False
262,0.0,0.0,218.0,0.0,27.0,0.0,False,User Group Created by Badblood github.com/davidprowe/badblood,"CN=SH-PIC-DISTLIST1,OU=TIER 1,OU=ADMIN,DC=MYLAB,DC=LOCAL",False,False,MYLAB.LOCAL,S-1-5-21-1333368235-828418111-1849936505,False,2025-03-16T21:35:36.886857315Z,LEGAL-TEAM-01@MYLAB.LOCAL,S-1-5-21-1333368235-828418111-1849936505-3842,SH-pic-distlist1,1742159219.0,0.0,0.0,0.0,False,0.0,0.0,0,0,[],245.0,,,,0.0,0.5011494252873563,0.0,0.0104006163328197,1.0,0.0,0.0,284.15479606889465,284.15479606889465,0.1795133786801283,1.511550041620176,0.2067065310763039,0.1346538571459977,0,0,0.3347700776604647,False,1.1100109095775983,False,-6.026039827381571,False,0.9214263742422012,0.5487964989059081,False
264,0.0,650.0,235.0,0.0,18.0,0.0,False,User Group Created by Badblood github.com/davidprowe/badblood,"CN=CY-ALE-ADMINGROUP1,OU=TEST,OU=TST,OU=TIER 1,DC=MYLAB,DC=LOCAL",False,False,MYLAB.LOCAL,S-1-5-21-1333368235-828418111-1849936505,False,2025-03-16T21:35:36.886857315Z,DB-ADMINS-SQL-PROD@MYLAB.LOCAL,S-1-5-21-1333368235-828418111-1849936505-3844,CY-ale-admingroup1,1742159219.0,0.0,0.0,0.0,False,8.0,14.0,0,0,[],411.0,,,,0.0,0.8873563218390804,0.0,0.0096302003081664,1.0,78.0,0.0,657.8811457163147,7.881145716314677,0.5378920145092723,1.8969865221472468,0.2594154958120082,0.2258887154571635,0,0,0.3744644975213967,False,0.974698386584678,False,-5.461367012585217,False,5.169796196713775,0.3470459518599562,False
265,0.0,0.0,219.0,0.0,30.0,0.0,False,User Group Created by Badblood github.com/davidprowe/badblood,"CN=LI-FRASCUELO-DISTLIST1,OU=T1-ACCOUNTS,OU=TIER 1,OU=ADMIN,DC=MYLAB,DC=LOCAL",False,False,MYLAB.LOCAL,S-1-5-21-1333368235-828418111-1849936505,False,2025-03-16T21:35:36.886857315Z,SALES-TEAM@MYLAB.LOCAL,S-1-5-21-1333368235-828418111-1849936505-3845,LI-FRASCUELO-distlist1,1742159220.0,0.0,0.0,0.0,False,0.0,0.0,0,0,[],249.0,,,,0.0,0.503448275862069,0.0,0.0115562403697996,1.0,0.0,0.0,301.81553122884407,301.81553122884407,0.1566040995422695,1.5150045162318686,0.2071789351939398,0.1368522874667487,0,0,0.3178585552971976,False,0.9938923240036184,False,-5.628493144655526,False,1.627356890027993,0.52472647702407,False
268,0.0,0.0,218.0,0.0,67.0,0.0,False,User Group Created by Badblood github.com/davidprowe/badblood,"CN=BO-VIC-ADMINGROUP1,OU=GROUPS,OU=AWS,OU=STAGE,DC=MYLAB,DC=LOCAL",False,False,MYLAB.LOCAL,S-1-5-21-1333368235-828418111-1849936505,False,2025-03-16T21:35:36.886857315Z,COMMUNICATIONS-ALL-01@MYLAB.LOCAL,S-1-5-21-1333368235-828418111-1849936505-3848,BO-Vic-admingroup1,1742159221.0,0.0,0.0,0.0,False,0.0,0.0,0,0,[],285.0,,,,0.0,0.5011494252873563,0.0,0.0258089368258859,1.0,0.0,0.0,246.2018536923457,246.2018536923457,0.2287454487572112,1.526958362113242,0.2088136399322037,0.1566381603535076,0,0,0.3177810156740222,False,0.9780028182605212,False,-5.985857527175307,False,1.0969157050486864,0.6914660831509847,False
269,0.0,21.0,270.0,0.0,71.0,0.0,False,User Group Created by Badblood github.com/davidprowe/badblood,"CN=BR-EDUFER191-ADMINGROUP1,OU=SERVICEACCOUNTS,OU=SEC,OU=STAGE,DC=MYLAB,DC=LOCAL",False,False,MYLAB.LOCAL,S-1-5-21-1333368235-828418111-1849936505,False,2025-03-16T21:35:36.886857315Z,HR-ANNOUNCE-01@MYLAB.LOCAL,S-1-5-21-1333368235-828418111-1849936505-3849,BR-edufer191-admingroup1,1742159221.0,0.0,0.0,0.0,False,10.0,15.0,"                                     label       kind  \
id                                                      
1002                     USERS@MYLAB.LOCAL  Container   
1019               LOUIS_TYLER@MYLAB.LOCAL       User   
128              DOMAIN ADMINS@MYLAB.LOCAL      Group   
1816              6372101301SA@MYLAB.LOCAL       User   
2510             CLAUDE_GIBSON@MYLAB.LOCAL       User   
2602            STEWART_THOMAS@MYLAB.LOCAL       User   
477              JENNA_HARDING@MYLAB.LOCAL       User   
870           DE-DAS-DISTLIST1@MYLAB.LOCAL      Group   
872           RO-ARJ-DISTLIST1@MYLAB.LOCAL      Group   
881   BR-EDUFER191-ADMINGROUP1@MYLAB.LOCAL      Group   

                                           objectId  isTierZero  \
id                                                                
1002           643CE9DD-6D50-4B82-8DA1-994C82A16D6C       False   
1019  S-1-5-21-1333368235-828418111-1849936505-3276        True   
128    S-1-5-21-1333368235-828418111-1849936505-512        True   
1816  S-1-5-21-1333368235-828418111-1849936505-2469       False   
2510  S-1-5-21-1333368235-828418111-1849936505-3196       False   
2602  S-1-5-21-1333368235-828418111-1849936505-3290       False   
477   S-1-5-21-1333368235-828418111-1849936505-1447        True   
870   S-1-5-21-1333368235-828418111-1849936505-3600       False   
872   S-1-5-21-1333368235-828418111-1849936505-3635       False   
881   S-1-5-21-1333368235-828418111-1849936505-3849       False   

      isOwnedObject                        lastSeen  
id                                                   
1002          False        2025-03-16T21:35:40.053Z  
1019          False        2025-03-16T21:35:40.117Z  
128           False        2025-03-16T21:35:40.428Z  
1816          False        2025-03-16T21:35:40.117Z  
2510          False        2025-03-16T21:35:40.117Z  
2602          False        2025-03-16T21:35:40.117Z  
477           False  2025-03-16T21:35:31.048103438Z  
870           False        2025-03-16T21:35:39.799Z  
872           False        2025-03-16T21:35:39.799Z  
881           False  2025-03-16T21:35:36.886857315Z  ","   source target       label        kind                        lastSeen
0     881   1816  GenericAll  GenericAll  2025-03-16T21:35:34.829357333Z
1    1816    870    MemberOf    MemberOf   2025-03-16T21:35:36.88777499Z
2     870   1019  GenericAll  GenericAll  2025-03-16T21:35:35.889597893Z
3    1019    128    MemberOf    MemberOf   2025-03-16T21:35:36.88777499Z
4     881   2510  GenericAll  GenericAll  2025-03-16T21:35:35.889597893Z
5    2510    870    MemberOf    MemberOf   2025-03-16T21:35:36.88777499Z
6     870   1002  GenericAll  GenericAll  2025-03-16T21:35:38.232994191Z
7    1002    128    Contains    Contains   2025-03-16T21:35:36.88777499Z
8     870    477  GenericAll  GenericAll  2025-03-16T21:35:31.049135433Z
9     477    128    MemberOf    MemberOf   2025-03-16T21:35:36.88777499Z
10    881   2602  GenericAll  GenericAll  2025-03-16T21:35:35.889597893Z
11   2602    872    MemberOf    MemberOf   2025-03-16T21:35:36.88777499Z
12    872   1019  GenericAll  GenericAll  2025-03-16T21:35:35.889597893Z
13    872   1002  GenericAll  GenericAll  2025-03-16T21:35:38.232994191Z
14    872    477  GenericAll  GenericAll  2025-03-16T21:35:31.049135433Z","['643CE9DD-6D50-4B82-8DA1-994C82A16D6C'
 'S-1-5-21-1333368235-828418111-1849936505-3276'
 'S-1-5-21-1333368235-828418111-1849936505-512'
 'S-1-5-21-1333368235-828418111-1849936505-2469'
 'S-1-5-21-1333368235-828418111-1849936505-3196'
 'S-1-5-21-1333368235-828418111-1849936505-3290'
 'S-1-5-21-1333368235-828418111-1849936505-1447'
 'S-1-5-21-1333368235-828418111-1849936505-3600'
 'S-1-5-21-1333368235-828418111-1849936505-3635'
 'S-1-5-21-1333368235-828418111-1849936505-3849']",411.0,,,,0.0058790593505039,0.6206896551724138,0.5,0.0273497688751926,1.0,34.0,0.0474198047419804,298.01888514096817,277.01888514096817,0.1887699908126456,2.201338288140091,0.3010360151749631,0.2258887154571635,0,0,0.5395480230281389,False,1.178007547307938,False,-5.754962344076577,False,2.099520444556624,0.2713347921225383,False
270,0.0,890.0,205.0,0.0,9.0,0.0,False,User Group Created by Badblood github.com/davidprowe/badblood,"CN=LI-ADI-DISTLIST1,OU=DEVICES,OU=FSR,OU=TIER 2,DC=MYLAB,DC=LOCAL",False,False,MYLAB.LOCAL,S-1-5-21-1333368235-828418111-1849936505,False,2025-03-16T21:35:36.886857315Z,BACKUP-ADMINS-VEEAM@MYLAB.LOCAL,S-1-5-21-1333368235-828418111-1849936505-3850,LI-adi-distlist1,1742159221.0,0.0,0.0,0.0,False,5.0,8.0,0,0,[],405.0,,,,0.0,0.871264367816092,0.0,0.010015408320493,1.0,125.0,0.0,900.1561606911813,10.1561606911813,0.5349408942625782,1.881279776136585,0.2572675768593016,0.2225910699760371,0,0,0.3913919451955854,False,1.0024443030970511,False,-5.286982179202875,False,5.157802942910468,0.2765864332603939,False
271,0.0,0.0,278.0,0.0,28.0,0.0,False,User Group Created by Badblood github.com/davidprowe/badblood,"CN=SH-AMI-DISTLIST1,OU=SERVICEACCOUNTS,OU=FIN,OU=TIER 2,DC=MYLAB,DC=LOCAL",False,False,MYLAB.LOCAL,S-1-5-21-1333368235-828418111-1849936505,False,2025-03-16T21:35:36.886857315Z,HR-MEMBERS-02@MYLAB.LOCAL,S-1-5-21-1333368235-828418111-1849936505-3851,SH-ami-distlist1,1742159221.0,0.0,0.0,0.0,False,0.0,0.0,0,0,[],306.0,,,,0.0,0.639080459770115,0.0,0.0107858243451463,1.0,0.0,0.0,405.05905029540304,405.05905029540304,0.0226779307814994,1.6498662841152614,0.2256214660043083,0.1681799195374502,0,0,0.3318818554651009,False,0.9841990829079864,False,-5.562317198852496,False,2.1803223605390234,0.4166301969365427,False
272,0.0,420.0,248.0,0.0,11.0,0.0,False,User Group Created by Badblood github.com/davidprowe/badblood,"CN=OS-TOSBER_SA-DISTLIST1,OU=ITS,OU=PEOPLE,DC=MYLAB,DC=LOCAL",False,False,MYLAB.LOCAL,S-1-5-21-1333368235-828418111-1849936505,False,2025-03-16T21:35:36.886857315Z,SHAREPOINT-FARM-ADMINS@MYLAB.LOCAL,S-1-5-21-1333368235-828418111-1849936505-3852,OS-TOSBER_SA-distlist1,1742159221.0,0.0,0.0,0.0,False,9.0,16.0,0,0,[],273.0,,,,0.0,0.5770114942528736,0.0,0.0084745762711864,1.0,52.0,0.0,459.4137368369151,39.41373683691506,0.4969883417357843,1.58548607052406,0.2168173839329502,0.1500428693912546,0,0,0.3224126700448023,False,0.9889044870992932,False,-5.603793527354505,False,1.6107185530668444,0.499343544857768,False
273,0.0,0.0,218.0,0.0,308.0,3.0,False,User Group Created by Badblood github.com/davidprowe/badblood,"CN=WI-BED-ADMINGROUP1,OU=DEVICES,OU=ITS,OU=STAGE,DC=MYLAB,DC=LOCAL",False,False,MYLAB.LOCAL,S-1-5-21-1333368235-828418111-1849936505,False,2025-03-16T21:35:40.097Z,PROCUREMENT-ANNOUNCE-02@MYLAB.LOCAL,S-1-5-21-1333368235-828418111-1849936505-3853,WI-bed-admingroup1,1742159222.0,0.0,0.0,0.0,False,0.0,0.0,0,0,[],526.0,,,,0.0,0.5011494252873563,0.0,0.1186440677966101,1.0,0.0,0.0,256.39630350074907,256.39630350074907,0.2155213392168995,1.6197934930839664,0.2215089707890003,0.2890935871787543,0,0,0.3690821853877491,False,1.975600734166418,False,-5.417335362236048,False,7.419664277679317,0.1606126914660831,False
274,0.0,0.0,275.0,0.0,18.0,0.0,False,User Group Created by Badblood github.com/davidprowe/badblood,"CN=PA-FONSECAFO-DISTLIST1,OU=GROUPS,OU=BDE,OU=TIER 2,DC=MYLAB,DC=LOCAL",False,False,MYLAB.LOCAL,S-1-5-21-1333368235-828418111-1849936505,False,2025-03-16T21:35:36.886857315Z,AUDIT-TEAM-04@MYLAB.LOCAL,S-1-5-21-1333368235-828418111-1849936505-3854,PA-fonsecafo-distlist1,1742159222.0,0.0,0.0,0.0,False,0.0,0.0,0,0,[],293.0,,,,0.0,0.632183908045977,0.0,0.0069337442218798,1.0,0.0,0.0,281.3530977323074,281.3530977323074,0.1831477058285536,1.6391176522678568,0.224151575930003,0.1610350209950095,0,0,0.3319699879078314,False,0.9970685892980412,False,-5.753442222604784,False,1.7169214092389424,0.4687089715536105,False
275,0.0,0.0,222.0,0.0,133.0,0.0,False,User Group Created by Badblood github.com/davidprowe/badblood,"CN=LE-753-ADMINGROUP1,OU=TEST,OU=GOO,OU=TIER 1,DC=MYLAB,DC=LOCAL",False,False,MYLAB.LOCAL,S-1-5-21-1333368235-828418111-1849936505,False,2025-03-16T21:35:36.886857315Z,HR-STAFF-01@MYLAB.LOCAL,S-1-5-21-1333368235-828418111-1849936505-3855,LE-753-admingroup1,1742159222.0,0.0,0.0,0.0,False,0.0,0.0,0,0,[],355.0,,,,0.0,0.5103448275862069,0.0,0.0512326656394453,1.0,0.0,0.0,229.4839886594456,229.4839886594456,0.250431648859249,1.561577493225652,0.2135478533582123,0.1951106909666498,0,0,0.3265783957378404,False,0.9994334982051108,False,-6.009301809892842,False,2.6223565842348657,0.5067833698030635,False
276,0.0,54.0,217.0,0.0,35.0,2.0,False,User Group Created by Badblood github.com/davidprowe/badblood,"CN=AN-9MESESJUA-DISTLIST1,OU=AZR,OU=TIER 1,DC=MYLAB,DC=LOCAL",False,False,MYLAB.LOCAL,S-1-5-21-1333368235-828418111-1849936505,False,2025-03-16T21:35:36.886857315Z,CUSTOMER-SERVICE-GROUP-01@MYLAB.LOCAL,S-1-5-21-1333368235-828418111-1849936505-3856,AN-9mesesjua-distlist1,1742159222.0,0.0,0.0,0.0,False,11.0,16.0,"                                   label       kind  \
id                                                    
1002                   USERS@MYLAB.LOCAL  Container   
1019             LOUIS_TYLER@MYLAB.LOCAL       User   
128            DOMAIN ADMINS@MYLAB.LOCAL      Group   
248           CARMEN_HAWKINS@MYLAB.LOCAL       User   
3089  AN-9MESESJUA-DISTLIST1@MYLAB.LOCAL      Group   
323             3579637267SA@MYLAB.LOCAL       User   
477            JENNA_HARDING@MYLAB.LOCAL       User   
869         DA-EST-DISTLIST1@MYLAB.LOCAL      Group   
870         DE-DAS-DISTLIST1@MYLAB.LOCAL      Group   
877         TA-24D-DISTLIST1@MYLAB.LOCAL      Group   
885         AU-JAS-DISTLIST1@MYLAB.LOCAL      Group   

                                           objectId  isTierZero  \
id                                                                
1002           643CE9DD-6D50-4B82-8DA1-994C82A16D6C       False   
1019  S-1-5-21-1333368235-828418111-1849936505-3276        True   
128    S-1-5-21-1333368235-828418111-1849936505-512        True   
248   S-1-5-21-1333368235-828418111-1849936505-1218       False   
3089  S-1-5-21-1333368235-828418111-1849936505-3856       False   
323   S-1-5-21-1333368235-828418111-1849936505-1293       False   
477   S-1-5-21-1333368235-828418111-1849936505-1447        True   
869   S-1-5-21-1333368235-828418111-1849936505-3782       False   
870   S-1-5-21-1333368235-828418111-1849936505-3600       False   
877   S-1-5-21-1333368235-828418111-1849936505-4033       False   
885   S-1-5-21-1333368235-828418111-1849936505-3810       False   

      isOwnedObject                        lastSeen  
id                                                   
1002          False        2025-03-16T21:35:40.053Z  
1019          False        2025-03-16T21:35:40.117Z  
128           False        2025-03-16T21:35:40.428Z  
248           False        2025-03-16T21:35:40.117Z  
3089          False  2025-03-16T21:35:36.886857315Z  
323           False        2025-03-16T21:35:40.117Z  
477           False  2025-03-16T21:35:31.048103438Z  
869           False        2025-03-16T21:35:39.799Z  
870           False        2025-03-16T21:35:39.799Z  
877           False        2025-03-16T21:35:40.428Z  
885           False        2025-03-16T21:35:39.799Z  ","   source target       label        kind                        lastSeen
0    3089    885    MemberOf    MemberOf   2025-03-16T21:35:36.88777499Z
1     885    248  GenericAll  GenericAll  2025-03-16T21:35:31.049135433Z
2     248    870    MemberOf    MemberOf   2025-03-16T21:35:36.88777499Z
3     870   1019  GenericAll  GenericAll  2025-03-16T21:35:35.889597893Z
4    1019    128    MemberOf    MemberOf   2025-03-16T21:35:36.88777499Z
5     885    323  GenericAll  GenericAll  2025-03-16T21:35:31.049135433Z
6     323    870  GenericAll  GenericAll   2025-03-16T21:35:36.88777499Z
7     323    877  GenericAll  GenericAll   2025-03-16T21:35:36.88777499Z
8     877   1019  GenericAll  GenericAll  2025-03-16T21:35:35.889597893Z
9     870    477  GenericAll  GenericAll  2025-03-16T21:35:31.049135433Z
10    477    128    MemberOf    MemberOf   2025-03-16T21:35:36.88777499Z
11    323    869  GenericAll  GenericAll   2025-03-16T21:35:36.88777499Z
12    869    477  GenericAll  GenericAll  2025-03-16T21:35:31.049135433Z
13    869   1019  GenericAll  GenericAll  2025-03-16T21:35:35.889597893Z
14    870   1002  GenericAll  GenericAll  2025-03-16T21:35:38.232994191Z
15   1002    128    Contains    Contains   2025-03-16T21:35:36.88777499Z","['643CE9DD-6D50-4B82-8DA1-994C82A16D6C'
 'S-1-5-21-1333368235-828418111-1849936505-3276'
 'S-1-5-21-1333368235-828418111-1849936505-512'
 'S-1-5-21-1333368235-828418111-1849936505-1218'
 'S-1-5-21-1333368235-828418111-1849936505-3856'
 'S-1-5-21-1333368235-828418111-1849936505-1293'
 'S-1-5-21-1333368235-828418111-1849936505-1447'
 'S-1-5-21-1333368235-828418111-1849936505-3782'
 'S-1-5-21-1333368235-828418111-1849936505-3600'
 'S-1-5-21-1333368235-828418111-1849936505-4033'
 'S-1-5-21-1333368235-828418111-1849936505-3810']",338.0,,,,0.01511758118701,0.4988505747126436,0.5333333333333333,0.0134822804314329,1.0,16.0,0.0223152022315202,267.97525493391925,213.97525493391925,0.2705493793373401,2.0830989718959403,0.284866627311717,0.1857673621034581,0,0,0.5076122838471558,False,1.6920298724786704,False,-5.48148039171059,False,2.092617357360817,0.187308533916849,False
280,0.0,0.0,217.0,0.0,16.0,0.0,False,User Group Created by Badblood github.com/davidprowe/badblood,"CN=BE-291-ADMINGROUP1,OU=STAGE,DC=MYLAB,DC=LOCAL",False,False,MYLAB.LOCAL,S-1-5-21-1333368235-828418111-1849936505,False,2025-03-16T21:35:36.886857315Z,TRAINING-MEMBERS-02@MYLAB.LOCAL,S-1-5-21-1333368235-828418111-1849936505-3860,BE-291-admingroup1,1742159223.0,0.0,0.0,0.0,False,0.0,0.0,0,0,[],233.0,,,,0.0,0.4988505747126436,0.0,0.0061633281972265,1.0,0.0,0.0,307.94740877230254,307.94740877230254,0.1486499066386338,1.50501390290987,0.205812705187488,0.1280585661837448,0,0,0.3217541041926343,False,1.1276813029165669,False,-5.766490979810261,False,1.3238985175632945,0.4884026258205689,False
281,0.0,0.0,247.0,0.0,36.0,2.0,False,User Group Created by Badblood github.com/davidprowe/badblood,"CN=EM-NEX-ADMINGROUP1,OU=SEC,OU=STAGE,DC=MYLAB,DC=LOCAL",False,False,MYLAB.LOCAL,S-1-5-21-1333368235-828418111-1849936505,False,2025-03-16T21:35:40.097Z,STRATEGY-DEPARTMENT-03@MYLAB.LOCAL,S-1-5-21-1333368235-828418111-1849936505-3861,EM-nex-admingroup1,1742159224.0,0.0,0.0,0.0,False,0.0,0.0,0,0,[],283.0,,,,0.0,0.5678160919540229,0.0,0.0138674884437596,1.0,0.0,0.0,347.21109941725854,347.21109941725854,0.0977175507190624,1.581683580397783,0.2162973882187414,0.1555389451931321,0,0,0.32161357338537,False,1.0013095004300685,False,-5.779508723765938,False,1.1539408239561224,0.5711159737417943,False
284,0.0,27.0,219.0,0.0,33.0,13.0,False,User Group Created by Badblood github.com/davidprowe/badblood,"CN=TE-ROM-DISTLIST1,OU=GROUPS,OU=BDE,OU=TIER 1,DC=MYLAB,DC=LOCAL",False,False,MYLAB.LOCAL,S-1-5-21-1333368235-828418111-1849936505,False,2025-03-16T21:35:40.097Z,ANALYTICS-DEPARTMENT-01@MYLAB.LOCAL,S-1-5-21-1333368235-828418111-1849936505-3864,TE-rom-distlist1,1742159224.0,0.0,0.0,0.0,False,15.0,28.0,"                                   label       kind  \
id                                                    
10            BDEWWKS1000000.MYLAB.LOCAL   Computer   
1002                   USERS@MYLAB.LOCAL  Container   
1003      HO-TAT-ADMINGROUP1@MYLAB.LOCAL      Group   
1019             LOUIS_TYLER@MYLAB.LOCAL       User   
128            DOMAIN ADMINS@MYLAB.LOCAL      Group   
19           GOOWSECS1000001.MYLAB.LOCAL   Computer   
3096        TE-ROM-DISTLIST1@MYLAB.LOCAL      Group   
3283        JE-CAR-DISTLIST1@MYLAB.LOCAL      Group   
477            JENNA_HARDING@MYLAB.LOCAL       User   
869         DA-EST-DISTLIST1@MYLAB.LOCAL      Group   
870         DE-DAS-DISTLIST1@MYLAB.LOCAL      Group   
871   MA-VACACIONE-DISTLIST1@MYLAB.LOCAL      Group   
872         RO-ARJ-DISTLIST1@MYLAB.LOCAL      Group   
877         TA-24D-DISTLIST1@MYLAB.LOCAL      Group   
95           ESMWCTRX1000000.MYLAB.LOCAL   Computer   

                                           objectId  isTierZero  \
id                                                                
10    S-1-5-21-1333368235-828418111-1849936505-4101       False   
1002           643CE9DD-6D50-4B82-8DA1-994C82A16D6C       False   
1003  S-1-5-21-1333368235-828418111-1849936505-3710       False   
1019  S-1-5-21-1333368235-828418111-1849936505-3276        True   
128    S-1-5-21-1333368235-828418111-1849936505-512        True   
19    S-1-5-21-1333368235-828418111-1849936505-4111       False   
3096  S-1-5-21-1333368235-828418111-1849936505-3864       False   
3283  S-1-5-21-1333368235-828418111-1849936505-4002       False   
477   S-1-5-21-1333368235-828418111-1849936505-1447        True   
869   S-1-5-21-1333368235-828418111-1849936505-3782       False   
870   S-1-5-21-1333368235-828418111-1849936505-3600       False   
871   S-1-5-21-1333368235-828418111-1849936505-3890       False   
872   S-1-5-21-1333368235-828418111-1849936505-3635       False   
877   S-1-5-21-1333368235-828418111-1849936505-4033       False   
95    S-1-5-21-1333368235-828418111-1849936505-4186       False   

      isOwnedObject                        lastSeen  
id                                                   
10            False  2025-03-16T21:35:30.314409114Z  
1002          False        2025-03-16T21:35:40.053Z  
1003          False  2025-03-16T21:35:36.886857315Z  
1019          False        2025-03-16T21:35:40.117Z  
128           False        2025-03-16T21:35:40.428Z  
19            False        2025-03-16T21:35:40.395Z  
3096          False        2025-03-16T21:35:40.097Z  
3283          False        2025-03-16T21:35:40.428Z  
477           False  2025-03-16T21:35:31.048103438Z  
869           False        2025-03-16T21:35:39.799Z  
870           False        2025-03-16T21:35:39.799Z  
871           False        2025-03-16T21:35:39.799Z  
872           False        2025-03-16T21:35:39.799Z  
877           False        2025-03-16T21:35:40.428Z  
95            False        2025-03-16T21:35:40.395Z  ","   source target       label        kind                        lastSeen
0    3096   3283    MemberOf    MemberOf   2025-03-16T21:35:36.88777499Z
1    3283   1003    MemberOf    MemberOf   2025-03-16T21:35:36.88777499Z
2    1003     95  GenericAll  GenericAll  2025-03-16T21:35:30.314791875Z
3      95    870  GenericAll  GenericAll   2025-03-16T21:35:36.88777499Z
4     870   1019  GenericAll  GenericAll  2025-03-16T21:35:35.889597893Z
5    1019    128    MemberOf    MemberOf   2025-03-16T21:35:36.88777499Z
6      95    877  GenericAll  GenericAll   2025-03-16T21:35:36.88777499Z
7     877   1019  GenericAll  GenericAll  2025-03-16T21:35:35.889597893Z
8      95    872  GenericAll  GenericAll   2025-03-16T21:35:36.88777499Z
9     872    477  GenericAll  GenericAll  2025-03-16T21:35:31.049135433Z
10    477    128    MemberOf    MemberOf   2025-03-16T21:35:36.88777499Z
11    872   1002  GenericAll  GenericAll  2025-03-16T21:35:38.232994191Z
12   1002    128    Contains    Contains   2025-03-16T21:35:36.88777499Z
13    870    477  GenericAll  GenericAll  2025-03-16T21:35:31.049135433Z
14    870   1002  GenericAll  GenericAll  2025-03-16T21:35:38.232994191Z
15     95    871  GenericAll  GenericAll   2025-03-16T21:35:36.88777499Z
16    871    477  GenericAll  GenericAll  2025-03-16T21:35:31.049135433Z
17   1003     10  GenericAll  GenericAll  2025-03-16T21:35:30.314791875Z
18     10    869    MemberOf    MemberOf   2025-03-16T21:35:36.88777499Z
19    869    477  GenericAll  GenericAll  2025-03-16T21:35:31.049135433Z
20    871   1002  GenericAll  GenericAll  2025-03-16T21:35:38.232994191Z
21     95    869  GenericAll  GenericAll   2025-03-16T21:35:36.88777499Z
22    872   1019  GenericAll  GenericAll  2025-03-16T21:35:35.889597893Z
23    869   1019  GenericAll  GenericAll  2025-03-16T21:35:35.889597893Z
24    871   1019  GenericAll  GenericAll  2025-03-16T21:35:35.889597893Z
25     95     19  GenericAll  GenericAll  2025-03-16T21:35:30.314791875Z
26     19   1019  GenericAll  GenericAll  2025-03-16T21:35:35.889597893Z
27     19    477  GenericAll  GenericAll  2025-03-16T21:35:31.049135433Z","['S-1-5-21-1333368235-828418111-1849936505-4101'
 '643CE9DD-6D50-4B82-8DA1-994C82A16D6C'
 'S-1-5-21-1333368235-828418111-1849936505-3710'
 'S-1-5-21-1333368235-828418111-1849936505-3276'
 'S-1-5-21-1333368235-828418111-1849936505-512'
 'S-1-5-21-1333368235-828418111-1849936505-4111'
 'S-1-5-21-1333368235-828418111-1849936505-3864'
 'S-1-5-21-1333368235-828418111-1849936505-4002'
 'S-1-5-21-1333368235-828418111-1849936505-1447'
 'S-1-5-21-1333368235-828418111-1849936505-3782'
 'S-1-5-21-1333368235-828418111-1849936505-3600'
 'S-1-5-21-1333368235-828418111-1849936505-3890'
 'S-1-5-21-1333368235-828418111-1849936505-3635'
 'S-1-5-21-1333368235-828418111-1849936505-4033'
 'S-1-5-21-1333368235-828418111-1849936505-4186']",317.0,,,,0.007558790593505,0.503448275862069,0.9333333333333332,0.0127118644067796,1.0,10.0,0.0139470013947001,261.8722577533954,234.8722577533954,0.2434420552990031,2.470999265590387,0.3379125218605437,0.1742256029195154,0,0,0.5171135388918267,False,2.414170761192714,False,-5.591544988151572,False,1.823618579928584,0.2008752735229759,False
285,0.0,21.0,218.0,0.0,25.0,13.0,False,User Group Created by Badblood github.com/davidprowe/badblood,"CN=ST-CAR-ADMINGROUP1,OU=TST,OU=PEOPLE,DC=MYLAB,DC=LOCAL",False,False,MYLAB.LOCAL,S-1-5-21-1333368235-828418111-1849936505,False,2025-03-16T21:35:40.097Z,SALES-GROUP@MYLAB.LOCAL,S-1-5-21-1333368235-828418111-1849936505-3865,ST-car-admingroup1,1742159225.0,0.0,0.0,0.0,False,0.0,0.0,0,0,[],268.0,,,,0.0058790593505039,0.5011494252873563,0.0,0.0096302003081664,1.0,4.0,0.00557880055788,265.1773106823308,244.1773106823308,0.2313716599835826,1.5222374855039065,0.2081680536130707,0.1472948314903159,0,0,0.3809605159420585,False,0.9827577815212823,False,-5.785627892611745,False,1.2195117356807734,0.5168490153172867,False
287,0.0,0.0,275.0,0.0,28.0,0.0,False,User Group Created by Badblood github.com/davidprowe/badblood,"CN=RO-BASHBOSH1-DISTLIST1,OU=GROUPS,OU=BDE,OU=TIER 2,DC=MYLAB,DC=LOCAL",False,False,MYLAB.LOCAL,S-1-5-21-1333368235-828418111-1849936505,False,2025-03-16T21:35:36.886857315Z,MARKETING-USERS-05@MYLAB.LOCAL,S-1-5-21-1333368235-828418111-1849936505-3867,RO-bashbosh1-distlist1,1742159225.0,0.0,0.0,0.0,False,0.0,0.0,0,0,[],303.0,,,,0.0,0.632183908045977,0.0,0.0107858243451463,1.0,0.0,0.0,199.3234721135171,199.3234721135171,0.2895554840923156,1.6429697323911232,0.224678353143978,0.166531096796887,0,0,0.329384684643721,False,0.9860949523744214,False,-5.831736309332463,False,1.5753864834743043,0.5356673960612691,False
288,0.0,0.0,315.0,0.0,24.0,0.0,False,User Group Created by Badblood github.com/davidprowe/badblood,"CN=MA-NAF-ADMINGROUP1,OU=SERVICEACCOUNTS,OU=AWS,OU=TIER 1,DC=MYLAB,DC=LOCAL",False,False,MYLAB.LOCAL,S-1-5-21-1333368235-828418111-1849936505,False,2025-03-16T21:35:36.886857315Z,LEGAL-STAFF-02@MYLAB.LOCAL,S-1-5-21-1333368235-828418111-1849936505-3868,MA-naf-admingroup1,1742159225.0,0.0,0.0,0.0,False,0.0,0.0,0,0,[],339.0,,,,0.0,0.7241379310344828,0.0,0.0092449922958397,1.0,0.0,0.0,286.8536589536045,286.8536589536045,0.1760124483609398,1.7333829233303226,0.2370424803961259,0.1863169696836459,0,0,0.3523503245471863,False,1.5545280504273946,False,-5.557364551666501,False,3.081451040506568,0.2275711159737418,False
289,0.0,0.0,217.0,0.0,37.0,0.0,False,User Group Created by Badblood github.com/davidprowe/badblood,"CN=EL-206-DISTLIST1,OU=FIN,OU=TIER 1,DC=MYLAB,DC=LOCAL",False,False,MYLAB.LOCAL,S-1-5-21-1333368235-828418111-1849936505,False,2025-03-16T21:35:36.886857315Z,SALES-TEAM-01@MYLAB.LOCAL,S-1-5-21-1333368235-828418111-1849936505-3869,EL-206-distlist1,1742159226.0,0.0,0.0,0.0,False,0.0,0.0,0,0,[],254.0,,,,0.0,0.4988505747126436,0.0,0.0142526964560862,1.0,0.0,0.0,247.1709840975948,247.1709840975948,0.2274883052253165,1.5131032711687298,0.2069189373368354,0.1396003253676874,0,0,0.3193194639182765,False,1.204298678443829,False,-5.912151692541485,False,0.9294594578878228,0.5645514223194749,False
290,0.0,0.0,218.0,0.0,23.0,0.0,False,User Group Created by Badblood github.com/davidprowe/badblood,"CN=MA-474-ADMINGROUP1,OU=DEVICES,OU=BDE,OU=TIER 1,DC=MYLAB,DC=LOCAL",False,False,MYLAB.LOCAL,S-1-5-21-1333368235-828418111-1849936505,False,2025-03-16T21:35:36.886857315Z,LOGISTICS-GROUP-02@MYLAB.LOCAL,S-1-5-21-1333368235-828418111-1849936505-3870,MA-474-admingroup1,1742159226.0,0.0,0.0,0.0,False,0.0,0.0,0,0,[],241.0,,,,0.0,0.5011494252873563,0.0,0.008859784283513,1.0,0.0,0.0,270.67741197183227,270.67741197183227,0.1969960684736955,1.5100092095708693,0.2064958201907139,0.1324554268252467,0,0,0.3155758814501925,False,1.006206332820652,False,-5.630668324634384,False,1.608520552741954,0.5409190371991247,False
291,0.0,0.0,386.0,0.0,21.0,0.0,False,User Group Created by Badblood github.com/davidprowe/badblood,"CN=LO-MAN-DISTLIST1,OU=TEST,OU=TST,OU=TIER 1,DC=MYLAB,DC=LOCAL",False,False,MYLAB.LOCAL,S-1-5-21-1333368235-828418111-1849936505,False,2025-03-16T21:35:36.886857315Z,SALES-STAFF-01@MYLAB.LOCAL,S-1-5-21-1333368235-828418111-1849936505-3871,LO-man-distlist1,1742159226.0,0.0,0.0,0.0,False,0.0,0.0,0,0,[],407.0,,,,0.0,0.8873563218390804,0.0,0.0080893682588597,1.0,0.0,0.0,255.35467607955192,255.35467607955192,0.2168725249480558,1.89544569009794,0.2592047849264182,0.2236902851364126,0,0,0.40222960039526,False,1.013482746733873,False,-5.175148120654195,True,5.448548229389589,0.2310722100656455,False
292,0.0,0.0,219.0,0.0,24.0,0.0,False,User Group Created by Badblood github.com/davidprowe/badblood,"CN=RO-GUN-DISTLIST1,OU=TIER 2,OU=ADMIN,DC=MYLAB,DC=LOCAL",False,False,MYLAB.LOCAL,S-1-5-21-1333368235-828418111-1849936505,False,2025-03-16T21:35:36.886857315Z,ANALYTICS-GROUP-02@MYLAB.LOCAL,S-1-5-21-1333368235-828418111-1849936505-3872,RO-gun-distlist1,1742159226.0,0.0,0.0,0.0,False,0.0,0.0,0,0,[],243.0,,,,0.0,0.503448275862069,0.0,0.0092449922958397,1.0,0.0,0.0,289.87053374677004,289.87053374677004,0.1720989970728341,1.5126932681579088,0.2068628688655549,0.1335546419856222,0,0,0.3341116512854079,False,1.1409200732025104,False,-6.002062090675653,False,0.9625664032518984,0.5308533916849015,False
293,0.0,0.0,219.0,0.0,29.0,0.0,False,User Group Created by Badblood github.com/davidprowe/badblood,"CN=QU-03DOLORES-ADMINGROUP1,OU=UNASSOCIATED,OU=PEOPLE,DC=MYLAB,DC=LOCAL",False,False,MYLAB.LOCAL,S-1-5-21-1333368235-828418111-1849936505,False,2025-03-16T21:35:36.886857315Z,LOGISTICS-ANNOUNCE-01@MYLAB.LOCAL,S-1-5-21-1333368235-828418111-1849936505-3873,QU-03Dolores-admingroup1,1742159227.0,0.0,0.0,0.0,False,0.0,0.0,0,0,[],248.0,,,,0.0,0.503448275862069,0.0,0.011171032357473,1.0,0.0,0.0,216.50472698511567,216.50472698511567,0.267268180634826,1.514619308219542,0.2071262574725423,0.136302679886561,0,0,0.3145502495699175,False,0.9923259802416506,False,-5.781332795554484,False,1.2108790415176849,0.6332603938730854,False
294,0.0,0.0,386.0,0.0,60.0,0.0,False,User Group Created by Badblood github.com/davidprowe/badblood,"CN=AU-FRIENDSFO-DISTLIST1,OU=SERVICEACCOUNTS,OU=TST,OU=TIER 1,DC=MYLAB,DC=LOCAL",False,False,MYLAB.LOCAL,S-1-5-21-1333368235-828418111-1849936505,False,2025-03-16T21:35:36.886857315Z,PROCUREMENT-DEPARTMENT-01@MYLAB.LOCAL,S-1-5-21-1333368235-828418111-1849936505-3874,AU-friendsfo-distlist1,1742159227.0,0.0,0.0,0.0,False,0.0,0.0,0,0,[],446.0,,,,0.0,0.8873563218390804,0.0,0.0231124807395993,1.0,0.0,0.0,229.32507053536963,229.32507053536963,0.2506377954115613,1.91046880257868,0.2612592160609206,0.2451249807637346,0,0,0.5101762627088299,False,3.800501464899898,False,-4.899968722654288,True,8.867720772213815,0.0376367614879649,False
297,0.0,0.0,217.0,0.0,32.0,0.0,False,User Group Created by Badblood github.com/davidprowe/badblood,"CN=BE-197-DISTLIST1,OU=SERVICEACCOUNTS,OU=AWS,OU=STAGE,DC=MYLAB,DC=LOCAL",False,False,MYLAB.LOCAL,S-1-5-21-1333368235-828418111-1849936505,False,2025-03-16T21:35:36.886857315Z,HR-ALL-01@MYLAB.LOCAL,S-1-5-21-1333368235-828418111-1849936505-3877,BE-197-distlist1,1742159227.0,0.0,0.0,0.0,False,0.0,0.0,0,0,[],249.0,,,,0.0,0.4988505747126436,0.0,0.012326656394453,1.0,0.0,0.0,387.9366177446378,387.9366177446378,0.0448889306788425,1.5111772311070966,0.2066555487298479,0.1368522874667487,0,0,0.3165653458358804,False,1.066313233355208,False,-5.653898481892028,False,1.5959108947014504,0.4962800875273522,False
298,0.0,510.0,218.0,0.0,13.0,0.0,False,User Group Created by Badblood github.com/davidprowe/badblood,"CN=IS-BE3-DISTLIST1,OU=GROUPS,OU=TST,OU=STAGE,DC=MYLAB,DC=LOCAL",False,False,MYLAB.LOCAL,S-1-5-21-1333368235-828418111-1849936505,False,2025-03-16T21:35:36.886857315Z,CITRIX-ADMINS@MYLAB.LOCAL,S-1-5-21-1333368235-828418111-1849936505-3878,IS-be3-distlist1,1742159228.0,0.0,0.0,0.0,False,7.0,13.0,0,0,[],433.0,,,,0.0,0.9448275862068966,0.0,0.0084745762711864,1.0,65.0,0.0,477.1707241775122,-32.82927582248777,0.5907010511889773,1.9533021624780829,0.2671167364839019,0.237980082221294,0,0,0.4054988514244115,False,0.9976702653225024,False,-5.320251557032573,False,5.970042579412732,0.2643326039387309,False
300,0.0,0.0,219.0,0.0,34.0,2.0,False,User Group Created by Badblood github.com/davidprowe/badblood,"CN=SE-524721108-ADMINGROUP1,OU=FSR,OU=TIER 1,DC=MYLAB,DC=LOCAL",False,False,MYLAB.LOCAL,S-1-5-21-1333368235-828418111-1849936505,False,2025-03-16T21:35:40.097Z,COMMUNICATIONS-TEAM-01@MYLAB.LOCAL,S-1-5-21-1333368235-828418111-1849936505-3880,SE-524721108-admingroup1,1742159228.0,0.0,0.0,0.0,False,0.0,0.0,0,0,[],253.0,,,,0.0,0.503448275862069,0.0,0.0130970724191063,1.0,0.0,0.0,245.65507177144988,245.65507177144988,0.229454727252126,1.5165453482811753,0.2073896460795298,0.1390507177874997,0,0,0.3177959505202111,False,1.0263721187108192,False,-5.846697772966504,False,1.0476047201570131,0.6017505470459519,False
303,0.0,0.0,218.0,0.0,22.0,2.0,False,User Group Created by Badblood github.com/davidprowe/badblood,"CN=IL-228-DISTLIST1,OU=DEVICES,OU=ESM,OU=TIER 1,DC=MYLAB,DC=LOCAL",False,False,MYLAB.LOCAL,S-1-5-21-1333368235-828418111-1849936505,False,2025-03-16T21:35:40.097Z,QUALITY-TEAM-01@MYLAB.LOCAL,S-1-5-21-1333368235-828418111-1849936505-3883,IL-228-distlist1,1742159229.0,0.0,0.0,0.0,False,0.0,0.0,0,0,[],240.0,,,,0.0,0.5011494252873563,0.0,0.0084745762711864,1.0,0.0,0.0,375.0434829811816,375.0434829811816,0.0616137397302737,1.5096240015585427,0.2064431424693164,0.131905819245059,0,0,0.316480353849845,False,0.9947242241490064,False,-5.606809694304311,False,1.66794649661634,0.5251641137855579,False
304,0.0,21.0,219.0,0.0,31.0,5.0,False,User Group Created by Badblood github.com/davidprowe/badblood,"CN=KA-ELSEXOESR-ADMINGROUP1,OU=TIER 2,OU=ADMIN,DC=MYLAB,DC=LOCAL",False,False,MYLAB.LOCAL,S-1-5-21-1333368235-828418111-1849936505,False,2025-03-16T21:35:36.886857315Z,MARKETING-USERS@MYLAB.LOCAL,S-1-5-21-1333368235-828418111-1849936505-3884,KA-elsexoesr-admingroup1,1742159229.0,0.0,0.0,0.0,False,15.0,28.0,"                                     label       kind  \
id                                                      
0               ADMINISTRATORS@MYLAB.LOCAL      Group   
1002                     USERS@MYLAB.LOCAL  Container   
1019               LOUIS_TYLER@MYLAB.LOCAL       User   
1023              ANDREA_TYLER@MYLAB.LOCAL       User   
128              DOMAIN ADMINS@MYLAB.LOCAL      Group   
3075    LU-CONYMARIN-DISTLIST1@MYLAB.LOCAL      Group   
3116  KA-ELSEXOESR-ADMINGROUP1@MYLAB.LOCAL      Group   
3272    JO-PIPOMORRI-DISTLIST1@MYLAB.LOCAL      Group   
477              JENNA_HARDING@MYLAB.LOCAL       User   
869           DA-EST-DISTLIST1@MYLAB.LOCAL      Group   
870           DE-DAS-DISTLIST1@MYLAB.LOCAL      Group   
871     MA-VACACIONE-DISTLIST1@MYLAB.LOCAL      Group   
872           RO-ARJ-DISTLIST1@MYLAB.LOCAL      Group   
877           TA-24D-DISTLIST1@MYLAB.LOCAL      Group   
889           PA-COM-DISTLIST1@MYLAB.LOCAL      Group   

                                           objectId  isTierZero  \
id                                                                
0                          MYLAB.LOCAL-S-1-5-32-544        True   
1002           643CE9DD-6D50-4B82-8DA1-994C82A16D6C       False   
1019  S-1-5-21-1333368235-828418111-1849936505-3276        True   
1023  S-1-5-21-1333368235-828418111-1849936505-2378        True   
128    S-1-5-21-1333368235-828418111-1849936505-512        True   
3075  S-1-5-21-1333368235-828418111-1849936505-3841       False   
3116  S-1-5-21-1333368235-828418111-1849936505-3884       False   
3272  S-1-5-21-1333368235-828418111-1849936505-4027       False   
477   S-1-5-21-1333368235-828418111-1849936505-1447        True   
869   S-1-5-21-1333368235-828418111-1849936505-3782       False   
870   S-1-5-21-1333368235-828418111-1849936505-3600       False   
871   S-1-5-21-1333368235-828418111-1849936505-3890       False   
872   S-1-5-21-1333368235-828418111-1849936505-3635       False   
877   S-1-5-21-1333368235-828418111-1849936505-4033       False   
889   S-1-5-21-1333368235-828418111-1849936505-3962       False   

      isOwnedObject                        lastSeen  
id                                                   
0             False        2025-03-16T21:35:40.441Z  
1002          False        2025-03-16T21:35:40.053Z  
1019          False        2025-03-16T21:35:40.117Z  
1023          False        2025-03-16T21:35:40.117Z  
128           False        2025-03-16T21:35:40.428Z  
3075          False        2025-03-16T21:35:40.097Z  
3116          False  2025-03-16T21:35:36.886857315Z  
3272          False        2025-03-16T21:35:40.428Z  
477           False  2025-03-16T21:35:31.048103438Z  
869           False        2025-03-16T21:35:39.799Z  
870           False        2025-03-16T21:35:39.799Z  
871           False        2025-03-16T21:35:39.799Z  
872           False        2025-03-16T21:35:39.799Z  
877           False        2025-03-16T21:35:40.428Z  
889           False        2025-03-16T21:35:39.799Z  ","   source target         label          kind                        lastSeen
0    3116   3075      MemberOf      MemberOf   2025-03-16T21:35:36.88777499Z
1    3075   3272      MemberOf      MemberOf   2025-03-16T21:35:36.88777499Z
2    3272    889    GenericAll    GenericAll   2025-03-16T21:35:36.88777499Z
3     889    871    GenericAll    GenericAll   2025-03-16T21:35:36.88777499Z
4     871    477    GenericAll    GenericAll  2025-03-16T21:35:31.049135433Z
5     477    128      MemberOf      MemberOf   2025-03-16T21:35:36.88777499Z
6     889    872    GenericAll    GenericAll   2025-03-16T21:35:36.88777499Z
7     872   1002    GenericAll    GenericAll  2025-03-16T21:35:38.232994191Z
8    1002    128      Contains      Contains   2025-03-16T21:35:36.88777499Z
9     872   1019    GenericAll    GenericAll  2025-03-16T21:35:35.889597893Z
10   1019    128      MemberOf      MemberOf   2025-03-16T21:35:36.88777499Z
11    871   1002    GenericAll    GenericAll  2025-03-16T21:35:38.232994191Z
12    871   1019    GenericAll    GenericAll  2025-03-16T21:35:35.889597893Z
13    889   1023    GenericAll    GenericAll  2025-03-16T21:35:34.829357333Z
14   1023      0      MemberOf      MemberOf  2025-03-16T21:35:38.201365484Z
15      0    128    WriteOwner    WriteOwner   2025-03-16T21:35:36.88777499Z
16    889    869    GenericAll    GenericAll   2025-03-16T21:35:36.88777499Z
17    869   1019    GenericAll    GenericAll  2025-03-16T21:35:35.889597893Z
18    869    477    GenericAll    GenericAll  2025-03-16T21:35:31.049135433Z
19    872    477    GenericAll    GenericAll  2025-03-16T21:35:31.049135433Z
20    889    877    GenericAll    GenericAll   2025-03-16T21:35:36.88777499Z
21    877   1019    GenericAll    GenericAll  2025-03-16T21:35:35.889597893Z
22    889    870    GenericAll    GenericAll   2025-03-16T21:35:36.88777499Z
23    870   1002    GenericAll    GenericAll  2025-03-16T21:35:38.232994191Z
24    870    477    GenericAll    GenericAll  2025-03-16T21:35:31.049135433Z
25    870   1019    GenericAll    GenericAll  2025-03-16T21:35:35.889597893Z
26      0    128     WriteDacl     WriteDacl   2025-03-16T21:35:36.88777499Z
27      0    128  GenericWrite  GenericWrite   2025-03-16T21:35:36.88777499Z","['MYLAB.LOCAL-S-1-5-32-544' '643CE9DD-6D50-4B82-8DA1-994C82A16D6C'
 'S-1-5-21-1333368235-828418111-1849936505-3276'
 'S-1-5-21-1333368235-828418111-1849936505-2378'
 'S-1-5-21-1333368235-828418111-1849936505-512'
 'S-1-5-21-1333368235-828418111-1849936505-3841'
 'S-1-5-21-1333368235-828418111-1849936505-3884'
 'S-1-5-21-1333368235-828418111-1849936505-4027'
 'S-1-5-21-1333368235-828418111-1849936505-1447'
 'S-1-5-21-1333368235-828418111-1849936505-3782'
 'S-1-5-21-1333368235-828418111-1849936505-3600'
 'S-1-5-21-1333368235-828418111-1849936505-3890'
 'S-1-5-21-1333368235-828418111-1849936505-3635'
 'S-1-5-21-1333368235-828418111-1849936505-4033'
 'S-1-5-21-1333368235-828418111-1849936505-3962']",310.0,,,,0.0058790593505039,0.503448275862069,0.9333333333333332,0.0119414483821263,1.0,11.0,0.0153417015341701,422.153529886536,401.153529886536,0.0277441217647741,2.4699438184622027,0.3377681880253453,0.1703783498582012,0,0,0.5205077483954577,False,2.44301110698002,False,-5.552846075348075,False,1.9072941463982584,0.1864332603938731,False
305,0.0,0.0,221.0,0.0,21.0,0.0,False,User Group Created by Badblood github.com/davidprowe/badblood,"CN=AN-LOV-DISTLIST1,OU=SERVICEACCOUNTS,OU=GOO,OU=TIER 1,DC=MYLAB,DC=LOCAL",False,False,MYLAB.LOCAL,S-1-5-21-1333368235-828418111-1849936505,False,2025-03-16T21:35:36.886857315Z,QUALITY-ALL-01@MYLAB.LOCAL,S-1-5-21-1333368235-828418111-1849936505-3885,AN-lov-distlist1,1742159229.0,0.0,0.0,0.0,False,0.0,0.0,0,0,[],242.0,,,,0.0,0.5080459770114942,0.0,0.0080893682588597,1.0,0.0,0.0,242.35691441314688,242.35691441314688,0.2337330546760769,1.516135345270354,0.2073335776082493,0.1330050344054345,0,0,0.4044860806289223,False,0.9793911621525062,False,-5.308611797363543,False,7.3763530508075155,0.2809628008752735,False
306,0.0,2.0,218.0,0.0,25.0,2.0,False,User Group Created by Badblood github.com/davidprowe/badblood,"CN=KR-PRA-ADMINGROUP1,OU=TEST,OU=BDE,OU=TIER 1,DC=MYLAB,DC=LOCAL",False,False,MYLAB.LOCAL,S-1-5-21-1333368235-828418111-1849936505,False,2025-03-16T21:35:36.886857315Z,SALES-DEPARTMENT-01@MYLAB.LOCAL,S-1-5-21-1333368235-828418111-1849936505-3886,KR-pra-admingroup1,1742159230.0,0.0,0.0,0.0,False,0.0,0.0,0,0,[],245.0,,,,0.0005599104143337,0.5011494252873563,0.0,0.0096302003081664,1.0,0.0,0.0,277.78658647513106,275.78658647513106,0.190368512836853,1.5113395360098565,0.2066777441468056,0.1346538571459977,0,0,0.3534472277783954,False,1.235040512706758,False,-6.042182080496623,False,1.011481265466797,0.4945295404814004,False
312,0.0,0.0,386.0,0.0,22.0,0.0,False,User Group Created by Badblood github.com/davidprowe/badblood,"CN=NA-28.08.197-DISTLIST1,OU=TST,OU=TIER 1,DC=MYLAB,DC=LOCAL",False,False,MYLAB.LOCAL,S-1-5-21-1333368235-828418111-1849936505,False,2025-03-16T21:35:36.886857315Z,SALES-EMPLOYEES@MYLAB.LOCAL,S-1-5-21-1333368235-828418111-1849936505-3892,NA-28.08.197-distlist1,1742159231.0,0.0,0.0,0.0,False,0.0,0.0,0,0,[],408.0,,,,0.0,0.8873563218390804,0.0,0.0084745762711864,1.0,0.0,0.0,309.0919365406432,309.0919365406432,0.1471652398969338,1.8958308981102667,0.2592574626478157,0.2242398927166003,0,0,0.3806027094744392,False,0.9859864870170778,False,-5.576863860339705,False,5.092920362523413,0.3422319474835886,False
313,0.0,0.0,247.0,0.0,116.0,0.0,False,User Group Created by Badblood github.com/davidprowe/badblood,"CN=LA-BER-DISTLIST1,OU=SEC,OU=STAGE,DC=MYLAB,DC=LOCAL",False,False,MYLAB.LOCAL,S-1-5-21-1333368235-828418111-1849936505,False,2025-03-16T21:35:36.886857315Z,COMPLIANCE-TEAM@MYLAB.LOCAL,S-1-5-21-1333368235-828418111-1849936505-3893,LA-ber-distlist1,1742159231.0,0.0,0.0,0.0,False,0.0,0.0,0,0,[],363.0,,,,0.0,0.5678160919540229,0.0,0.0446841294298921,1.0,0.0,0.0,370.2707095037748,370.2707095037748,0.067804920270914,1.612500221383915,0.2205116059305411,0.1995075516081517,0,0,0.3439284296222178,False,1.0748036149570588,False,-5.886462227178811,False,2.438887257914987,0.4017505470459518,False
315,0.0,0.0,222.0,0.0,373.0,3.0,False,User Group Created by Badblood github.com/davidprowe/badblood,"CN=KI-SUICIDEDE-DISTLIST1,OU=TEST,OU=GOO,OU=TIER 1,DC=MYLAB,DC=LOCAL",False,False,MYLAB.LOCAL,S-1-5-21-1333368235-828418111-1849936505,False,2025-03-16T21:35:36.886857315Z,PRODUCT-GROUP-01@MYLAB.LOCAL,S-1-5-21-1333368235-828418111-1849936505-3895,KI-SUICIDEDE-distlist1,1742159232.0,0.0,0.0,0.0,False,0.0,0.0,0,0,[],595.0,,,,0.0,0.5103448275862069,0.0,0.1436825885978428,1.0,0.0,0.0,250.50337878842828,250.50337878842828,0.2231655655727252,1.6540274161840496,0.2261905064936114,0.3270165102117088,0,0,0.4100509049255327,False,2.5882521832430143,False,-5.175521619922202,False,9.228497802495909,0.0774617067833698,False
316,0.0,0.0,241.0,0.0,39.0,0.0,False,User Group Created by Badblood github.com/davidprowe/badblood,"CN=JU-LUDIVINA0-ADMINGROUP1,OU=STAGING,OU=ADMIN,DC=MYLAB,DC=LOCAL",False,False,MYLAB.LOCAL,S-1-5-21-1333368235-828418111-1849936505,False,2025-03-16T21:35:36.886857315Z,CUSTOMER-SERVICE-USERS@MYLAB.LOCAL,S-1-5-21-1333368235-828418111-1849936505-3896,JU-ludivina0-admingroup1,1742159232.0,0.0,0.0,0.0,False,0.0,0.0,0,0,[],280.0,,,,0.0,0.5540229885057472,0.0,0.0150231124807395,1.0,0.0,0.0,283.2101272262258,283.2101272262258,0.1807387909867813,1.569046100986487,0.2145691956622732,0.1538901224525688,0,0,0.3215788813199953,False,1.1344261215222968,False,-5.735935029972453,False,1.2718790910582545,0.4822757111597374,False
318,0.0,0.0,218.0,0.0,27.0,0.0,False,User Group Created by Badblood github.com/davidprowe/badblood,"CN=CA-311-DISTLIST1,OU=GROUPS,OU=AWS,OU=TIER 1,DC=MYLAB,DC=LOCAL",False,False,MYLAB.LOCAL,S-1-5-21-1333368235-828418111-1849936505,False,2025-03-16T21:35:36.886857315Z,RESEARCH-EMPLOYEES-02@MYLAB.LOCAL,S-1-5-21-1333368235-828418111-1849936505-3898,CA-311-distlist1,1742159232.0,0.0,0.0,0.0,False,0.0,0.0,0,0,[],245.0,,,,0.0,0.5011494252873563,0.0,0.0104006163328197,1.0,0.0,0.0,328.3117480523157,328.3117480523157,0.122233546911895,1.511550041620176,0.2067065310763039,0.1346538571459977,0,0,0.3214999518111847,False,1.053776820190227,False,-5.930119274106492,False,0.9294760090317572,0.5991247264770241,False
319,0.0,0.0,219.0,0.0,77.0,8.0,False,User Group Created by Badblood github.com/davidprowe/badblood,"CN=NO-101-ADMINGROUP1,OU=SEC,OU=TIER 2,DC=MYLAB,DC=LOCAL",False,False,MYLAB.LOCAL,S-1-5-21-1333368235-828418111-1849936505,False,2025-03-16T21:35:36.886857315Z,LOGISTICS-MEMBERS@MYLAB.LOCAL,S-1-5-21-1333368235-828418111-1849936505-3899,NO-101-admingroup1,1742159233.0,0.0,0.0,0.0,False,0.0,0.0,0,0,[],296.0,,,,0.0,0.503448275862069,0.0,0.0296610169491525,1.0,0.0,0.0,313.20291081173144,313.20291081173144,0.1418325367986792,1.5331092928112215,0.2096547880996222,0.1626838437355728,0,0,0.3203692887721485,False,1.0579644894386326,False,-6.060427406905918,False,1.1400732022162523,0.6061269146608316,False
320,0.0,0.0,412.0,0.0,21.0,0.0,False,User Group Created by Badblood github.com/davidprowe/badblood,"CN=LE-2.7-DISTLIST1,OU=.SECFRAME.COM,DC=MYLAB,DC=LOCAL",False,False,MYLAB.LOCAL,S-1-5-21-1333368235-828418111-1849936505,False,2025-03-16T21:35:36.886857315Z,STRATEGY-EMPLOYEES@MYLAB.LOCAL,S-1-5-21-1333368235-828418111-1849936505-3900,LE-2.7-distlist1,1742159233.0,0.0,0.0,0.0,False,0.0,0.0,0,0,[],433.0,,,,0.0,0.9471264367816092,0.0,0.0080893682588597,1.0,0.0,0.0,277.437849628687,277.437849628687,0.1882265154526977,1.9552158050404689,0.2673784297159479,0.237980082221294,0,0,0.414913294725894,False,1.017051786147039,False,-5.159936038256895,True,6.128074952166024,0.2157549234135667,False
321,0.0,0.0,217.0,0.0,28.0,0.0,False,User Group Created by Badblood github.com/davidprowe/badblood,"CN=CH-TBU-DISTLIST1,OU=TEST,OU=AZR,OU=TIER 1,DC=MYLAB,DC=LOCAL",False,False,MYLAB.LOCAL,S-1-5-21-1333368235-828418111-1849936505,False,2025-03-16T21:35:36.886857315Z,OPERATIONS-GROUP-03@MYLAB.LOCAL,S-1-5-21-1333368235-828418111-1849936505-3901,CH-tbu-distlist1,1742159233.0,0.0,0.0,0.0,False,0.0,0.0,0,0,[],245.0,,,,0.0,0.4988505747126436,0.0,0.0107858243451463,1.0,0.0,0.0,288.12575405243297,288.12575405243297,0.1743623029142739,1.50963639905779,0.206444837844258,0.1346538571459977,0,0,0.3151739037172005,False,0.98406238140307,False,-5.78355146055695,False,1.239122155512674,0.6431072210065645,False
323,0.0,0.0,275.0,0.0,103.0,0.0,False,User Group Created by Badblood github.com/davidprowe/badblood,"CN=OT-OSCARMARI-DISTLIST1,OU=BDE,OU=TIER 2,DC=MYLAB,DC=LOCAL",False,False,MYLAB.LOCAL,S-1-5-21-1333368235-828418111-1849936505,False,2025-03-16T21:35:36.886857315Z,COMPLIANCE-DEPARTMENT-01@MYLAB.LOCAL,S-1-5-21-1333368235-828418111-1849936505-3903,OT-oscarmari-distlist1,1742159233.0,0.0,0.0,0.0,False,0.0,0.0,0,0,[],378.0,,,,0.0,0.632183908045977,0.0,0.0396764252696456,1.0,0.0,0.0,233.38924644982552,233.38924644982552,0.2453657985413074,1.6718603333156226,0.2286291822487901,0.2077516653109679,0,0,0.331702184461116,False,1.3540432875157555,False,-6.024017821377711,False,2.288898827203092,0.4056892778993435,False
324,0.0,0.0,219.0,0.0,243.0,0.0,False,User Group Created by Badblood github.com/davidprowe/badblood,"CN=MA-ASDFASDFA-DISTLIST1,OU=DEVICES,OU=SEC,OU=TIER 1,DC=MYLAB,DC=LOCAL",False,False,MYLAB.LOCAL,S-1-5-21-1333368235-828418111-1849936505,False,2025-03-16T21:35:36.886857315Z,MARKETING-EMPLOYEES-01@MYLAB.LOCAL,S-1-5-21-1333368235-828418111-1849936505-3904,MA-asdfasdfa-distlist1,1742159234.0,0.0,0.0,0.0,False,0.0,0.0,0,0,[],462.0,,,,0.0,0.503448275862069,0.0,0.0936055469953775,1.0,0.0,0.0,283.5234478610913,283.5234478610913,0.1803323554777961,1.5970538228574465,0.2183992898516065,0.2539187020467386,0,0,0.3501810468976035,False,1.5414103522311131,False,-5.713921773015665,False,5.621705742944748,0.2485776805251641,False
325,0.0,0.0,218.0,0.0,235.0,0.0,False,User Group Created by Badblood github.com/davidprowe/badblood,"CN=VO-BOR-DISTLIST1,OU=SERVICEACCOUNTS,OU=ITS,OU=TIER 1,DC=MYLAB,DC=LOCAL",False,False,MYLAB.LOCAL,S-1-5-21-1333368235-828418111-1849936505,False,2025-03-16T21:35:36.886857315Z,PROCUREMENT-USERS@MYLAB.LOCAL,S-1-5-21-1333368235-828418111-1849936505-3905,VO-bor-distlist1,1742159234.0,0.0,0.0,0.0,False,0.0,0.0,0,0,[],453.0,,,,0.0,0.5011494252873563,0.0,0.0905238828967642,1.0,0.0,0.0,282.279103556926,282.279103556926,0.1819465029495489,1.5916733081841206,0.2176634971269831,0.2489722338250489,0,0,0.344102963285598,False,1.4757076714541904,False,-5.75020362747107,False,5.399415152600612,0.2660831509846827,False
331,0.0,0.0,376.0,0.0,52.0,0.0,False,User Group Created by Badblood github.com/davidprowe/badblood,"CN=SU-AWA-DISTLIST1,OU=FSR,OU=PEOPLE,DC=MYLAB,DC=LOCAL",False,False,MYLAB.LOCAL,S-1-5-21-1333368235-828418111-1849936505,False,2025-03-16T21:35:36.886857315Z,FACILITIES-ALL@MYLAB.LOCAL,S-1-5-21-1333368235-828418111-1849936505-3911,SU-awa-distlist1,1742159235.0,0.0,0.0,0.0,False,0.0,0.0,0,0,[],428.0,,,,0.0,0.864367816091954,0.0,0.0200308166409861,1.0,0.0,0.0,304.26757098321866,304.26757098321866,0.1534233450220677,1.88439863273294,0.2576940847553061,0.2352320443203552,0,0,0.5042886448566213,False,3.557837350771237,False,-4.930232896079221,True,8.67963569348228,0.0420131291028446,False
332,0.0,0.0,244.0,0.0,30.0,0.0,False,User Group Created by Badblood github.com/davidprowe/badblood,"CN=HA-14J-DISTLIST1,OU=T2-DEVICES,OU=TIER 2,OU=ADMIN,DC=MYLAB,DC=LOCAL",False,False,MYLAB.LOCAL,S-1-5-21-1333368235-828418111-1849936505,False,2025-03-16T21:35:36.886857315Z,SALES-ANNOUNCE@MYLAB.LOCAL,S-1-5-21-1333368235-828418111-1849936505-3912,HA-14J-distlist1,1742159236.0,0.0,0.0,0.0,False,0.0,0.0,0,0,[],274.0,,,,0.0,0.5609195402298851,0.0,0.0115562403697996,1.0,0.0,0.0,269.5356520012584,269.5356520012584,0.1984771448636313,1.5724757805996847,0.2150382090300261,0.1505924769714424,0,0,0.3263926676007239,False,1.5087283663546731,False,-5.575814007541332,False,1.6814858058400133,0.336542669584245,False
336,0.0,0.0,244.0,0.0,396.0,0.0,False,User Group Created by Badblood github.com/davidprowe/badblood,"CN=AR-MRV-DISTLIST1,OU=SERVICEACCOUNTS,OU=FSR,OU=TIER 2,DC=MYLAB,DC=LOCAL",False,False,MYLAB.LOCAL,S-1-5-21-1333368235-828418111-1849936505,False,2025-03-16T21:35:36.886857315Z,SALES-ANNOUNCE-01@MYLAB.LOCAL,S-1-5-21-1333368235-828418111-1849936505-3916,AR-mrv-distlist1,1742159237.0,0.0,0.0,0.0,False,0.0,0.0,0,0,[],640.0,,,,0.0,0.5609195402298851,0.0,0.1525423728813559,1.0,0.0,0.0,314.82472970317224,314.82472970317224,0.1397287341336958,1.713461913111241,0.2343182550615096,0.3517488513201574,0,0,0.4190651158244761,False,2.469301368112576,False,-5.022447685109894,True,9.874604890206408,0.0704595185995623,False
337,0.0,0.0,217.0,0.0,76.0,0.0,False,User Group Created by Badblood github.com/davidprowe/badblood,"CN=LE-PELIRROJA-DISTLIST1,OU=TEST,OU=ITS,OU=TIER 1,DC=MYLAB,DC=LOCAL",False,False,MYLAB.LOCAL,S-1-5-21-1333368235-828418111-1849936505,False,2025-03-16T21:35:36.886857315Z,DESIGN-TEAM@MYLAB.LOCAL,S-1-5-21-1333368235-828418111-1849936505-3917,LE-pelirroja-distlist1,1742159237.0,0.0,0.0,0.0,False,0.0,0.0,0,0,[],293.0,,,,0.0,0.4988505747126436,0.0,0.0292758089368258,1.0,0.0,0.0,338.6929138181151,338.6929138181151,0.1087672318264157,1.5281263836494694,0.2089733684713378,0.1610350209950095,0,0,0.3241938332362275,False,1.0782588021060535,False,-6.09315789403249,False,1.0856682767356605,0.5938730853391685,False
338,0.0,0.0,217.0,0.0,23.0,0.0,False,User Group Created by Badblood github.com/davidprowe/badblood,"CN=KE-DJAGARCIA-DISTLIST1,OU=GROUPER-GROUPS,DC=MYLAB,DC=LOCAL",False,False,MYLAB.LOCAL,S-1-5-21-1333368235-828418111-1849936505,False,2025-03-16T21:35:36.886857315Z,STRATEGY-USERS-01@MYLAB.LOCAL,S-1-5-21-1333368235-828418111-1849936505-3918,KE-djagarcia-distlist1,1742159237.0,0.0,0.0,0.0,False,0.0,0.0,0,0,[],240.0,,,,0.0,0.4988505747126436,0.0,0.008859784283513,1.0,0.0,0.0,300.88299096131846,300.88299096131846,0.1578137788168042,1.507710358996157,0.2061814492372705,0.131905819245059,0,0,0.3182284924604122,False,0.9632512266546222,False,-5.594753076027713,False,1.7150365924710411,0.5382932166301969,False
339,0.0,34.0,247.0,0.0,20.0,7.0,False,User Group Created by Badblood github.com/davidprowe/badblood,"CN=KI-HED-ADMINGROUP1,OU=TEST,OU=SEC,OU=STAGE,DC=MYLAB,DC=LOCAL",False,False,MYLAB.LOCAL,S-1-5-21-1333368235-828418111-1849936505,False,2025-03-16T21:35:40.097Z,PROCUREMENT-USERS-01@MYLAB.LOCAL,S-1-5-21-1333368235-828418111-1849936505-3919,KI-hed-admingroup1,1742159238.0,0.0,0.0,0.0,False,9.0,10.0,"                               label       kind  \
id                                                
1002               USERS@MYLAB.LOCAL  Container   
1019         LOUIS_TYLER@MYLAB.LOCAL       User   
1207        VERA_BUCKLEY@MYLAB.LOCAL       User   
128        DOMAIN ADMINS@MYLAB.LOCAL      Group   
2865    JO-ACU-DISTLIST1@MYLAB.LOCAL      Group   
3146  KI-HED-ADMINGROUP1@MYLAB.LOCAL      Group   
477        JENNA_HARDING@MYLAB.LOCAL       User   
872     RO-ARJ-DISTLIST1@MYLAB.LOCAL      Group   
895     WA-ESA-DISTLIST1@MYLAB.LOCAL      Group   

                                           objectId  isTierZero  \
id                                                                
1002           643CE9DD-6D50-4B82-8DA1-994C82A16D6C       False   
1019  S-1-5-21-1333368235-828418111-1849936505-3276        True   
1207  S-1-5-21-1333368235-828418111-1849936505-1840       False   
128    S-1-5-21-1333368235-828418111-1849936505-512        True   
2865  S-1-5-21-1333368235-828418111-1849936505-3618       False   
3146  S-1-5-21-1333368235-828418111-1849936505-3919       False   
477   S-1-5-21-1333368235-828418111-1849936505-1447        True   
872   S-1-5-21-1333368235-828418111-1849936505-3635       False   
895   S-1-5-21-1333368235-828418111-1849936505-3764       False   

      isOwnedObject                        lastSeen  
id                                                   
1002          False        2025-03-16T21:35:40.053Z  
1019          False        2025-03-16T21:35:40.117Z  
1207          False        2025-03-16T21:35:40.117Z  
128           False        2025-03-16T21:35:40.428Z  
2865          False        2025-03-16T21:35:40.097Z  
3146          False        2025-03-16T21:35:40.097Z  
477           False  2025-03-16T21:35:31.048103438Z  
872           False        2025-03-16T21:35:39.799Z  
895           False        2025-03-16T21:35:40.097Z  ","  source target       label        kind                        lastSeen
0   3146   2865    MemberOf    MemberOf   2025-03-16T21:35:36.88777499Z
1   2865    895    MemberOf    MemberOf   2025-03-16T21:35:36.88777499Z
2    895   1207  GenericAll  GenericAll  2025-03-16T21:35:31.203879153Z
3   1207    872    MemberOf    MemberOf   2025-03-16T21:35:36.88777499Z
4    872   1019  GenericAll  GenericAll  2025-03-16T21:35:35.889597893Z
5   1019    128    MemberOf    MemberOf   2025-03-16T21:35:36.88777499Z
6    872   1002  GenericAll  GenericAll  2025-03-16T21:35:38.232994191Z
7   1002    128    Contains    Contains   2025-03-16T21:35:36.88777499Z
8    872    477  GenericAll  GenericAll  2025-03-16T21:35:31.049135433Z
9    477    128    MemberOf    MemberOf   2025-03-16T21:35:36.88777499Z","['643CE9DD-6D50-4B82-8DA1-994C82A16D6C'
 'S-1-5-21-1333368235-828418111-1849936505-3276'
 'S-1-5-21-1333368235-828418111-1849936505-1840'
 'S-1-5-21-1333368235-828418111-1849936505-512'
 'S-1-5-21-1333368235-828418111-1849936505-3618'
 'S-1-5-21-1333368235-828418111-1849936505-3919'
 'S-1-5-21-1333368235-828418111-1849936505-1447'
 'S-1-5-21-1333368235-828418111-1849936505-3635'
 'S-1-5-21-1333368235-828418111-1849936505-3764']",318.0,,,,0.009518477043673,0.5678160919540229,0.3333333333333333,0.0077041602465331,1.0,7.0,0.00976290097629,309.5418370558354,275.5418370558354,0.1906859986444762,1.9281349635538525,0.2636750876841315,0.1747752104997032,0,0,0.4503577923862884,False,1.336647916352112,False,-5.542678292122133,False,1.7456375015952517,0.2433260393873085,False
340,0.0,0.0,219.0,0.0,16.0,0.0,False,User Group Created by Badblood github.com/davidprowe/badblood,"CN=JU-FAR-ADMINGROUP1,OU=T2-ACCOUNTS,OU=TIER 2,OU=ADMIN,DC=MYLAB,DC=LOCAL",False,False,MYLAB.LOCAL,S-1-5-21-1333368235-828418111-1849936505,False,2025-03-16T21:35:36.886857315Z,COMPLIANCE-ANNOUNCE-01@MYLAB.LOCAL,S-1-5-21-1333368235-828418111-1849936505-3920,JU-far-admingroup1,1742159238.0,0.0,0.0,0.0,False,0.0,0.0,0,0,[],235.0,,,,0.0,0.503448275862069,0.0,0.0061633281972265,1.0,0.0,0.0,296.37228031568543,296.37228031568543,0.1636650148132119,1.5096116040592955,0.2064414470943749,0.1291577813441203,0,0,0.324180076527165,False,1.1291792518032675,False,-5.790478111564173,False,1.2477317706560438,0.4936542669584245,False
341,0.0,0.0,275.0,0.0,51.0,0.0,False,User Group Created by Badblood github.com/davidprowe/badblood,"CN=EM-HOT-ADMINGROUP1,OU=SERVICEACCOUNTS,OU=AZR,OU=TIER 2,DC=MYLAB,DC=LOCAL",False,False,MYLAB.LOCAL,S-1-5-21-1333368235-828418111-1849936505,False,2025-03-16T21:35:36.886857315Z,COMMUNICATIONS-DEPARTMENT-02@MYLAB.LOCAL,S-1-5-21-1333368235-828418111-1849936505-3921,EM-hot-admingroup1,1742159238.0,0.0,0.0,0.0,False,0.0,0.0,0,0,[],326.0,,,,0.0,0.632183908045977,0.0,0.0196456086286594,1.0,0.0,0.0,294.03162906534897,294.03162906534897,0.166701277594613,1.6518295166746364,0.2258899407361203,0.1791720711412051,0,0,0.3324307893632889,False,1.0089794072669749,False,-5.735234236543233,False,1.9361955640197184,0.4319474835886214,False
342,0.0,0.0,217.0,0.0,25.0,2.0,False,User Group Created by Badblood github.com/davidprowe/badblood,"CN=JU-EINSTEIN9-ADMINGROUP1,OU=TEST,OU=AWS,OU=TIER 1,DC=MYLAB,DC=LOCAL",False,False,MYLAB.LOCAL,S-1-5-21-1333368235-828418111-1849936505,False,2025-03-16T21:35:40.097Z,RESEARCH-CONTRIBUTORS-01@MYLAB.LOCAL,S-1-5-21-1333368235-828418111-1849936505-3922,JU-einstein9-admingroup1,1742159238.0,0.0,0.0,0.0,False,0.0,0.0,0,0,[],242.0,,,,0.0,0.4988505747126436,0.0,0.0096302003081664,1.0,0.0,0.0,262.20417722201535,262.20417722201535,0.2079874399158296,1.50848077502081,0.2062868046800655,0.1330050344054345,0,0,0.3152968177503844,False,0.9918565375228692,False,-5.749406854463077,False,1.323909914205902,0.6087527352297593,False
343,0.0,54.0,218.0,0.0,44.0,6.0,False,User Group Created by Badblood github.com/davidprowe/badblood,"CN=GA-MEL-DISTLIST1,OU=TEST,OU=FSR,OU=STAGE,DC=MYLAB,DC=LOCAL",False,False,MYLAB.LOCAL,S-1-5-21-1333368235-828418111-1849936505,False,2025-03-16T21:35:36.886857315Z,TRAINING-ALL@MYLAB.LOCAL,S-1-5-21-1333368235-828418111-1849936505-3923,GA-mel-distlist1,1742159239.0,0.0,0.0,0.0,False,12.0,17.0,"                                   label       kind  \
id                                                    
1002                   USERS@MYLAB.LOCAL  Container   
1019             LOUIS_TYLER@MYLAB.LOCAL       User   
128            DOMAIN ADMINS@MYLAB.LOCAL      Group   
248           CARMEN_HAWKINS@MYLAB.LOCAL       User   
3150        GA-MEL-DISTLIST1@MYLAB.LOCAL      Group   
3196  AB-180389141-DISTLIST1@MYLAB.LOCAL      Group   
323             3579637267SA@MYLAB.LOCAL       User   
477            JENNA_HARDING@MYLAB.LOCAL       User   
869         DA-EST-DISTLIST1@MYLAB.LOCAL      Group   
870         DE-DAS-DISTLIST1@MYLAB.LOCAL      Group   
877         TA-24D-DISTLIST1@MYLAB.LOCAL      Group   
885         AU-JAS-DISTLIST1@MYLAB.LOCAL      Group   

                                           objectId  isTierZero  \
id                                                                
1002           643CE9DD-6D50-4B82-8DA1-994C82A16D6C       False   
1019  S-1-5-21-1333368235-828418111-1849936505-3276        True   
128    S-1-5-21-1333368235-828418111-1849936505-512        True   
248   S-1-5-21-1333368235-828418111-1849936505-1218       False   
3150  S-1-5-21-1333368235-828418111-1849936505-3923       False   
3196  S-1-5-21-1333368235-828418111-1849936505-3974       False   
323   S-1-5-21-1333368235-828418111-1849936505-1293       False   
477   S-1-5-21-1333368235-828418111-1849936505-1447        True   
869   S-1-5-21-1333368235-828418111-1849936505-3782       False   
870   S-1-5-21-1333368235-828418111-1849936505-3600       False   
877   S-1-5-21-1333368235-828418111-1849936505-4033       False   
885   S-1-5-21-1333368235-828418111-1849936505-3810       False   

      isOwnedObject                        lastSeen  
id                                                   
1002          False        2025-03-16T21:35:40.053Z  
1019          False        2025-03-16T21:35:40.117Z  
128           False        2025-03-16T21:35:40.428Z  
248           False        2025-03-16T21:35:40.117Z  
3150          False  2025-03-16T21:35:36.886857315Z  
3196          False  2025-03-16T21:35:36.886857315Z  
323           False        2025-03-16T21:35:40.117Z  
477           False  2025-03-16T21:35:31.048103438Z  
869           False        2025-03-16T21:35:39.799Z  
870           False        2025-03-16T21:35:39.799Z  
877           False        2025-03-16T21:35:40.428Z  
885           False        2025-03-16T21:35:39.799Z  ","   source target       label        kind                        lastSeen
0    3150   3196    MemberOf    MemberOf   2025-03-16T21:35:36.88777499Z
1    3196    885    MemberOf    MemberOf   2025-03-16T21:35:36.88777499Z
2     885    323  GenericAll  GenericAll  2025-03-16T21:35:31.049135433Z
3     323    869  GenericAll  GenericAll   2025-03-16T21:35:36.88777499Z
4     869    477  GenericAll  GenericAll  2025-03-16T21:35:31.049135433Z
5     477    128    MemberOf    MemberOf   2025-03-16T21:35:36.88777499Z
6     869   1019  GenericAll  GenericAll  2025-03-16T21:35:35.889597893Z
7    1019    128    MemberOf    MemberOf   2025-03-16T21:35:36.88777499Z
8     323    870  GenericAll  GenericAll   2025-03-16T21:35:36.88777499Z
9     870    477  GenericAll  GenericAll  2025-03-16T21:35:31.049135433Z
10    885    248  GenericAll  GenericAll  2025-03-16T21:35:31.049135433Z
11    248    870    MemberOf    MemberOf   2025-03-16T21:35:36.88777499Z
12    870   1002  GenericAll  GenericAll  2025-03-16T21:35:38.232994191Z
13   1002    128    Contains    Contains   2025-03-16T21:35:36.88777499Z
14    870   1019  GenericAll  GenericAll  2025-03-16T21:35:35.889597893Z
15    323    877  GenericAll  GenericAll   2025-03-16T21:35:36.88777499Z
16    877   1019  GenericAll  GenericAll  2025-03-16T21:35:35.889597893Z","['643CE9DD-6D50-4B82-8DA1-994C82A16D6C'
 'S-1-5-21-1333368235-828418111-1849936505-3276'
 'S-1-5-21-1333368235-828418111-1849936505-512'
 'S-1-5-21-1333368235-828418111-1849936505-1218'
 'S-1-5-21-1333368235-828418111-1849936505-3923'
 'S-1-5-21-1333368235-828418111-1849936505-3974'
 'S-1-5-21-1333368235-828418111-1849936505-1293'
 'S-1-5-21-1333368235-828418111-1849936505-1447'
 'S-1-5-21-1333368235-828418111-1849936505-3782'
 'S-1-5-21-1333368235-828418111-1849936505-3600'
 'S-1-5-21-1333368235-828418111-1849936505-4033'
 'S-1-5-21-1333368235-828418111-1849936505-3810']",340.0,,,,0.01511758118701,0.5011494252873563,0.5666666666666667,0.0169491525423728,1.0,7.0,0.00976290097629,307.9866287762371,253.98662877623715,0.2186471383637255,2.1096457266596955,0.2884969322552883,0.1868665772638336,0,0,0.5052081648067314,False,1.6041401993771889,False,-6.045580993684615,False,0.8090403368326298,0.4293216630196936,False
344,0.0,0.0,220.0,0.0,100.0,0.0,False,User Group Created by Badblood github.com/davidprowe/badblood,"CN=JE-ARMANDODE-ADMINGROUP1,OU=TEST,OU=OGC,OU=TIER 2,DC=MYLAB,DC=LOCAL",False,False,MYLAB.LOCAL,S-1-5-21-1333368235-828418111-1849936505,False,2025-03-16T21:35:36.886857315Z,MARKETING-CONTRIBUTORS@MYLAB.LOCAL,S-1-5-21-1333368235-828418111-1849936505-3924,JE-armandode-admingroup1,1742159239.0,0.0,0.0,0.0,False,0.0,0.0,0,0,[],320.0,,,,0.0,0.5057471264367817,0.0,0.0385208012326656,1.0,0.0,0.0,289.7371607404834,289.7371607404834,0.1722720068259843,1.544267927669447,0.211180746645208,0.1758744256600787,0,0,0.3285196986150073,False,1.3199138582539844,False,-5.882372436182692,False,2.042891667478045,0.3978118161925602,False
345,0.0,0.0,217.0,0.0,27.0,0.0,False,User Group Created by Badblood github.com/davidprowe/badblood,"CN=LA-BWO-DISTLIST1,OU=GROUPS,OU=HRE,OU=TIER 1,DC=MYLAB,DC=LOCAL",False,False,MYLAB.LOCAL,S-1-5-21-1333368235-828418111-1849936505,False,2025-03-16T21:35:36.886857315Z,SALES-STAFF-02@MYLAB.LOCAL,S-1-5-21-1333368235-828418111-1849936505-3925,LA-bwo-distlist1,1742159239.0,0.0,0.0,0.0,False,0.0,0.0,0,0,[],244.0,,,,0.0,0.4988505747126436,0.0,0.0104006163328197,1.0,0.0,0.0,386.3453915004813,386.3453915004813,0.0469530489541417,1.5092511910454631,0.2063921601228605,0.13410424956581,0,0,0.3362675967124288,False,1.1979356568635242,False,-5.430900797838169,False,2.154254558621604,0.2857768052516412,False
348,0.0,0.0,217.0,0.0,85.0,0.0,False,User Group Created by Badblood github.com/davidprowe/badblood,"CN=AN-GRE-DISTLIST1,OU=OGC,OU=STAGE,DC=MYLAB,DC=LOCAL",False,False,MYLAB.LOCAL,S-1-5-21-1333368235-828418111-1849936505,False,2025-03-16T21:35:36.886857315Z,COMMUNICATIONS-STAFF-01@MYLAB.LOCAL,S-1-5-21-1333368235-828418111-1849936505-3928,AN-gre-distlist1,1742159240.0,0.0,0.0,0.0,False,0.0,0.0,0,0,[],302.0,,,,0.0,0.4988505747126436,0.0,0.0327426810477657,1.0,0.0,0.0,363.4194443127034,363.4194443127034,0.0766922936043692,1.5315932557604093,0.2094474679639152,0.1659814892166992,0,0,0.4218428957924276,False,1.7049038414021076,False,-5.56769024228446,False,7.40368554218667,0.1557986870897155,False
349,0.0,0.0,376.0,0.0,23.0,0.0,False,User Group Created by Badblood github.com/davidprowe/badblood,"CN=TR-LAN-DISTLIST1,OU=FSR,OU=PEOPLE,DC=MYLAB,DC=LOCAL",False,False,MYLAB.LOCAL,S-1-5-21-1333368235-828418111-1849936505,False,2025-03-16T21:35:36.886857315Z,TRAINING-DEPARTMENT-01@MYLAB.LOCAL,S-1-5-21-1333368235-828418111-1849936505-3929,TR-Lan-distlist1,1742159240.0,0.0,0.0,0.0,False,0.0,0.0,0,0,[],399.0,,,,0.0,0.864367816091954,0.0,0.008859784283513,1.0,0.0,0.0,311.04535511610123,311.04535511610123,0.1446312903748475,1.873227600375467,0.2561664308347787,0.2192934244949106,0,0,0.3757791615487336,False,0.9841457612883968,False,-5.420337619642892,False,4.925118079796101,0.3334792122538293,False
352,0.0,0.0,435.0,0.0,55.0,0.0,False,User Group Created by Badblood github.com/davidprowe/badblood,"CN=JE-LORENAYJA-DISTLIST1,OU=DEVICES,OU=FIN,OU=TIER 1,DC=MYLAB,DC=LOCAL",False,False,MYLAB.LOCAL,S-1-5-21-1333368235-828418111-1849936505,False,2025-03-16T21:35:36.886857315Z,LEGAL-MEMBERS@MYLAB.LOCAL,S-1-5-21-1333368235-828418111-1849936505-3932,JE-lorenayja-distlist1,1742159241.0,0.0,0.0,0.0,False,0.0,0.0,0,0,[],490.0,,,,0.0,1.0,0.0,0.0211864406779661,1.0,0.0,0.0,260.3738898362341,260.3738898362341,0.2103616652379132,2.0211864406779663,0.2764000041726621,0.2693077142919955,0,0,0.4415531958545098,False,1.3959159049157348,False,-5.378475872914008,False,6.667835907511796,0.149671772428884,False
353,0.0,24.0,142.0,0.0,45.0,0.0,False,User Group Created by Badblood github.com/davidprowe/badblood,"CN=DI-SEV-DISTLIST1,OU=DEVICES,OU=AZR,OU=TIER 2,DC=MYLAB,DC=LOCAL",False,False,MYLAB.LOCAL,S-1-5-21-1333368235-828418111-1849936505,False,2025-03-16T21:35:36.886857315Z,CAFETERIA-STAFF@MYLAB.LOCAL,S-1-5-21-1333368235-828418111-1849936505-3933,DI-sev-distlist1,1742159241.0,0.0,0.0,0.0,False,8.0,15.0,0,0,[],303.0,,,,0.0,0.6344827586206897,0.0,0.0104006163328197,1.0,310.0,0.0,244.9659044561137,220.9659044561137,0.2614811984372563,1.6448833749535094,0.2249400463760239,0.166531096796887,0,0,0.327372027172634,False,0.9859758141784628,False,-5.773498219185667,False,1.697506026913779,0.5089715536105033,False
354,0.0,0.0,220.0,0.0,83.0,0.0,False,User Group Created by Badblood github.com/davidprowe/badblood,"CN=MI-PROHIBIDO-DISTLIST1,OU=TEST,OU=OGC,OU=TIER 2,DC=MYLAB,DC=LOCAL",False,False,MYLAB.LOCAL,S-1-5-21-1333368235-828418111-1849936505,False,2025-03-16T21:35:36.886857315Z,ANALYTICS-ANNOUNCE@MYLAB.LOCAL,S-1-5-21-1333368235-828418111-1849936505-3934,MI-prohibido-distlist1,1742159241.0,0.0,0.0,0.0,False,0.0,0.0,0,0,[],303.0,,,,0.0,0.5057471264367817,0.0,0.0319722650231124,1.0,0.0,0.0,346.5622973877668,346.5622973877668,0.0985591683903666,1.537719391459894,0.2102852253814506,0.166531096796887,0,0,0.4240679772933279,False,1.6297856285579062,False,-5.561977426931795,False,7.388557891053175,0.1566739606126914,False
355,0.0,0.0,276.0,0.0,26.0,0.0,False,User Group Created by Badblood github.com/davidprowe/badblood,"CN=DA-MIK-DISTLIST1,OU=TEST,OU=GOO,OU=TIER 2,DC=MYLAB,DC=LOCAL",False,False,MYLAB.LOCAL,S-1-5-21-1333368235-828418111-1849936505,False,2025-03-16T21:35:36.886857315Z,FACILITIES-GROUP@MYLAB.LOCAL,S-1-5-21-1333368235-828418111-1849936505-3935,DA-mik-distlist1,1742159241.0,0.0,0.0,0.0,False,0.0,0.0,0,0,[],302.0,,,,0.0,0.6344827586206897,0.0,0.010015408320493,1.0,0.0,0.0,305.6162476862104,305.6162476862104,0.1516738589006954,1.644498166941183,0.2248873686546264,0.1659814892166992,0,0,0.3293343476457879,False,0.9859758141784626,False,-5.802827452569543,False,1.648269204651152,0.5185995623632385,False
356,0.0,0.0,217.0,0.0,64.0,0.0,False,User Group Created by Badblood github.com/davidprowe/badblood,"CN=JA-PRICILATE-DISTLIST1,OU=TEST,OU=FIN,OU=STAGE,DC=MYLAB,DC=LOCAL",False,False,MYLAB.LOCAL,S-1-5-21-1333368235-828418111-1849936505,False,2025-03-16T21:35:36.886857315Z,AUDIT-ANNOUNCE@MYLAB.LOCAL,S-1-5-21-1333368235-828418111-1849936505-3936,JA-pricilate-distlist1,1742159242.0,0.0,0.0,0.0,False,0.0,0.0,0,0,[],281.0,,,,0.0,0.4988505747126436,0.0,0.024653312788906,1.0,0.0,0.0,315.20424096893305,315.20424096893305,0.1392364369872557,1.5235038875015496,0.2083412358145678,0.1544397300327566,0,0,0.326835129529451,False,1.1566579764806195,False,-6.137105280959646,False,0.7532719564839968,0.5820568927789934,False
357,0.0,0.0,218.0,0.0,199.0,0.0,False,User Group Created by Badblood github.com/davidprowe/badblood,"CN=MA-MAR-DISTLIST1,OU=DEVICES,OU=HRE,OU=STAGE,DC=MYLAB,DC=LOCAL",False,False,MYLAB.LOCAL,S-1-5-21-1333368235-828418111-1849936505,False,2025-03-16T21:35:36.886857315Z,FACILITIES-STAFF@MYLAB.LOCAL,S-1-5-21-1333368235-828418111-1849936505-3937,MA-mar-distlist1,1742159242.0,0.0,0.0,0.0,False,0.0,0.0,0,0,[],417.0,,,,0.0,0.5011494252873563,0.0,0.0766563944530046,1.0,0.0,0.0,217.0843620330973,217.0843620330973,0.2665162854848206,1.5778058197403608,0.2157670991566732,0.2291863609382901,0,0,0.3368225843184612,False,1.2239758888609262,False,-5.857867808846218,False,4.423867842891189,0.3396061269146608,False
359,0.0,0.0,218.0,0.0,401.0,0.0,False,User Group Created by Badblood github.com/davidprowe/badblood,"CN=LO-GORDITA88-DISTLIST1,OU=ESM,OU=PEOPLE,DC=MYLAB,DC=LOCAL",False,False,MYLAB.LOCAL,S-1-5-21-1333368235-828418111-1849936505,False,2025-03-16T21:35:36.886857315Z,DESIGN-USERS-02@MYLAB.LOCAL,S-1-5-21-1333368235-828418111-1849936505-3939,LO-gordita88-distlist1,1742159242.0,0.0,0.0,0.0,False,0.0,0.0,0,0,[],619.0,,,,0.0,0.5011494252873563,0.0,0.1544684129429892,1.0,0.0,0.0,334.93182631408047,334.93182631408047,0.1136460662979979,1.6556178382303457,0.2264079988789674,0.3402070921362147,0,-1,0.5149866272448197,False,3.8237954459803,False,-4.101434586014668,True,12.412132909509465,0.2310722100656455,False
360,0.0,45.0,243.0,0.0,69.0,0.0,False,User Group Created by Badblood github.com/davidprowe/badblood,"CN=WH-S95-ADMINGROUP1,OU=SERVICEACCOUNTS,OU=HRE,OU=STAGE,DC=MYLAB,DC=LOCAL",False,False,MYLAB.LOCAL,S-1-5-21-1333368235-828418111-1849936505,False,2025-03-16T21:35:39.799Z,PRODUCT-GROUP-02@MYLAB.LOCAL,S-1-5-21-1333368235-828418111-1849936505-3940,WH-S95-admingroup1,1742159243.0,0.0,0.0,0.0,False,5.0,5.0,"                               label   kind  \
id                                            
1019         LOUIS_TYLER@MYLAB.LOCAL   User   
128        DOMAIN ADMINS@MYLAB.LOCAL  Group   
477        JENNA_HARDING@MYLAB.LOCAL   User   
869     DA-EST-DISTLIST1@MYLAB.LOCAL  Group   
891   WH-S95-ADMINGROUP1@MYLAB.LOCAL  Group   

                                           objectId  isTierZero  \
id                                                                
1019  S-1-5-21-1333368235-828418111-1849936505-3276        True   
128    S-1-5-21-1333368235-828418111-1849936505-512        True   
477   S-1-5-21-1333368235-828418111-1849936505-1447        True   
869   S-1-5-21-1333368235-828418111-1849936505-3782       False   
891   S-1-5-21-1333368235-828418111-1849936505-3940       False   

      isOwnedObject                        lastSeen  
id                                                   
1019          False        2025-03-16T21:35:40.117Z  
128           False        2025-03-16T21:35:40.428Z  
477           False  2025-03-16T21:35:31.048103438Z  
869           False        2025-03-16T21:35:39.799Z  
891           False        2025-03-16T21:35:39.799Z  ","  source target       label        kind                        lastSeen
0    891    869  GenericAll  GenericAll   2025-03-16T21:35:36.88777499Z
1    869   1019  GenericAll  GenericAll  2025-03-16T21:35:35.889597893Z
2   1019    128    MemberOf    MemberOf   2025-03-16T21:35:36.88777499Z
3    869    477  GenericAll  GenericAll  2025-03-16T21:35:31.049135433Z
4    477    128    MemberOf    MemberOf   2025-03-16T21:35:36.88777499Z","['S-1-5-21-1333368235-828418111-1849936505-3276'
 'S-1-5-21-1333368235-828418111-1849936505-512'
 'S-1-5-21-1333368235-828418111-1849936505-1447'
 'S-1-5-21-1333368235-828418111-1849936505-3782'
 'S-1-5-21-1333368235-828418111-1849936505-3940']",398.0,,,,0.0125979843225083,0.5586206896551724,0.1666666666666666,0.0265793528505392,1.0,36.0,0.0502092050209205,314.0697461166692,269.0697461166692,0.1990815120015425,1.814673898515807,0.2481591321944286,0.2187438169147229,0,0,0.4824173626047827,False,1.2812955251038407,False,-5.858317468007983,False,1.405656584474945,0.3592997811816192,False
362,0.0,0.0,218.0,0.0,21.0,12.0,False,User Group Created by Badblood github.com/davidprowe/badblood,"CN=TI-260899MAR-DISTLIST1,OU=T1-SERVERS,OU=TIER 1,OU=ADMIN,DC=MYLAB,DC=LOCAL",False,False,MYLAB.LOCAL,S-1-5-21-1333368235-828418111-1849936505,False,2025-03-16T21:35:36.886857315Z,DESIGN-USERS-03@MYLAB.LOCAL,S-1-5-21-1333368235-828418111-1849936505-3942,TI-260899mar-distlist1,1742159243.0,0.0,0.0,0.0,False,0.0,0.0,0,0,[],239.0,,,,0.0,0.5011494252873563,0.0,0.0080893682588597,1.0,0.0,0.0,245.0532654795728,245.0532654795728,0.2302353826553504,1.5092387935462162,0.2063904647479189,0.1313562116648712,0,0,0.3208586670626668,False,1.0235695568143974,False,-5.834267696636848,False,1.1395311343700736,0.5737417943107221,False
363,0.0,0.0,275.0,0.0,85.0,0.0,False,User Group Created by Badblood github.com/davidprowe/badblood,"CN=FR-ORI-DISTLIST1,OU=DEVICES,OU=ITS,OU=TIER 2,DC=MYLAB,DC=LOCAL",False,False,MYLAB.LOCAL,S-1-5-21-1333368235-828418111-1849936505,False,2025-03-16T21:35:36.886857315Z,LOGISTICS-GROUP-03@MYLAB.LOCAL,S-1-5-21-1333368235-828418111-1849936505-3943,FR-ori-distlist1,1742159243.0,0.0,0.0,0.0,False,0.0,0.0,0,0,[],360.0,,,,0.0,0.632183908045977,0.0,0.0327426810477657,1.0,0.0,0.0,273.2316891434261,273.2316891434261,0.1936826928871454,1.6649265890937426,0.2276809832636352,0.1978587288675885,0,0,0.3402572650985326,False,1.3537679736379706,False,-6.206167900318024,False,1.6680866972420876,0.4442013129102845,False
364,0.0,0.0,270.0,0.0,22.0,0.0,False,User Group Created by Badblood github.com/davidprowe/badblood,"CN=GO-SUICIDEDE-DISTLIST1,OU=SERVICEACCOUNTS,OU=SEC,OU=STAGE,DC=MYLAB,DC=LOCAL",False,False,MYLAB.LOCAL,S-1-5-21-1333368235-828418111-1849936505,False,2025-03-16T21:35:36.886857315Z,AUDIT-STAFF-01@MYLAB.LOCAL,S-1-5-21-1333368235-828418111-1849936505-3944,GO-SUICIDEDE-distlist1,1742159244.0,0.0,0.0,0.0,False,0.0,0.0,0,0,[],292.0,,,,0.0,0.6206896551724138,0.0,0.0084745762711864,1.0,0.0,0.0,305.65893962135004,305.65893962135004,0.1516184794699869,1.6291642314436,0.2227904320483757,0.1604854134148218,0,0,0.4291298182058036,False,1.925052169848228,False,-5.196035693883136,False,7.445269941858957,0.0989059080962801,False
366,0.0,0.0,386.0,0.0,106.0,0.0,False,User Group Created by Badblood github.com/davidprowe/badblood,"CN=EU-LAL-DISTLIST1,OU=SERVICEACCOUNTS,OU=TST,OU=TIER 1,DC=MYLAB,DC=LOCAL",False,False,MYLAB.LOCAL,S-1-5-21-1333368235-828418111-1849936505,False,2025-03-16T21:35:36.886857315Z,RESEARCH-EMPLOYEES-03@MYLAB.LOCAL,S-1-5-21-1333368235-828418111-1849936505-3946,EU-lal-distlist1,1742159244.0,0.0,0.0,0.0,False,0.0,0.0,0,0,[],492.0,,,,0.0,0.8873563218390804,0.0,0.0408320493066255,1.0,0.0,0.0,296.3419124127128,296.3419124127128,0.1637044076674578,1.928188371145706,0.2636823912452053,0.270406929452371,0,0,0.3924935349186736,False,1.7853148964142531,False,-5.885469855154243,False,5.309520212024329,0.2752735229759299,False
367,0.0,38.0,156.0,0.0,62.0,0.0,False,User Group Created by Badblood github.com/davidprowe/badblood,"CN=MA-JIMMY8923-ADMINGROUP1,OU=TEST,OU=FSR,OU=TIER 1,DC=MYLAB,DC=LOCAL",False,False,MYLAB.LOCAL,S-1-5-21-1333368235-828418111-1849936505,False,2025-03-16T21:35:36.886857315Z,VISITOR-WIFI-ACCESS@MYLAB.LOCAL,S-1-5-21-1333368235-828418111-1849936505-3947,MA-jimmy8923-admingroup1,1742159244.0,0.0,0.0,0.0,False,10.0,18.0,0,0,[],242.0,,,,0.0,0.503448275862069,0.0,0.008859784283513,1.0,285.0,0.0,281.1419346406343,243.1419346406343,0.2327147365054291,1.5123080601455818,0.2068101911441573,0.1330050344054345,0,0,0.3996308138891729,False,0.989058983809448,False,-5.325148278292492,False,7.374757944592531,0.2739606126914661,False
368,0.0,29.0,219.0,0.0,108.0,0.0,False,User Group Created by Badblood github.com/davidprowe/badblood,"CN=WI-SI1510E30-DISTLIST1,OU=ESM,OU=TIER 2,DC=MYLAB,DC=LOCAL",False,False,MYLAB.LOCAL,S-1-5-21-1333368235-828418111-1849936505,False,2025-03-16T21:35:36.886857315Z,LEGAL-STAFF-03@MYLAB.LOCAL,S-1-5-21-1333368235-828418111-1849936505-3948,WI-SI1510E30-distlist1,1742159244.0,0.0,0.0,0.0,False,7.0,8.0,"                                   label       kind  \
id                                                    
1002                   USERS@MYLAB.LOCAL  Container   
1019             LOUIS_TYLER@MYLAB.LOCAL       User   
128            DOMAIN ADMINS@MYLAB.LOCAL      Group   
477            JENNA_HARDING@MYLAB.LOCAL       User   
708            VONDA_ACEVEDO@MYLAB.LOCAL       User   
870         DE-DAS-DISTLIST1@MYLAB.LOCAL      Group   
893   WI-SI1510E30-DISTLIST1@MYLAB.LOCAL      Group   

                                           objectId  isTierZero  \
id                                                                
1002           643CE9DD-6D50-4B82-8DA1-994C82A16D6C       False   
1019  S-1-5-21-1333368235-828418111-1849936505-3276        True   
128    S-1-5-21-1333368235-828418111-1849936505-512        True   
477   S-1-5-21-1333368235-828418111-1849936505-1447        True   
708   S-1-5-21-1333368235-828418111-1849936505-1678       False   
870   S-1-5-21-1333368235-828418111-1849936505-3600       False   
893   S-1-5-21-1333368235-828418111-1849936505-3948       False   

      isOwnedObject                        lastSeen  
id                                                   
1002          False        2025-03-16T21:35:40.053Z  
1019          False        2025-03-16T21:35:40.117Z  
128           False        2025-03-16T21:35:40.428Z  
477           False  2025-03-16T21:35:31.048103438Z  
708           False        2025-03-16T21:35:40.117Z  
870           False        2025-03-16T21:35:39.799Z  
893           False  2025-03-16T21:35:36.886857315Z  ","  source target       label        kind                        lastSeen
0    893    708  GenericAll  GenericAll  2025-03-16T21:35:31.203879153Z
1    708    870    MemberOf    MemberOf   2025-03-16T21:35:36.88777499Z
2    870    477  GenericAll  GenericAll  2025-03-16T21:35:31.049135433Z
3    477    128    MemberOf    MemberOf   2025-03-16T21:35:36.88777499Z
4    870   1002  GenericAll  GenericAll  2025-03-16T21:35:38.232994191Z
5   1002    128    Contains    Contains   2025-03-16T21:35:36.88777499Z
6    870   1019  GenericAll  GenericAll  2025-03-16T21:35:35.889597893Z
7   1019    128    MemberOf    MemberOf   2025-03-16T21:35:36.88777499Z","['643CE9DD-6D50-4B82-8DA1-994C82A16D6C'
 'S-1-5-21-1333368235-828418111-1849936505-3276'
 'S-1-5-21-1333368235-828418111-1849936505-512'
 'S-1-5-21-1333368235-828418111-1849936505-1447'
 'S-1-5-21-1333368235-828418111-1849936505-1678'
 'S-1-5-21-1333368235-828418111-1849936505-3600'
 'S-1-5-21-1333368235-828418111-1849936505-3948']",410.0,,,,0.0081187010078387,0.503448275862069,0.2666666666666666,0.0416024653312788,1.0,46.0,0.0641562064156206,289.46364114833176,260.46364114833176,0.2102452409869852,1.8839923152834737,0.2576385202895707,0.2253391078769758,0,0,0.4934150876187465,False,1.124193554218123,False,-5.972053766078467,False,2.078692778143312,0.3579868708971553,False
369,0.0,0.0,219.0,0.0,74.0,0.0,False,User Group Created by Badblood github.com/davidprowe/badblood,"CN=MA-706-ADMINGROUP1,OU=SERVICEACCOUNTS,OU=ESM,OU=STAGE,DC=MYLAB,DC=LOCAL",False,False,MYLAB.LOCAL,S-1-5-21-1333368235-828418111-1849936505,False,2025-03-16T21:35:36.886857315Z,LEGAL-GROUP@MYLAB.LOCAL,S-1-5-21-1333368235-828418111-1849936505-3949,MA-706-admingroup1,1742159245.0,0.0,0.0,0.0,False,0.0,0.0,0,0,[],293.0,,,,0.0,0.503448275862069,0.0,0.0285053929121725,1.0,0.0,0.0,282.9146498087955,282.9146498087955,0.1811220805029614,1.5319536687742414,0.2094967549354296,0.1610350209950095,0,0,0.3176057396176457,False,1.0106592064900672,False,-5.9238199448332445,False,1.3881374042297143,0.6052516411378556,False
370,0.0,0.0,217.0,0.0,26.0,0.0,False,User Group Created by Badblood github.com/davidprowe/badblood,"CN=SO-VERDESITA-ADMINGROUP1,OU=GROUPS,OU=OGC,OU=STAGE,DC=MYLAB,DC=LOCAL",False,False,MYLAB.LOCAL,S-1-5-21-1333368235-828418111-1849936505,False,2025-03-16T21:35:36.886857315Z,QUALITY-ALL-02@MYLAB.LOCAL,S-1-5-21-1333368235-828418111-1849936505-3950,SO-verdesita-admingroup1,1742159245.0,0.0,0.0,0.0,False,0.0,0.0,0,0,[],243.0,,,,0.0,0.4988505747126436,0.0,0.010015408320493,1.0,0.0,0.0,300.75655239423463,300.75655239423463,0.1579777933043598,1.5088659830331366,0.206339482401463,0.1335546419856222,0,0,0.3192269917968374,False,0.9788818409289762,False,-5.593981027070259,False,1.7271520268580898,0.5185995623632385,False
373,0.0,0.0,247.0,0.0,28.0,0.0,False,User Group Created by Badblood github.com/davidprowe/badblood,"CN=JA-ANT-DISTLIST1,OU=DEVICES,OU=BDE,OU=STAGE,DC=MYLAB,DC=LOCAL",False,False,MYLAB.LOCAL,S-1-5-21-1333368235-828418111-1849936505,False,2025-03-16T21:35:36.886857315Z,COMMUNICATIONS-GROUP-01@MYLAB.LOCAL,S-1-5-21-1333368235-828418111-1849936505-3953,JA-ant-distlist1,1742159245.0,0.0,0.0,0.0,False,0.0,0.0,0,0,[],275.0,,,,0.0,0.5678160919540229,0.0,0.0107858243451463,1.0,0.0,0.0,358.92686271958286,358.92686271958286,0.0825200128263758,1.5786019162991691,0.2158759664475614,0.1511420845516301,0,0,0.320578709868116,False,1.1483314843575492,False,-5.623670182824644,False,1.5517552050473544,0.4358862144420132,False
374,0.0,0.0,221.0,0.0,67.0,0.0,False,User Group Created by Badblood github.com/davidprowe/badblood,"CN=WE-DARCKNESS-DISTLIST1,OU=GROUPS,OU=FSR,OU=TIER 2,DC=MYLAB,DC=LOCAL",False,False,MYLAB.LOCAL,S-1-5-21-1333368235-828418111-1849936505,False,2025-03-16T21:35:36.886857315Z,SALES-ALL-02@MYLAB.LOCAL,S-1-5-21-1333368235-828418111-1849936505-3954,WE-darckness-distlist1,1742159246.0,0.0,0.0,0.0,False,0.0,0.0,0,0,[],288.0,,,,0.0,0.5080459770114942,0.0,0.0258089368258859,1.0,0.0,0.0,180.82752558006075,180.82752558006075,0.3135481887117012,1.5338549138373805,0.2097567527925341,0.1582869830940708,0,0,0.3189217590277851,False,1.041538094384725,False,-5.811748002778076,False,1.5234026504737253,0.5334792122538293,False
375,0.0,0.0,244.0,0.0,20.0,0.0,False,User Group Created by Badblood github.com/davidprowe/badblood,"CN=CH-828-DISTLIST1,OU=T2-DEVICES,OU=TIER 2,OU=ADMIN,DC=MYLAB,DC=LOCAL",False,False,MYLAB.LOCAL,S-1-5-21-1333368235-828418111-1849936505,False,2025-03-16T21:35:36.886857315Z,FINANCE-DEPARTMENT-01@MYLAB.LOCAL,S-1-5-21-1333368235-828418111-1849936505-3955,CH-828-distlist1,1742159246.0,0.0,0.0,0.0,False,0.0,0.0,0,0,[],264.0,,,,0.0,0.5609195402298851,0.0,0.0077041602465331,1.0,0.0,0.0,283.5818188456436,283.5818188456436,0.1802566373852848,1.5686237004764183,0.2145114318160511,0.1450964011695649,0,0,0.4221646632624501,False,1.3112573976410005,False,-5.248555136783246,False,7.368645182854817,0.1396061269146608,False
376,0.0,0.0,219.0,0.0,25.0,0.0,False,User Group Created by Badblood github.com/davidprowe/badblood,"CN=HE-170-DISTLIST1,OU=TEST,OU=ESM,OU=TIER 2,DC=MYLAB,DC=LOCAL",False,False,MYLAB.LOCAL,S-1-5-21-1333368235-828418111-1849936505,False,2025-03-16T21:35:36.886857315Z,PROCUREMENT-MEMBERS-01@MYLAB.LOCAL,S-1-5-21-1333368235-828418111-1849936505-3956,HE-170-distlist1,1742159246.0,0.0,0.0,0.0,False,0.0,0.0,0,0,[],244.0,,,,0.0,0.503448275862069,0.0,0.0096302003081664,1.0,0.0,0.0,301.8128436484748,301.8128436484748,0.1566075858370542,1.5130784761702354,0.2069155465869524,0.13410424956581,0,0,0.3178881916497809,False,0.9697366662997768,False,-5.599346560096528,False,1.6833686979485265,0.5417943107221006,False
377,0.0,0.0,218.0,0.0,26.0,0.0,False,User Group Created by Badblood github.com/davidprowe/badblood,"CN=MA-110-DISTLIST1,OU=SEC,OU=PEOPLE,DC=MYLAB,DC=LOCAL",False,False,MYLAB.LOCAL,S-1-5-21-1333368235-828418111-1849936505,False,2025-03-16T21:35:36.886857315Z,SALES-USERS-01@MYLAB.LOCAL,S-1-5-21-1333368235-828418111-1849936505-3957,MA-110-distlist1,1742159246.0,0.0,0.0,0.0,False,0.0,0.0,0,0,[],244.0,,,,0.0,0.5011494252873563,0.0,0.010015408320493,1.0,0.0,0.0,307.08248096655325,307.08248096655325,0.1497718798949308,1.5111648336078494,0.2066538533549064,0.13410424956581,0,0,0.3948334464890388,False,0.9904804128228047,False,-5.34483357468871,False,7.368692799583512,0.2796498905908096,False
382,0.0,552.0,362.0,0.0,29.0,0.0,False,User Group Created by Badblood github.com/davidprowe/badblood,"CN=PA-COM-DISTLIST1,OU=TEST,OU=TST,OU=TIER 1,DC=MYLAB,DC=LOCAL",False,False,MYLAB.LOCAL,S-1-5-21-1333368235-828418111-1849936505,False,2025-03-16T21:35:39.799Z,SCCM-ADMINS@MYLAB.LOCAL,S-1-5-21-1333368235-828418111-1849936505-3962,PA-com-distlist1,1742159248.0,0.0,0.0,0.0,False,12.0,25.0,"                                   label       kind  \
id                                                    
0             ADMINISTRATORS@MYLAB.LOCAL      Group   
1002                   USERS@MYLAB.LOCAL  Container   
1019             LOUIS_TYLER@MYLAB.LOCAL       User   
1023            ANDREA_TYLER@MYLAB.LOCAL       User   
128            DOMAIN ADMINS@MYLAB.LOCAL      Group   
477            JENNA_HARDING@MYLAB.LOCAL       User   
869         DA-EST-DISTLIST1@MYLAB.LOCAL      Group   
870         DE-DAS-DISTLIST1@MYLAB.LOCAL      Group   
871   MA-VACACIONE-DISTLIST1@MYLAB.LOCAL      Group   
872         RO-ARJ-DISTLIST1@MYLAB.LOCAL      Group   
877         TA-24D-DISTLIST1@MYLAB.LOCAL      Group   
889         PA-COM-DISTLIST1@MYLAB.LOCAL      Group   

                                           objectId  isTierZero  \
id                                                                
0                          MYLAB.LOCAL-S-1-5-32-544        True   
1002           643CE9DD-6D50-4B82-8DA1-994C82A16D6C       False   
1019  S-1-5-21-1333368235-828418111-1849936505-3276        True   
1023  S-1-5-21-1333368235-828418111-1849936505-2378        True   
128    S-1-5-21-1333368235-828418111-1849936505-512        True   
477   S-1-5-21-1333368235-828418111-1849936505-1447        True   
869   S-1-5-21-1333368235-828418111-1849936505-3782       False   
870   S-1-5-21-1333368235-828418111-1849936505-3600       False   
871   S-1-5-21-1333368235-828418111-1849936505-3890       False   
872   S-1-5-21-1333368235-828418111-1849936505-3635       False   
877   S-1-5-21-1333368235-828418111-1849936505-4033       False   
889   S-1-5-21-1333368235-828418111-1849936505-3962       False   

      isOwnedObject                        lastSeen  
id                                                   
0             False        2025-03-16T21:35:40.441Z  
1002          False        2025-03-16T21:35:40.053Z  
1019          False        2025-03-16T21:35:40.117Z  
1023          False        2025-03-16T21:35:40.117Z  
128           False        2025-03-16T21:35:40.428Z  
477           False  2025-03-16T21:35:31.048103438Z  
869           False        2025-03-16T21:35:39.799Z  
870           False        2025-03-16T21:35:39.799Z  
871           False        2025-03-16T21:35:39.799Z  
872           False        2025-03-16T21:35:39.799Z  
877           False        2025-03-16T21:35:40.428Z  
889           False        2025-03-16T21:35:39.799Z  ","   source target         label          kind                        lastSeen
0     889    871    GenericAll    GenericAll   2025-03-16T21:35:36.88777499Z
1     871   1019    GenericAll    GenericAll  2025-03-16T21:35:35.889597893Z
2    1019    128      MemberOf      MemberOf   2025-03-16T21:35:36.88777499Z
3     889   1023    GenericAll    GenericAll  2025-03-16T21:35:34.829357333Z
4    1023      0      MemberOf      MemberOf  2025-03-16T21:35:38.201365484Z
5       0    128     WriteDacl     WriteDacl   2025-03-16T21:35:36.88777499Z
6     889    870    GenericAll    GenericAll   2025-03-16T21:35:36.88777499Z
7     870   1019    GenericAll    GenericAll  2025-03-16T21:35:35.889597893Z
8       0    128    WriteOwner    WriteOwner   2025-03-16T21:35:36.88777499Z
9     889    872    GenericAll    GenericAll   2025-03-16T21:35:36.88777499Z
10    872   1019    GenericAll    GenericAll  2025-03-16T21:35:35.889597893Z
11    870    477    GenericAll    GenericAll  2025-03-16T21:35:31.049135433Z
12    477    128      MemberOf      MemberOf   2025-03-16T21:35:36.88777499Z
13    872   1002    GenericAll    GenericAll  2025-03-16T21:35:38.232994191Z
14   1002    128      Contains      Contains   2025-03-16T21:35:36.88777499Z
15    872    477    GenericAll    GenericAll  2025-03-16T21:35:31.049135433Z
16      0    128  GenericWrite  GenericWrite   2025-03-16T21:35:36.88777499Z
17    870   1002    GenericAll    GenericAll  2025-03-16T21:35:38.232994191Z
18    871   1002    GenericAll    GenericAll  2025-03-16T21:35:38.232994191Z
19    871    477    GenericAll    GenericAll  2025-03-16T21:35:31.049135433Z
20    889    869    GenericAll    GenericAll   2025-03-16T21:35:36.88777499Z
21    869    477    GenericAll    GenericAll  2025-03-16T21:35:31.049135433Z
22    869   1019    GenericAll    GenericAll  2025-03-16T21:35:35.889597893Z
23    889    877    GenericAll    GenericAll   2025-03-16T21:35:36.88777499Z
24    877   1019    GenericAll    GenericAll  2025-03-16T21:35:35.889597893Z","['MYLAB.LOCAL-S-1-5-32-544' '643CE9DD-6D50-4B82-8DA1-994C82A16D6C'
 'S-1-5-21-1333368235-828418111-1849936505-3276'
 'S-1-5-21-1333368235-828418111-1849936505-2378'
 'S-1-5-21-1333368235-828418111-1849936505-512'
 'S-1-5-21-1333368235-828418111-1849936505-1447'
 'S-1-5-21-1333368235-828418111-1849936505-3782'
 'S-1-5-21-1333368235-828418111-1849936505-3600'
 'S-1-5-21-1333368235-828418111-1849936505-3890'
 'S-1-5-21-1333368235-828418111-1849936505-3635'
 'S-1-5-21-1333368235-828418111-1849936505-4033'
 'S-1-5-21-1333368235-828418111-1849936505-3962']",1051.0,,,,0.154535274356103,0.832183908045977,0.8333333333333334,0.011171032357473,1.0,83.0,0.1157601115760111,541.7351575555324,-10.264842444467604,0.5614307576160928,2.9469836596688976,0.4030040373494823,0.577637566777321,0,0,0.6898898781899802,True,1.2058760120405168,False,-5.726346358091979,False,4.3378738628674745,0.2170678336980306,False
383,0.0,0.0,219.0,0.0,56.0,0.0,False,User Group Created by Badblood github.com/davidprowe/badblood,"CN=FE-604298272-DISTLIST1,OU=AZR,OU=PEOPLE,DC=MYLAB,DC=LOCAL",False,False,MYLAB.LOCAL,S-1-5-21-1333368235-828418111-1849936505,False,2025-03-16T21:35:36.886857315Z,COMMUNICATIONS-MEMBERS-01@MYLAB.LOCAL,S-1-5-21-1333368235-828418111-1849936505-3963,FE-604298272-distlist1,1742159248.0,0.0,0.0,0.0,False,0.0,0.0,0,0,[],275.0,,,,0.0,0.503448275862069,0.0,0.0215716486902927,1.0,0.0,0.0,216.5491226503493,216.5491226503493,0.2672105911472913,1.5250199245523617,0.2085485559502747,0.1511420845516301,0,0,0.3171221663623031,False,0.961276449862001,False,-5.932108375003381,False,1.0174216573216093,0.7111597374179431,False
384,0.0,15.0,135.0,0.0,28.0,0.0,False,User Group Created by Badblood github.com/davidprowe/badblood,"CN=LO-M19-DISTLIST1,OU=SERVICEACCOUNTS,OU=BDE,OU=TIER 1,DC=MYLAB,DC=LOCAL",False,False,MYLAB.LOCAL,S-1-5-21-1333368235-828418111-1849936505,False,2025-03-16T21:35:36.886857315Z,PASSWORD-RESET-OPERATORS@MYLAB.LOCAL,S-1-5-21-1333368235-828418111-1849936505-3964,LO-m19-distlist1,1742159248.0,0.0,0.0,0.0,False,6.0,11.0,0,0,[],247.0,,,,0.0,0.503448275862069,0.0,0.0107858243451463,1.0,340.0,0.0,308.49388081288686,293.49388081288686,0.1673988377306989,1.5142341002072153,0.2070735797511449,0.1357530723063732,0,0,0.3302460796412379,False,1.15803826567532,False,-5.4556328185917184,False,2.075319932052559,0.3150984682713348,False
385,0.0,0.0,217.0,0.0,29.0,0.0,False,User Group Created by Badblood github.com/davidprowe/badblood,"CN=FR-COM-ADMINGROUP1,OU=SERVICEACCOUNTS,OU=GOO,OU=STAGE,DC=MYLAB,DC=LOCAL",False,False,MYLAB.LOCAL,S-1-5-21-1333368235-828418111-1849936505,False,2025-03-16T21:35:36.886857315Z,CUSTOMER-SERVICE-GROUP-02@MYLAB.LOCAL,S-1-5-21-1333368235-828418111-1849936505-3965,FR-com-admingroup1,1742159248.0,0.0,0.0,0.0,False,0.0,0.0,0,0,[],246.0,,,,0.0,0.4988505747126436,0.0,0.011171032357473,1.0,0.0,0.0,370.2112821897231,370.2112821897231,0.0678820086205039,1.5100216070701165,0.2064975155656554,0.1352034647261855,0,0,0.3246257856513217,False,1.1202223111688,False,-5.498416577562715,False,1.9917231096629924,0.3636761487964989,False
387,0.0,0.0,218.0,0.0,25.0,0.0,False,User Group Created by Badblood github.com/davidprowe/badblood,"CN=EL-MAD-DISTLIST1,OU=T1-PERMISSIONS,OU=TIER 1,OU=ADMIN,DC=MYLAB,DC=LOCAL",False,False,MYLAB.LOCAL,S-1-5-21-1333368235-828418111-1849936505,False,2025-03-16T21:35:36.886857315Z,SALES-GROUP-01@MYLAB.LOCAL,S-1-5-21-1333368235-828418111-1849936505-3967,EL-mad-distlist1,1742159249.0,0.0,0.0,0.0,False,0.0,0.0,0,0,[],243.0,,,,0.0,0.5011494252873563,0.0,0.0096302003081664,1.0,0.0,0.0,226.37819820475917,226.37819820475917,0.2544604404030725,1.5107796255955228,0.2066011756335089,0.1335546419856222,0,0,0.3198331629916257,False,0.9637497308610146,False,-5.85380195329708,False,1.0705885885696858,0.6582056892778995,False
388,0.0,0.0,268.0,0.0,24.0,0.0,False,User Group Created by Badblood github.com/davidprowe/badblood,"CN=TH-DAMEDE_GL-ADMINGROUP1,OU=TEST,OU=ITS,OU=STAGE,DC=MYLAB,DC=LOCAL",False,False,MYLAB.LOCAL,S-1-5-21-1333368235-828418111-1849936505,False,2025-03-16T21:35:36.886857315Z,TH-DAMEDE_GL-ADMINGROUP1@MYLAB.LOCAL,S-1-5-21-1333368235-828418111-1849936505-3968,TH-damede_gl-admingroup1,1742159249.0,0.0,0.0,0.0,False,0.0,0.0,0,0,[],292.0,,,,0.0,0.6160919540229886,0.0,0.0092449922958397,1.0,0.0,0.0,332.12633840507766,332.12633840507766,0.1172853092311566,1.6253369463188283,0.2222670455842838,0.1604854134148218,0,0,0.3254344949809004,False,0.972668635462744,False,-5.729562406076155,False,1.5866006093548133,0.5422319474835886,False
389,0.0,0.0,376.0,0.0,29.0,0.0,False,User Group Created by Badblood github.com/davidprowe/badblood,"CN=DA-13021987P-ADMINGROUP1,OU=FSR,OU=PEOPLE,DC=MYLAB,DC=LOCAL",False,False,MYLAB.LOCAL,S-1-5-21-1333368235-828418111-1849936505,False,2025-03-16T21:35:36.886857315Z,COMPLIANCE-EMPLOYEES@MYLAB.LOCAL,S-1-5-21-1333368235-828418111-1849936505-3969,DA-13021987p-admingroup1,1742159249.0,0.0,0.0,0.0,False,0.0,0.0,0,0,[],405.0,,,,0.0,0.864367816091954,0.0,0.011171032357473,1.0,0.0,0.0,279.53856941516034,279.53856941516034,0.1855014886889263,1.8755388484494269,0.2564824971631637,0.2225910699760371,0,0,0.385990015437439,False,0.9896442235290122,False,-5.379287596363038,False,4.98657059341384,0.3107221006564551,False
390,0.0,7.0,218.0,0.0,27.0,0.0,False,User Group Created by Badblood github.com/davidprowe/badblood,"CN=YV-SIM-DISTLIST1,OU=SERVICEACCOUNTS,OU=ITS,OU=TIER 1,DC=MYLAB,DC=LOCAL",False,False,MYLAB.LOCAL,S-1-5-21-1333368235-828418111-1849936505,False,2025-03-16T21:35:39.799Z,HR-USERS@MYLAB.LOCAL,S-1-5-21-1333368235-828418111-1849936505-3970,YV-sim-distlist1,1742159250.0,0.0,0.0,0.0,False,12.0,15.0,"                               label       kind  \
id                                                
1002               USERS@MYLAB.LOCAL  Container   
1007    YV-SIM-DISTLIST1@MYLAB.LOCAL      Group   
1013    DOMAIN COMPUTERS@MYLAB.LOCAL      Group   
1019         LOUIS_TYLER@MYLAB.LOCAL       User   
128        DOMAIN ADMINS@MYLAB.LOCAL      Group   
2449         KELLY_BARRY@MYLAB.LOCAL       User   
406      CHRISTIE_WILSON@MYLAB.LOCAL       User   
477        JENNA_HARDING@MYLAB.LOCAL       User   
77       OGCWAPPS1000001.MYLAB.LOCAL   Computer   
869     DA-EST-DISTLIST1@MYLAB.LOCAL      Group   
872     RO-ARJ-DISTLIST1@MYLAB.LOCAL      Group   
879   JA-CUC-ADMINGROUP1@MYLAB.LOCAL      Group   

                                           objectId  isTierZero  \
id                                                                
1002           643CE9DD-6D50-4B82-8DA1-994C82A16D6C       False   
1007  S-1-5-21-1333368235-828418111-1849936505-3970       False   
1013   S-1-5-21-1333368235-828418111-1849936505-515       False   
1019  S-1-5-21-1333368235-828418111-1849936505-3276        True   
128    S-1-5-21-1333368235-828418111-1849936505-512        True   
2449  S-1-5-21-1333368235-828418111-1849936505-3133       False   
406   S-1-5-21-1333368235-828418111-1849936505-1376       False   
477   S-1-5-21-1333368235-828418111-1849936505-1447        True   
77    S-1-5-21-1333368235-828418111-1849936505-4169       False   
869   S-1-5-21-1333368235-828418111-1849936505-3782       False   
872   S-1-5-21-1333368235-828418111-1849936505-3635       False   
879   S-1-5-21-1333368235-828418111-1849936505-3831       False   

      isOwnedObject                        lastSeen  
id                                                   
1002          False        2025-03-16T21:35:40.053Z  
1007          False        2025-03-16T21:35:39.799Z  
1013          False  2025-03-16T21:35:36.886857315Z  
1019          False        2025-03-16T21:35:40.117Z  
128           False        2025-03-16T21:35:40.428Z  
2449          False        2025-03-16T21:35:40.117Z  
406           False        2025-03-16T21:35:40.117Z  
477           False  2025-03-16T21:35:31.048103438Z  
77            False  2025-03-16T21:35:30.314409114Z  
869           False        2025-03-16T21:35:39.799Z  
872           False        2025-03-16T21:35:39.799Z  
879           False  2025-03-16T21:35:36.886857315Z  ","   source target       label        kind                        lastSeen
0    1007     77  GenericAll  GenericAll  2025-03-16T21:35:30.314791875Z
1      77   1013    MemberOf    MemberOf  2025-03-16T21:35:30.314791875Z
2    1013    879    MemberOf    MemberOf   2025-03-16T21:35:36.88777499Z
3     879   2449  GenericAll  GenericAll  2025-03-16T21:35:35.889597893Z
4    2449    869    MemberOf    MemberOf   2025-03-16T21:35:36.88777499Z
5     869    477  GenericAll  GenericAll  2025-03-16T21:35:31.049135433Z
6     477    128    MemberOf    MemberOf   2025-03-16T21:35:36.88777499Z
7     869   1019  GenericAll  GenericAll  2025-03-16T21:35:35.889597893Z
8    1019    128    MemberOf    MemberOf   2025-03-16T21:35:36.88777499Z
9     879    406  GenericAll  GenericAll  2025-03-16T21:35:31.049135433Z
10    406    872    MemberOf    MemberOf   2025-03-16T21:35:36.88777499Z
11    872   1002  GenericAll  GenericAll  2025-03-16T21:35:38.232994191Z
12   1002    128    Contains    Contains   2025-03-16T21:35:36.88777499Z
13    872    477  GenericAll  GenericAll  2025-03-16T21:35:31.049135433Z
14    872   1019  GenericAll  GenericAll  2025-03-16T21:35:35.889597893Z","['643CE9DD-6D50-4B82-8DA1-994C82A16D6C'
 'S-1-5-21-1333368235-828418111-1849936505-3970'
 'S-1-5-21-1333368235-828418111-1849936505-515'
 'S-1-5-21-1333368235-828418111-1849936505-3276'
 'S-1-5-21-1333368235-828418111-1849936505-512'
 'S-1-5-21-1333368235-828418111-1849936505-3133'
 'S-1-5-21-1333368235-828418111-1849936505-1376'
 'S-1-5-21-1333368235-828418111-1849936505-1447'
 'S-1-5-21-1333368235-828418111-1849936505-4169'
 'S-1-5-21-1333368235-828418111-1849936505-3782'
 'S-1-5-21-1333368235-828418111-1849936505-3635'
 'S-1-5-21-1333368235-828418111-1849936505-3831']",273.0,,,,0.0019596864501679,0.5011494252873563,0.5,0.0104006163328197,1.0,6.0,0.00836820083682,291.3232466191281,284.3232466191281,0.1792948667868649,2.021877928907164,0.2764945661317119,0.1500428693912546,0,0,0.4627071687218141,False,1.7055125028086655,False,-5.931323300120477,False,1.0161163102121638,0.3938730853391685,False
391,0.0,0.0,219.0,0.0,73.0,0.0,False,User Group Created by Badblood github.com/davidprowe/badblood,"CN=RO-FUT-DISTLIST1,OU=TST,OU=TIER 2,DC=MYLAB,DC=LOCAL",False,False,MYLAB.LOCAL,S-1-5-21-1333368235-828418111-1849936505,False,2025-03-16T21:35:36.886857315Z,OPERATIONS-EMPLOYEES@MYLAB.LOCAL,S-1-5-21-1333368235-828418111-1849936505-3971,RO-fut-distlist1,1742159250.0,0.0,0.0,0.0,False,0.0,0.0,0,0,[],292.0,,,,0.0,0.503448275862069,0.0,0.0281201848998459,1.0,0.0,0.0,247.5906751725622,247.5906751725622,0.2269438873457084,1.5315684607619149,0.2094440772140322,0.1604854134148218,0,0,0.3172432477481229,False,1.0072816190311022,False,-5.891143020207146,False,1.4498480684777448,0.6,False
394,0.0,54.0,221.0,0.0,142.0,3.0,False,User Group Created by Badblood github.com/davidprowe/badblood,"CN=AB-180389141-DISTLIST1,OU=GROUPS,OU=HRE,OU=TIER 2,DC=MYLAB,DC=LOCAL",False,False,MYLAB.LOCAL,S-1-5-21-1333368235-828418111-1849936505,False,2025-03-16T21:35:36.886857315Z,PRINTER-USERS-FLOOR2@MYLAB.LOCAL,S-1-5-21-1333368235-828418111-1849936505-3974,AB-180389141-distlist1,1742159251.0,0.0,0.0,0.0,False,0.0,0.0,0,0,[],429.0,,,,0.01511758118701,0.5080459770114942,0.0,0.0546995377503852,1.0,12.0,0.0167364016736401,279.2769897267564,225.27698972675643,0.255888913916947,1.5945994976225295,0.2180636575261964,0.235781651900543,0,0,0.45249807908497,False,1.021103438024403,False,-6.1248262319096085,False,2.7397099713211155,0.4135667396061269,False
396,0.0,0.0,217.0,0.0,31.0,2.0,False,User Group Created by Badblood github.com/davidprowe/badblood,"CN=GI-ROAD205DE-DISTLIST1,OU=DEVICES,OU=AWS,OU=STAGE,DC=MYLAB,DC=LOCAL",False,False,MYLAB.LOCAL,S-1-5-21-1333368235-828418111-1849936505,False,2025-03-16T21:35:36.886857315Z,SALES-EMPLOYEES-01@MYLAB.LOCAL,S-1-5-21-1333368235-828418111-1849936505-3976,GI-road205de-distlist1,1742159251.0,0.0,0.0,0.0,False,0.0,0.0,0,0,[],248.0,,,,0.0,0.4988505747126436,0.0,0.0119414483821263,1.0,0.0,0.0,351.36531565010887,351.36531565010887,0.0923287547026192,1.51079202309477,0.2066028710084504,0.136302679886561,0,0,0.317878905578651,False,1.0087413798569973,False,-5.642414059244032,False,1.6214783745439976,0.512910284463895,False
397,0.0,0.0,385.0,0.0,354.0,0.0,False,User Group Created by Badblood github.com/davidprowe/badblood,"CN=DI-MANTE2009-DISTLIST1,OU=GROUPS,OU=GOO,OU=STAGE,DC=MYLAB,DC=LOCAL",False,False,MYLAB.LOCAL,S-1-5-21-1333368235-828418111-1849936505,False,2025-03-16T21:35:36.886857315Z,MARKETING-ANNOUNCE-01@MYLAB.LOCAL,S-1-5-21-1333368235-828418111-1849936505-3977,DI-mante2009-distlist1,1742159251.0,0.0,0.0,0.0,False,0.0,0.0,0,0,[],739.0,,,,0.0,0.8850574712643678,0.0,0.1363636363636363,1.0,0.0,0.0,319.7254421703453,319.7254421703453,0.1333715927764401,2.0214211076280044,0.276432095198341,0.4061600017587442,0,-1,0.5988017863321633,True,3.028106583813246,False,-4.252492685541901,True,12.385397034325756,0.2253829321663019,False
398,0.0,0.0,369.0,0.0,34.0,0.0,False,User Group Created by Badblood github.com/davidprowe/badblood,"CN=JE-MICASANUE-DISTLIST1,OU=DEVICES,OU=GOO,OU=TIER 2,DC=MYLAB,DC=LOCAL",False,False,MYLAB.LOCAL,S-1-5-21-1333368235-828418111-1849936505,False,2025-03-16T21:35:36.886857315Z,FINANCE-USERS@MYLAB.LOCAL,S-1-5-21-1333368235-828418111-1849936505-3978,JE-micasanue-distlist1,1742159251.0,0.0,0.0,0.0,False,0.0,0.0,0,0,[],403.0,,,,0.0,0.8482758620689655,0.0,0.0130970724191063,1.0,0.0,0.0,370.4301003122756,370.4301003122756,0.0675981605584286,1.861372934488072,0.254545289096047,0.2214918548156616,0,0,0.3824362471262157,False,1.0033228705947463,False,-5.686916881146349,False,4.520419565892165,0.349671772428884,False
401,0.0,0.0,218.0,0.0,21.0,0.0,False,User Group Created by Badblood github.com/davidprowe/badblood,"CN=MA-KIK-DISTLIST1,OU=TEST,OU=SEC,OU=TIER 1,DC=MYLAB,DC=LOCAL",False,False,MYLAB.LOCAL,S-1-5-21-1333368235-828418111-1849936505,False,2025-03-16T21:35:36.886857315Z,HR-ALL-02@MYLAB.LOCAL,S-1-5-21-1333368235-828418111-1849936505-3981,MA-KIK-distlist1,1742159252.0,0.0,0.0,0.0,False,0.0,0.0,0,0,[],239.0,,,,0.0,0.5011494252873563,0.0,0.0080893682588597,1.0,0.0,0.0,345.9566999815911,345.9566999815911,0.0993447415784354,1.5092387935462162,0.2063904647479189,0.1313562116648712,0,0,0.3972317194110312,False,0.980475824711312,False,-5.315343507271713,False,7.383662721550502,0.2888402625820568,False
402,0.0,0.0,219.0,0.0,30.0,0.0,False,User Group Created by Badblood github.com/davidprowe/badblood,"CN=TE-101236179-DISTLIST1,OU=T0-PERMISSIONS,OU=TIER 0,OU=ADMIN,DC=MYLAB,DC=LOCAL",False,False,MYLAB.LOCAL,S-1-5-21-1333368235-828418111-1849936505,False,2025-03-16T21:35:36.886857315Z,FINANCE-DEPARTMENT-02@MYLAB.LOCAL,S-1-5-21-1333368235-828418111-1849936505-3982,TE-101236179-distlist1,1742159252.0,0.0,0.0,0.0,False,0.0,0.0,0,0,[],249.0,,,,0.0,0.503448275862069,0.0,0.0115562403697996,1.0,0.0,0.0,313.39346755479914,313.39346755479914,0.1415853490355991,1.5150045162318686,0.2071789351939398,0.1368522874667487,0,0,0.3300770271769444,False,1.1073108507456555,False,-6.0198853756493484,False,0.8153996741727292,0.5676148796498907,False
403,0.0,0.0,275.0,0.0,32.0,0.0,False,User Group Created by Badblood github.com/davidprowe/badblood,"CN=BO-10THOCTOB-DISTLIST1,OU=GROUPS,OU=BDE,OU=TIER 2,DC=MYLAB,DC=LOCAL",False,False,MYLAB.LOCAL,S-1-5-21-1333368235-828418111-1849936505,False,2025-03-16T21:35:36.886857315Z,PROCUREMENT-EMPLOYEES-04@MYLAB.LOCAL,S-1-5-21-1333368235-828418111-1849936505-3983,BO-10thoctob-distlist1,1742159252.0,0.0,0.0,0.0,False,0.0,0.0,0,0,[],307.0,,,,0.0,0.632183908045977,0.0,0.012326656394453,1.0,0.0,0.0,370.9427197717836,370.9427197717836,0.066933197170268,1.64451056444043,0.2248890640295679,0.168729527117638,0,0,0.3339068783042974,False,1.0396681325193893,False,-5.922949782890821,False,1.451215980375956,0.5072210065645514,False
404,0.0,1250.0,210.0,0.0,6.0,0.0,False,User Group Created by Badblood github.com/davidprowe/badblood,"CN=JA-PRI-DISTLIST1,OU=DEVICES,OU=SEC,OU=TIER 1,DC=MYLAB,DC=LOCAL",False,False,MYLAB.LOCAL,S-1-5-21-1333368235-828418111-1849936505,False,2025-03-16T21:35:36.886857315Z,MARKETING-TEAM-LEADS@MYLAB.LOCAL,S-1-5-21-1333368235-828418111-1849936505-3984,JA-pri-distlist1,1742159252.0,0.0,0.0,0.0,False,5.0,9.0,0,0,[],269.0,,,,0.0,0.503448275862069,0.0,0.0192604006163328,1.0,175.0,0.0,1277.4370724211435,27.43707242114374,0.5125243172065899,1.522708676478402,0.2082324896218898,0.1478444390705036,0,0,0.317187865546313,False,1.1200352103246431,False,-5.920787105741774,False,0.9611798733927034,0.5982494529540481,False
405,0.0,0.0,219.0,0.0,140.0,0.0,False,User Group Created by Badblood github.com/davidprowe/badblood,"CN=29-456-DISTLIST1,OU=T0-PERMISSIONS,OU=TIER 0,OU=ADMIN,DC=MYLAB,DC=LOCAL",False,False,MYLAB.LOCAL,S-1-5-21-1333368235-828418111-1849936505,False,2025-03-16T21:35:36.886857315Z,29-456-DISTLIST1@MYLAB.LOCAL,S-1-5-21-1333368235-828418111-1849936505-3985,29-456-distlist1,1742159253.0,0.0,0.0,0.0,False,0.0,0.0,0,0,[],359.0,,,,0.0,0.503448275862069,0.0,0.0539291217257318,1.0,0.0,0.0,330.54565157051366,330.54565157051366,0.1193357559195077,1.5573773975878007,0.2129734845476644,0.1973091212874008,0,0,0.3251937058458171,False,0.9998808978042932,False,-6.060723138520906,False,2.754455396663026,0.5225382932166301,False
406,0.0,0.0,217.0,0.0,42.0,0.0,False,User Group Created by Badblood github.com/davidprowe/badblood,"CN=AH-675-DISTLIST1,OU=AZR,OU=STAGE,DC=MYLAB,DC=LOCAL",False,False,MYLAB.LOCAL,S-1-5-21-1333368235-828418111-1849936505,False,2025-03-16T21:35:36.886857315Z,LOGISTICS-ALL@MYLAB.LOCAL,S-1-5-21-1333368235-828418111-1849936505-3986,AH-675-distlist1,1742159253.0,0.0,0.0,0.0,False,0.0,0.0,0,0,[],259.0,,,,0.0,0.4988505747126436,0.0,0.0161787365177195,1.0,0.0,0.0,280.94788646605804,280.94788646605804,0.1836733406860065,1.515029311230363,0.2071823259438229,0.1423483632686262,0,0,0.3978812729030104,False,1.1073570478755812,False,-5.429613251760006,False,7.342045641148768,0.2214442013129103,False
407,0.0,0.0,217.0,0.0,28.0,0.0,False,User Group Created by Badblood github.com/davidprowe/badblood,"CN=MA-592-DISTLIST1,OU=GROUPS,OU=FIN,OU=TIER 1,DC=MYLAB,DC=LOCAL",False,False,MYLAB.LOCAL,S-1-5-21-1333368235-828418111-1849936505,False,2025-03-16T21:35:36.886857315Z,PRODUCT-ALL-02@MYLAB.LOCAL,S-1-5-21-1333368235-828418111-1849936505-3987,MA-592-distlist1,1742159253.0,0.0,0.0,0.0,False,0.0,0.0,0,0,[],245.0,,,,0.0,0.4988505747126436,0.0,0.0107858243451463,1.0,0.0,0.0,296.96285602001547,296.96285602001547,0.162898927584113,1.50963639905779,0.206444837844258,0.1346538571459977,0,0,0.3147108806012097,False,1.0309855776389147,False,-5.67760074374848,False,1.5140452225275696,0.5409190371991247,False
408,0.0,0.0,219.0,0.0,113.0,10.0,False,User Group Created by Badblood github.com/davidprowe/badblood,"CN=ER-CAS-ADMINGROUP1,OU=SERVICEACCOUNTS,OU=ESM,OU=STAGE,DC=MYLAB,DC=LOCAL",False,False,MYLAB.LOCAL,S-1-5-21-1333368235-828418111-1849936505,False,2025-03-16T21:35:40.097Z,CUSTOMER-SERVICE-GROUP-03@MYLAB.LOCAL,S-1-5-21-1333368235-828418111-1849936505-3988,ER-cas-admingroup1,1742159254.0,0.0,0.0,0.0,False,0.0,0.0,0,0,[],332.0,,,,0.0,0.503448275862069,0.0,0.0435285053929121,1.0,0.0,0.0,263.2685969206393,263.2685969206393,0.2066066883347227,1.546976781254981,0.211551186069932,0.1824697166223316,0,0,0.3231874485334537,False,1.0336281655882398,False,-5.963062019342341,False,2.2069086946976544,0.5032822757111598,False
409,0.0,63.0,219.0,0.0,20.0,0.0,False,User Group Created by Badblood github.com/davidprowe/badblood,"CN=DE-MOM-DISTLIST1,OU=DEVICES,OU=SEC,OU=TIER 2,DC=MYLAB,DC=LOCAL",False,False,MYLAB.LOCAL,S-1-5-21-1333368235-828418111-1849936505,False,2025-03-16T21:35:36.886857315Z,ANALYTICS-ANNOUNCE-01@MYLAB.LOCAL,S-1-5-21-1333368235-828418111-1849936505-3989,DE-mom-distlist1,1742159254.0,0.0,0.0,0.0,False,16.0,27.0,"                                   label       kind  \
id                                                    
1002                   USERS@MYLAB.LOCAL  Container   
1019             LOUIS_TYLER@MYLAB.LOCAL       User   
128            DOMAIN ADMINS@MYLAB.LOCAL      Group   
1323           LIZZIE_SUAREZ@MYLAB.LOCAL       User   
2684         SHARON_MCKENZIE@MYLAB.LOCAL       User   
322           BRITTNEY_JOHNS@MYLAB.LOCAL       User   
439                 ELI_WEBB@MYLAB.LOCAL       User   
477            JENNA_HARDING@MYLAB.LOCAL       User   
588           PATSY_ODONNELL@MYLAB.LOCAL       User   
662            ANGIE_EDWARDS@MYLAB.LOCAL       User   
787            SPENCER_BURKE@MYLAB.LOCAL       User   
869         DA-EST-DISTLIST1@MYLAB.LOCAL      Group   
870         DE-DAS-DISTLIST1@MYLAB.LOCAL      Group   
871   MA-VACACIONE-DISTLIST1@MYLAB.LOCAL      Group   
877         TA-24D-DISTLIST1@MYLAB.LOCAL      Group   
884         DE-MOM-DISTLIST1@MYLAB.LOCAL      Group   

                                           objectId  isTierZero  \
id                                                                
1002           643CE9DD-6D50-4B82-8DA1-994C82A16D6C       False   
1019  S-1-5-21-1333368235-828418111-1849936505-3276        True   
128    S-1-5-21-1333368235-828418111-1849936505-512        True   
1323  S-1-5-21-1333368235-828418111-1849936505-1966       False   
2684  S-1-5-21-1333368235-828418111-1849936505-3376       False   
322   S-1-5-21-1333368235-828418111-1849936505-1292       False   
439   S-1-5-21-1333368235-828418111-1849936505-1409       False   
477   S-1-5-21-1333368235-828418111-1849936505-1447        True   
588   S-1-5-21-1333368235-828418111-1849936505-1558       False   
662   S-1-5-21-1333368235-828418111-1849936505-1632       False   
787   S-1-5-21-1333368235-828418111-1849936505-1757       False   
869   S-1-5-21-1333368235-828418111-1849936505-3782       False   
870   S-1-5-21-1333368235-828418111-1849936505-3600       False   
871   S-1-5-21-1333368235-828418111-1849936505-3890       False   
877   S-1-5-21-1333368235-828418111-1849936505-4033       False   
884   S-1-5-21-1333368235-828418111-1849936505-3989       False   

      isOwnedObject                        lastSeen  
id                                                   
1002          False        2025-03-16T21:35:40.053Z  
1019          False        2025-03-16T21:35:40.117Z  
128           False        2025-03-16T21:35:40.428Z  
1323          False        2025-03-16T21:35:40.117Z  
2684          False        2025-03-16T21:35:40.117Z  
322           False        2025-03-16T21:35:40.117Z  
439           False        2025-03-16T21:35:40.117Z  
477           False  2025-03-16T21:35:31.048103438Z  
588           False        2025-03-16T21:35:40.117Z  
662           False  2025-03-16T21:35:31.202488933Z  
787           False  2025-03-16T21:35:31.202488933Z  
869           False        2025-03-16T21:35:39.799Z  
870           False        2025-03-16T21:35:39.799Z  
871           False        2025-03-16T21:35:39.799Z  
877           False        2025-03-16T21:35:40.428Z  
884           False  2025-03-16T21:35:36.886857315Z  ","   source target       label        kind                        lastSeen
0     884    439  GenericAll  GenericAll  2025-03-16T21:35:31.049135433Z
1     439    787  GenericAll  GenericAll  2025-03-16T21:35:31.203879153Z
2     787   1019  GenericAll  GenericAll  2025-03-16T21:35:35.889597893Z
3    1019    128    MemberOf    MemberOf   2025-03-16T21:35:36.88777499Z
4     884   1323  GenericAll  GenericAll  2025-03-16T21:35:31.203879153Z
5    1323    870    MemberOf    MemberOf   2025-03-16T21:35:36.88777499Z
6     870   1002  GenericAll  GenericAll  2025-03-16T21:35:38.232994191Z
7    1002    128    Contains    Contains   2025-03-16T21:35:36.88777499Z
8     439    662  GenericAll  GenericAll  2025-03-16T21:35:31.203879153Z
9     662    477  GenericAll  GenericAll  2025-03-16T21:35:31.049135433Z
10    477    128    MemberOf    MemberOf   2025-03-16T21:35:36.88777499Z
11    884    322  GenericAll  GenericAll  2025-03-16T21:35:31.049135433Z
12    322    871    MemberOf    MemberOf   2025-03-16T21:35:36.88777499Z
13    871   1002  GenericAll  GenericAll  2025-03-16T21:35:38.232994191Z
14    871   1019  GenericAll  GenericAll  2025-03-16T21:35:35.889597893Z
15    662   1019  GenericAll  GenericAll  2025-03-16T21:35:35.889597893Z
16    884    588  GenericAll  GenericAll  2025-03-16T21:35:31.049135433Z
17    588    869    MemberOf    MemberOf   2025-03-16T21:35:36.88777499Z
18    869   1019  GenericAll  GenericAll  2025-03-16T21:35:35.889597893Z
19    884   2684  GenericAll  GenericAll  2025-03-16T21:35:35.889597893Z
20   2684    877    MemberOf    MemberOf   2025-03-16T21:35:36.88777499Z
21    877   1019  GenericAll  GenericAll  2025-03-16T21:35:35.889597893Z
22    787    477  GenericAll  GenericAll  2025-03-16T21:35:31.049135433Z
23    871    477  GenericAll  GenericAll  2025-03-16T21:35:31.049135433Z
24    870    477  GenericAll  GenericAll  2025-03-16T21:35:31.049135433Z
25    870   1019  GenericAll  GenericAll  2025-03-16T21:35:35.889597893Z
26    869    477  GenericAll  GenericAll  2025-03-16T21:35:31.049135433Z","['643CE9DD-6D50-4B82-8DA1-994C82A16D6C'
 'S-1-5-21-1333368235-828418111-1849936505-3276'
 'S-1-5-21-1333368235-828418111-1849936505-512'
 'S-1-5-21-1333368235-828418111-1849936505-1966'
 'S-1-5-21-1333368235-828418111-1849936505-3376'
 'S-1-5-21-1333368235-828418111-1849936505-1292'
 'S-1-5-21-1333368235-828418111-1849936505-1409'
 'S-1-5-21-1333368235-828418111-1849936505-1447'
 'S-1-5-21-1333368235-828418111-1849936505-1558'
 'S-1-5-21-1333368235-828418111-1849936505-1632'
 'S-1-5-21-1333368235-828418111-1849936505-1757'
 'S-1-5-21-1333368235-828418111-1849936505-3782'
 'S-1-5-21-1333368235-828418111-1849936505-3600'
 'S-1-5-21-1333368235-828418111-1849936505-3890'
 'S-1-5-21-1333368235-828418111-1849936505-4033'
 'S-1-5-21-1333368235-828418111-1849936505-3989']",334.0,,,,0.0176371780515117,0.503448275862069,0.9,0.0077041602465331,1.0,5.0,0.00697350069735,337.6727009367546,274.6727009367546,0.1918134308708521,2.435763114857464,0.3330939301593538,0.1835689317827071,0,0,0.5496876847196525,False,2.105465392422003,False,-5.870973319740998,False,1.33884141554462,0.3234135667396061,False
410,0.0,890.0,198.0,0.0,22.0,0.0,False,User Group Created by Badblood github.com/davidprowe/badblood,"CN=CH-407-ADMINGROUP1,OU=ESM,OU=TIER 1,DC=MYLAB,DC=LOCAL",False,False,MYLAB.LOCAL,S-1-5-21-1333368235-828418111-1849936505,False,2025-03-16T21:35:36.886857315Z,INTERNS-SUMMER-2024@MYLAB.LOCAL,S-1-5-21-1333368235-828418111-1849936505-3990,CH-407-admingroup1,1742159254.0,0.0,0.0,0.0,False,7.0,12.0,0,0,[],242.0,,,,0.0,0.4988505747126436,0.0,0.0096302003081664,1.0,145.0,0.0,837.5654887713885,-52.43451122861154,0.6161327111065596,1.50848077502081,0.2062868046800655,0.1330050344054345,0,0,0.3175050620607452,False,0.9621044151334608,False,-5.605120518863539,False,1.6943273361490654,0.5527352297592999,False
411,0.0,0.0,218.0,0.0,27.0,3.0,False,User Group Created by Badblood github.com/davidprowe/badblood,"CN=LA-MONSTRUOS-ADMINGROUP1,OU=DEVICES,OU=BDE,OU=TIER 1,DC=MYLAB,DC=LOCAL",False,False,MYLAB.LOCAL,S-1-5-21-1333368235-828418111-1849936505,False,2025-03-16T21:35:40.097Z,AUDIT-ANNOUNCE-01@MYLAB.LOCAL,S-1-5-21-1333368235-828418111-1849936505-3991,LA-monstruos-admingroup1,1742159255.0,0.0,0.0,0.0,False,0.0,0.0,0,0,[],245.0,,,,0.0,0.5011494252873563,0.0,0.0104006163328197,1.0,0.0,0.0,328.5328320322848,328.5328320322848,0.1219467596086403,1.511550041620176,0.2067065310763039,0.1346538571459977,0,0,0.3205070090308555,False,0.9980366948761226,False,-5.58226729696934,False,1.7492794508416334,0.4730853391684901,False
412,0.0,0.0,217.0,0.0,25.0,0.0,False,User Group Created by Badblood github.com/davidprowe/badblood,"CN=SC-GLAMORAMA-DISTLIST1,OU=GROUPS,OU=OGC,OU=STAGE,DC=MYLAB,DC=LOCAL",False,False,MYLAB.LOCAL,S-1-5-21-1333368235-828418111-1849936505,False,2025-03-16T21:35:36.886857315Z,AUDIT-EMPLOYEES-01@MYLAB.LOCAL,S-1-5-21-1333368235-828418111-1849936505-3992,SC-glamorama-distlist1,1742159255.0,0.0,0.0,0.0,False,0.0,0.0,0,0,[],242.0,,,,0.0,0.4988505747126436,0.0,0.0096302003081664,1.0,0.0,0.0,285.61939726657243,285.61939726657243,0.1776135167910643,1.50848077502081,0.2062868046800655,0.1330050344054345,0,0,0.3206204748526697,False,0.9989236748776392,False,-5.8800569873838135,False,1.044039219382173,0.6192560175054704,False
413,0.0,0.0,277.0,0.0,53.0,0.0,False,User Group Created by Badblood github.com/davidprowe/badblood,"CN=BO-LIV-ADMINGROUP1,OU=SERVICEACCOUNTS,OU=BDE,OU=TIER 2,DC=MYLAB,DC=LOCAL",False,False,MYLAB.LOCAL,S-1-5-21-1333368235-828418111-1849936505,False,2025-03-16T21:35:40.428Z,MARKETING-DEPARTMENT@MYLAB.LOCAL,S-1-5-21-1333368235-828418111-1849936505-3993,BO-Liv-admingroup1,1742159255.0,0.0,0.0,0.0,False,0.0,0.0,0,0,[],330.0,,,,0.0,0.6367816091954023,0.0,0.0204160246533127,1.0,0.0,0.0,345.68480669346286,345.68480669346286,0.0996974380645684,1.6571976338487149,0.2266240380858022,0.1813705014619561,0,0,0.327933585941999,False,1.0139214902407718,False,-5.808627327956694,False,1.8460879546156743,0.4695842450765863,False
417,0.0,0.0,219.0,0.0,25.0,0.0,False,User Group Created by Badblood github.com/davidprowe/badblood,"CN=SH-PIN-DISTLIST1,OU=TIER 2,DC=MYLAB,DC=LOCAL",False,False,MYLAB.LOCAL,S-1-5-21-1333368235-828418111-1849936505,False,2025-03-16T21:35:40.428Z,HR-ALL-03@MYLAB.LOCAL,S-1-5-21-1333368235-828418111-1849936505-3941,SH-pin-distlist1,1742159243.0,0.0,0.0,0.0,False,0.0,0.0,0,0,[],244.0,,,,0.0,0.503448275862069,0.0,0.0096302003081664,1.0,0.0,0.0,327.1443725523037,327.1443725523037,0.1237478514380805,1.5130784761702354,0.2069155465869524,0.13410424956581,0,0,0.318510868597909,False,0.972485306010363,False,-5.591461029405321,False,1.7042296501003342,0.5308533916849015,False
418,0.0,0.0,435.0,0.0,23.0,2.0,False,User Group Created by Badblood github.com/davidprowe/badblood,"CN=TO-BARRANCAS-DISTLIST1,OU=DEVICES,OU=FIN,OU=TIER 1,DC=MYLAB,DC=LOCAL",False,False,MYLAB.LOCAL,S-1-5-21-1333368235-828418111-1849936505,False,2025-03-16T21:35:40.428Z,LEGAL-STAFF-04@MYLAB.LOCAL,S-1-5-21-1333368235-828418111-1849936505-3997,TO-barrancas-distlist1,1742159256.0,0.0,0.0,0.0,False,0.0,0.0,0,0,[],458.0,,,,0.0,1.0,0.0,0.008859784283513,1.0,0.0,0.0,374.3260238384653,374.3260238384653,0.0625444185282759,2.008859784283513,0.2747143170879422,0.2517202717259876,0,0,0.4474716157036492,False,1.3358449637666714,False,-4.919121795867735,True,6.930579386372834,0.1185995623632385,False
420,0.0,0.0,220.0,0.0,43.0,0.0,False,User Group Created by Badblood github.com/davidprowe/badblood,"CN=WI-PEQ-ADMINGROUP1,OU=GROUPS,OU=AWS,OU=TIER 2,DC=MYLAB,DC=LOCAL",False,False,MYLAB.LOCAL,S-1-5-21-1333368235-828418111-1849936505,False,2025-03-16T21:35:40.428Z,LEGAL-CONTRIBUTORS@MYLAB.LOCAL,S-1-5-21-1333368235-828418111-1849936505-3999,WI-peq-admingroup1,1742159257.0,0.0,0.0,0.0,False,0.0,0.0,0,0,[],263.0,,,,0.0,0.5057471264367817,0.0,0.0165639445300462,1.0,0.0,0.0,326.25812991280503,326.25812991280503,0.124897474023339,1.5223110709668275,0.2081781165255507,0.1445467935893771,0,0,0.3164826642295156,False,1.371254898436587,False,-5.740798062864483,False,1.395399366334774,0.4739606126914661,False
421,0.0,0.0,221.0,0.0,58.0,0.0,False,User Group Created by Badblood github.com/davidprowe/badblood,"CN=BL-ASP-DISTLIST1,OU=SERVICEACCOUNTS,OU=FSR,OU=STAGE,DC=MYLAB,DC=LOCAL",False,False,MYLAB.LOCAL,S-1-5-21-1333368235-828418111-1849936505,False,2025-03-16T21:35:40.472Z,PROCUREMENT-GROUP@MYLAB.LOCAL,S-1-5-21-1333368235-828418111-1849936505-4000,BL-asp-distlist1,1742159257.0,0.0,0.0,0.0,False,0.0,0.0,0,0,[],279.0,,,,0.0,0.5080459770114942,0.0,0.022342064714946,1.0,0.0,0.0,224.694351068808,224.694351068808,0.2566447053112781,1.5303880417264404,0.2092826532999566,0.1533405148723811,0,0,0.4101248650552228,False,1.275175860394958,False,-5.489762804360637,False,7.330954032126052,0.187746170678337,False
422,0.0,1420.0,188.0,0.0,9.0,0.0,False,User Group Created by Badblood github.com/davidprowe/badblood,"CN=ER-110-DISTLIST1,OU=TST,OU=STAGE,DC=MYLAB,DC=LOCAL",False,False,MYLAB.LOCAL,S-1-5-21-1333368235-828418111-1849936505,False,2025-03-16T21:35:40.428Z,FINANCE-REPORT-VIEWERS@MYLAB.LOCAL,S-1-5-21-1333368235-828418111-1849936505-4001,ER-110-distlist1,1742159257.0,0.0,0.0,0.0,False,6.0,11.0,0,0,[],355.0,,,,0.0,0.5011494252873563,0.0,0.0527734976887519,1.0,210.0,0.0,1415.2463247242276,-4.753675275772366,0.5542817422495432,1.5539229229761082,0.2125010804300285,0.1951106909666498,0,0,0.3255978337742234,False,1.011373978483853,False,-6.053196198454354,False,2.689848584975356,0.5041575492341357,False
423,0.0,27.0,243.0,0.0,52.0,3.0,False,User Group Created by Badblood github.com/davidprowe/badblood,"CN=JE-CAR-DISTLIST1,OU=T2-ROLES,OU=TIER 2,OU=ADMIN,DC=MYLAB,DC=LOCAL",False,False,MYLAB.LOCAL,S-1-5-21-1333368235-828418111-1849936505,False,2025-03-16T21:35:40.428Z,PRINT-OPERATORS@MYLAB.LOCAL,S-1-5-21-1333368235-828418111-1849936505-4002,JE-car-distlist1,1742159258.0,0.0,0.0,0.0,False,14.0,27.0,"                                   label       kind  \
id                                                    
10            BDEWWKS1000000.MYLAB.LOCAL   Computer   
1002                   USERS@MYLAB.LOCAL  Container   
1003      HO-TAT-ADMINGROUP1@MYLAB.LOCAL      Group   
1019             LOUIS_TYLER@MYLAB.LOCAL       User   
128            DOMAIN ADMINS@MYLAB.LOCAL      Group   
19           GOOWSECS1000001.MYLAB.LOCAL   Computer   
3283        JE-CAR-DISTLIST1@MYLAB.LOCAL      Group   
477            JENNA_HARDING@MYLAB.LOCAL       User   
869         DA-EST-DISTLIST1@MYLAB.LOCAL      Group   
870         DE-DAS-DISTLIST1@MYLAB.LOCAL      Group   
871   MA-VACACIONE-DISTLIST1@MYLAB.LOCAL      Group   
872         RO-ARJ-DISTLIST1@MYLAB.LOCAL      Group   
877         TA-24D-DISTLIST1@MYLAB.LOCAL      Group   
95           ESMWCTRX1000000.MYLAB.LOCAL   Computer   

                                           objectId  isTierZero  \
id                                                                
10    S-1-5-21-1333368235-828418111-1849936505-4101       False   
1002           643CE9DD-6D50-4B82-8DA1-994C82A16D6C       False   
1003  S-1-5-21-1333368235-828418111-1849936505-3710       False   
1019  S-1-5-21-1333368235-828418111-1849936505-3276        True   
128    S-1-5-21-1333368235-828418111-1849936505-512        True   
19    S-1-5-21-1333368235-828418111-1849936505-4111       False   
3283  S-1-5-21-1333368235-828418111-1849936505-4002       False   
477   S-1-5-21-1333368235-828418111-1849936505-1447        True   
869   S-1-5-21-1333368235-828418111-1849936505-3782       False   
870   S-1-5-21-1333368235-828418111-1849936505-3600       False   
871   S-1-5-21-1333368235-828418111-1849936505-3890       False   
872   S-1-5-21-1333368235-828418111-1849936505-3635       False   
877   S-1-5-21-1333368235-828418111-1849936505-4033       False   
95    S-1-5-21-1333368235-828418111-1849936505-4186       False   

      isOwnedObject                        lastSeen  
id                                                   
10            False  2025-03-16T21:35:30.314409114Z  
1002          False        2025-03-16T21:35:40.053Z  
1003          False  2025-03-16T21:35:36.886857315Z  
1019          False        2025-03-16T21:35:40.117Z  
128           False        2025-03-16T21:35:40.428Z  
19            False        2025-03-16T21:35:40.395Z  
3283          False        2025-03-16T21:35:40.428Z  
477           False  2025-03-16T21:35:31.048103438Z  
869           False        2025-03-16T21:35:39.799Z  
870           False        2025-03-16T21:35:39.799Z  
871           False        2025-03-16T21:35:39.799Z  
872           False        2025-03-16T21:35:39.799Z  
877           False        2025-03-16T21:35:40.428Z  
95            False        2025-03-16T21:35:40.395Z  ","   source target       label        kind                        lastSeen
0    3283   1003    MemberOf    MemberOf   2025-03-16T21:35:36.88777499Z
1    1003     95  GenericAll  GenericAll  2025-03-16T21:35:30.314791875Z
2      95    869  GenericAll  GenericAll   2025-03-16T21:35:36.88777499Z
3     869    477  GenericAll  GenericAll  2025-03-16T21:35:31.049135433Z
4     477    128    MemberOf    MemberOf   2025-03-16T21:35:36.88777499Z
5      95    872  GenericAll  GenericAll   2025-03-16T21:35:36.88777499Z
6     872   1002  GenericAll  GenericAll  2025-03-16T21:35:38.232994191Z
7    1002    128    Contains    Contains   2025-03-16T21:35:36.88777499Z
8    1003     10  GenericAll  GenericAll  2025-03-16T21:35:30.314791875Z
9      10    869    MemberOf    MemberOf   2025-03-16T21:35:36.88777499Z
10    869   1019  GenericAll  GenericAll  2025-03-16T21:35:35.889597893Z
11   1019    128    MemberOf    MemberOf   2025-03-16T21:35:36.88777499Z
12     95    871  GenericAll  GenericAll   2025-03-16T21:35:36.88777499Z
13    871   1019  GenericAll  GenericAll  2025-03-16T21:35:35.889597893Z
14    872   1019  GenericAll  GenericAll  2025-03-16T21:35:35.889597893Z
15    871   1002  GenericAll  GenericAll  2025-03-16T21:35:38.232994191Z
16    872    477  GenericAll  GenericAll  2025-03-16T21:35:31.049135433Z
17     95    877  GenericAll  GenericAll   2025-03-16T21:35:36.88777499Z
18    877   1019  GenericAll  GenericAll  2025-03-16T21:35:35.889597893Z
19     95    870  GenericAll  GenericAll   2025-03-16T21:35:36.88777499Z
20    870   1019  GenericAll  GenericAll  2025-03-16T21:35:35.889597893Z
21    870   1002  GenericAll  GenericAll  2025-03-16T21:35:38.232994191Z
22     95     19  GenericAll  GenericAll  2025-03-16T21:35:30.314791875Z
23     19    477  GenericAll  GenericAll  2025-03-16T21:35:31.049135433Z
24     19   1019  GenericAll  GenericAll  2025-03-16T21:35:35.889597893Z
25    870    477  GenericAll  GenericAll  2025-03-16T21:35:31.049135433Z
26    871    477  GenericAll  GenericAll  2025-03-16T21:35:31.049135433Z","['S-1-5-21-1333368235-828418111-1849936505-4101'
 '643CE9DD-6D50-4B82-8DA1-994C82A16D6C'
 'S-1-5-21-1333368235-828418111-1849936505-3710'
 'S-1-5-21-1333368235-828418111-1849936505-3276'
 'S-1-5-21-1333368235-828418111-1849936505-512'
 'S-1-5-21-1333368235-828418111-1849936505-4111'
 'S-1-5-21-1333368235-828418111-1849936505-4002'
 'S-1-5-21-1333368235-828418111-1849936505-1447'
 'S-1-5-21-1333368235-828418111-1849936505-3782'
 'S-1-5-21-1333368235-828418111-1849936505-3600'
 'S-1-5-21-1333368235-828418111-1849936505-3890'
 'S-1-5-21-1333368235-828418111-1849936505-3635'
 'S-1-5-21-1333368235-828418111-1849936505-4033'
 'S-1-5-21-1333368235-828418111-1849936505-4186']",367.0,,,,0.007558790593505,0.5586206896551724,0.9,0.0200308166409861,1.0,18.0,0.0251046025104602,242.33748370669264,215.33748370669264,0.268782313644862,2.511314899400124,0.3434257398047018,0.2017059819289027,0,0,0.5378429305184643,False,1.2976467068661812,False,-5.779386715675882,False,1.434202131083518,0.3199124726477024,False
424,0.0,548.0,189.0,0.0,29.0,0.0,False,User Group Created by Badblood github.com/davidprowe/badblood,"CN=JO-POKEMON44-DISTLIST1,OU=TEST,OU=ESM,OU=TIER 2,DC=MYLAB,DC=LOCAL",False,False,MYLAB.LOCAL,S-1-5-21-1333368235-828418111-1849936505,False,2025-03-16T21:35:40.428Z,DESIGN-STAFF-01@MYLAB.LOCAL,S-1-5-21-1333368235-828418111-1849936505-4003,JO-pokemon44-distlist1,1742159258.0,0.0,0.0,0.0,False,10.0,20.0,"                                   label       kind  \
id                                                    
1002                   USERS@MYLAB.LOCAL  Container   
1019             LOUIS_TYLER@MYLAB.LOCAL       User   
128            DOMAIN ADMINS@MYLAB.LOCAL      Group   
477            JENNA_HARDING@MYLAB.LOCAL       User   
869         DA-EST-DISTLIST1@MYLAB.LOCAL      Group   
870         DE-DAS-DISTLIST1@MYLAB.LOCAL      Group   
871   MA-VACACIONE-DISTLIST1@MYLAB.LOCAL      Group   
872         RO-ARJ-DISTLIST1@MYLAB.LOCAL      Group   
877         TA-24D-DISTLIST1@MYLAB.LOCAL      Group   
900   JO-POKEMON44-DISTLIST1@MYLAB.LOCAL      Group   

                                           objectId  isTierZero  \
id                                                                
1002           643CE9DD-6D50-4B82-8DA1-994C82A16D6C       False   
1019  S-1-5-21-1333368235-828418111-1849936505-3276        True   
128    S-1-5-21-1333368235-828418111-1849936505-512        True   
477   S-1-5-21-1333368235-828418111-1849936505-1447        True   
869   S-1-5-21-1333368235-828418111-1849936505-3782       False   
870   S-1-5-21-1333368235-828418111-1849936505-3600       False   
871   S-1-5-21-1333368235-828418111-1849936505-3890       False   
872   S-1-5-21-1333368235-828418111-1849936505-3635       False   
877   S-1-5-21-1333368235-828418111-1849936505-4033       False   
900   S-1-5-21-1333368235-828418111-1849936505-4003       False   

      isOwnedObject                        lastSeen  
id                                                   
1002          False        2025-03-16T21:35:40.053Z  
1019          False        2025-03-16T21:35:40.117Z  
128           False        2025-03-16T21:35:40.428Z  
477           False  2025-03-16T21:35:31.048103438Z  
869           False        2025-03-16T21:35:39.799Z  
870           False        2025-03-16T21:35:39.799Z  
871           False        2025-03-16T21:35:39.799Z  
872           False        2025-03-16T21:35:39.799Z  
877           False        2025-03-16T21:35:40.428Z  
900           False        2025-03-16T21:35:40.428Z  ","   source target       label        kind                        lastSeen
0     900    872  GenericAll  GenericAll   2025-03-16T21:35:36.88777499Z
1     872    477  GenericAll  GenericAll  2025-03-16T21:35:31.049135433Z
2     477    128    MemberOf    MemberOf   2025-03-16T21:35:36.88777499Z
3     900    869  GenericAll  GenericAll   2025-03-16T21:35:36.88777499Z
4     869   1019  GenericAll  GenericAll  2025-03-16T21:35:35.889597893Z
5    1019    128    MemberOf    MemberOf   2025-03-16T21:35:36.88777499Z
6     900    871  GenericAll  GenericAll   2025-03-16T21:35:36.88777499Z
7     871    477  GenericAll  GenericAll  2025-03-16T21:35:31.049135433Z
8     872   1019  GenericAll  GenericAll  2025-03-16T21:35:35.889597893Z
9     900    870  GenericAll  GenericAll   2025-03-16T21:35:36.88777499Z
10    870   1002  GenericAll  GenericAll  2025-03-16T21:35:38.232994191Z
11   1002    128    Contains    Contains   2025-03-16T21:35:36.88777499Z
12    869    477  GenericAll  GenericAll  2025-03-16T21:35:31.049135433Z
13    870    477  GenericAll  GenericAll  2025-03-16T21:35:31.049135433Z
14    871   1019  GenericAll  GenericAll  2025-03-16T21:35:35.889597893Z
15    871   1002  GenericAll  GenericAll  2025-03-16T21:35:38.232994191Z
16    900    877  GenericAll  GenericAll   2025-03-16T21:35:36.88777499Z
17    877   1019  GenericAll  GenericAll  2025-03-16T21:35:35.889597893Z
18    870   1019  GenericAll  GenericAll  2025-03-16T21:35:35.889597893Z
19    872   1002  GenericAll  GenericAll  2025-03-16T21:35:38.232994191Z","['643CE9DD-6D50-4B82-8DA1-994C82A16D6C'
 'S-1-5-21-1333368235-828418111-1849936505-3276'
 'S-1-5-21-1333368235-828418111-1849936505-512'
 'S-1-5-21-1333368235-828418111-1849936505-1447'
 'S-1-5-21-1333368235-828418111-1849936505-3782'
 'S-1-5-21-1333368235-828418111-1849936505-3600'
 'S-1-5-21-1333368235-828418111-1849936505-3890'
 'S-1-5-21-1333368235-828418111-1849936505-3635'
 'S-1-5-21-1333368235-828418111-1849936505-4033'
 'S-1-5-21-1333368235-828418111-1849936505-4003']",802.0,,,,0.1534154535274356,0.4344827586206896,0.6666666666666666,0.011171032357473,1.0,16.0,0.0223152022315202,533.7991323191641,-14.200867680835929,0.5665365190703558,2.2880511134037853,0.3128941123709194,0.4407852793105722,0,0,0.6072286976921117,True,3.6162758498459113,False,-5.650678641571099,False,2.2167978478221526,0.1846827133479212,True
425,0.0,0.0,217.0,0.0,30.0,0.0,False,User Group Created by Badblood github.com/davidprowe/badblood,"CN=JA-JAIMES200-DISTLIST1,OU=DEVICES,OU=HRE,OU=TIER 1,DC=MYLAB,DC=LOCAL",False,False,MYLAB.LOCAL,S-1-5-21-1333368235-828418111-1849936505,False,2025-03-16T21:35:40.428Z,MARKETING-TEAM@MYLAB.LOCAL,S-1-5-21-1333368235-828418111-1849936505-4004,JA-jaimes200-distlist1,1742159258.0,0.0,0.0,0.0,False,0.0,0.0,0,0,[],247.0,,,,0.0,0.4988505747126436,0.0,0.0115562403697996,1.0,0.0,0.0,360.679406956759,360.679406956759,0.0802466349195509,1.5104068150824432,0.2065501932870529,0.1357530723063732,0,0,0.3305297738895406,False,1.1675213687383637,False,-5.462084583294522,False,2.0914323917903834,0.312910284463895,False
426,0.0,0.0,386.0,0.0,33.0,0.0,False,User Group Created by Badblood github.com/davidprowe/badblood,"CN=AS-DIN-DISTLIST1,OU=SERVICEACCOUNTS,OU=TST,OU=TIER 1,DC=MYLAB,DC=LOCAL",False,False,MYLAB.LOCAL,S-1-5-21-1333368235-828418111-1849936505,False,2025-03-16T21:35:40.428Z,PRODUCT-GROUP-03@MYLAB.LOCAL,S-1-5-21-1333368235-828418111-1849936505-4005,AS-din-distlist1,1742159258.0,0.0,0.0,0.0,False,0.0,0.0,0,0,[],419.0,,,,0.0,0.8873563218390804,0.0,0.0127118644067796,1.0,0.0,0.0,322.1458167835177,322.1458167835177,0.1302319138712777,1.90006818624586,0.2598369175831882,0.2302855760986655,0,0,0.3799573374096481,False,0.9876598261273998,False,-5.64963516579177,False,5.0547310018069584,0.3632385120350109,False
427,0.0,720.0,205.0,0.0,34.0,0.0,False,User Group Created by Badblood github.com/davidprowe/badblood,"CN=CO-ALBERTO20-DISTLIST1,OU=DEVICES,OU=SEC,OU=STAGE,DC=MYLAB,DC=LOCAL",False,False,MYLAB.LOCAL,S-1-5-21-1333368235-828418111-1849936505,False,2025-03-16T21:35:40.428Z,LEGAL-DEPT-SHARED@MYLAB.LOCAL,S-1-5-21-1333368235-828418111-1849936505-4006,CO-alberto20-distlist1,1742159258.0,0.0,0.0,0.0,False,8.0,14.0,0,0,[],349.0,,,,0.0,0.5701149425287356,0.0,0.0389060092449922,1.0,88.0,0.0,694.8385045711651,-25.161495428834883,0.5807545048071279,1.609020951773728,0.2200358110630221,0.1918130454855233,0,0,0.3282533756110266,False,1.2476324516456194,False,-5.96893827392627,False,1.9335494075858777,0.4336980306345733,False
428,0.0,0.0,221.0,0.0,37.0,0.0,False,User Group Created by Badblood github.com/davidprowe/badblood,"CN=GA-GRA-ADMINGROUP1,OU=HRE,OU=TIER 2,DC=MYLAB,DC=LOCAL",False,False,MYLAB.LOCAL,S-1-5-21-1333368235-828418111-1849936505,False,2025-03-16T21:35:40.428Z,ANALYTICS-ALL-01@MYLAB.LOCAL,S-1-5-21-1333368235-828418111-1849936505-4007,GA-gra-admingroup1,1742159259.0,0.0,0.0,0.0,False,0.0,0.0,0,0,[],258.0,,,,0.0,0.5080459770114942,0.0,0.0142526964560862,1.0,0.0,0.0,249.31872764867703,249.31872764867703,0.2247022798372079,1.5222986734675803,0.2081764211506092,0.1417987556884384,0,0,0.3168520793078587,False,1.1492258318601587,False,-5.823027395721386,False,1.0913395989952122,0.5474835886214442,False
429,0.0,0.0,221.0,0.0,76.0,0.0,False,User Group Created by Badblood github.com/davidprowe/badblood,"CN=AL-SANDOKANY-DISTLIST1,OU=GOO,OU=TIER 1,DC=MYLAB,DC=LOCAL",False,False,MYLAB.LOCAL,S-1-5-21-1333368235-828418111-1849936505,False,2025-03-16T21:35:40.428Z,SALES-TEAM-02@MYLAB.LOCAL,S-1-5-21-1333368235-828418111-1849936505-4008,AL-sandokany-distlist1,1742159259.0,0.0,0.0,0.0,False,0.0,0.0,0,0,[],297.0,,,,0.0,0.5080459770114942,0.0,0.0292758089368258,1.0,0.0,0.0,295.4737344999528,295.4737344999528,0.1648305969208841,1.53732178594832,0.2102308522851116,0.1632334513157605,0,0,0.4230326220640097,False,1.5452783714715053,False,-5.545283118245706,False,7.363845773001603,0.161925601750547,False
430,0.0,0.0,220.0,0.0,31.0,0.0,False,User Group Created by Badblood github.com/davidprowe/badblood,"CN=SI-17MAYO199-ADMINGROUP1,OU=TEST,OU=TST,OU=TIER 2,DC=MYLAB,DC=LOCAL",False,False,MYLAB.LOCAL,S-1-5-21-1333368235-828418111-1849936505,False,2025-03-16T21:35:40.428Z,COMMUNICATIONS-USERS@MYLAB.LOCAL,S-1-5-21-1333368235-828418111-1849936505-4009,SI-17mayo199-admingroup1,1742159259.0,0.0,0.0,0.0,False,0.0,0.0,0,0,[],251.0,,,,0.0,0.5057471264367817,0.0,0.0119414483821263,1.0,0.0,0.0,240.37251181166693,240.37251181166693,0.2363071962793264,1.517688574818908,0.2075459838687808,0.1379515026271242,0,0,0.3307060793490426,False,1.1079803123076035,False,-6.023977466833801,False,0.7712430544305032,0.5676148796498905,False
431,0.0,21.0,272.0,0.0,45.0,11.0,False,User Group Created by Badblood github.com/davidprowe/badblood,"CN=JA-130-DISTLIST1,OU=ITS,OU=TIER 2,DC=MYLAB,DC=LOCAL",False,False,MYLAB.LOCAL,S-1-5-21-1333368235-828418111-1849936505,False,2025-03-16T21:35:40.428Z,FINANCE-DEPARTMENT-03@MYLAB.LOCAL,S-1-5-21-1333368235-828418111-1849936505-4010,JA-130-distlist1,1742159259.0,0.0,0.0,0.0,False,10.0,14.0,"                                   label       kind  \
id                                                    
1002                   USERS@MYLAB.LOCAL  Container   
1019             LOUIS_TYLER@MYLAB.LOCAL       User   
128            DOMAIN ADMINS@MYLAB.LOCAL      Group   
1816            6372101301SA@MYLAB.LOCAL       User   
2602          STEWART_THOMAS@MYLAB.LOCAL       User   
3274        JA-130-DISTLIST1@MYLAB.LOCAL      Group   
477            JENNA_HARDING@MYLAB.LOCAL       User   
870         DE-DAS-DISTLIST1@MYLAB.LOCAL      Group   
872         RO-ARJ-DISTLIST1@MYLAB.LOCAL      Group   
883   DA-BARBATRON-DISTLIST1@MYLAB.LOCAL      Group   

                                           objectId  isTierZero  \
id                                                                
1002           643CE9DD-6D50-4B82-8DA1-994C82A16D6C       False   
1019  S-1-5-21-1333368235-828418111-1849936505-3276        True   
128    S-1-5-21-1333368235-828418111-1849936505-512        True   
1816  S-1-5-21-1333368235-828418111-1849936505-2469       False   
2602  S-1-5-21-1333368235-828418111-1849936505-3290       False   
3274  S-1-5-21-1333368235-828418111-1849936505-4010       False   
477   S-1-5-21-1333368235-828418111-1849936505-1447        True   
870   S-1-5-21-1333368235-828418111-1849936505-3600       False   
872   S-1-5-21-1333368235-828418111-1849936505-3635       False   
883   S-1-5-21-1333368235-828418111-1849936505-4019       False   

      isOwnedObject                        lastSeen  
id                                                   
1002          False        2025-03-16T21:35:40.053Z  
1019          False        2025-03-16T21:35:40.117Z  
128           False        2025-03-16T21:35:40.428Z  
1816          False        2025-03-16T21:35:40.117Z  
2602          False        2025-03-16T21:35:40.117Z  
3274          False        2025-03-16T21:35:40.428Z  
477           False  2025-03-16T21:35:31.048103438Z  
870           False        2025-03-16T21:35:39.799Z  
872           False        2025-03-16T21:35:39.799Z  
883           False        2025-03-16T21:35:40.428Z  ","   source target       label        kind                        lastSeen
0    3274    883    MemberOf    MemberOf   2025-03-16T21:35:36.88777499Z
1     883   1816  GenericAll  GenericAll  2025-03-16T21:35:34.829357333Z
2    1816    870    MemberOf    MemberOf   2025-03-16T21:35:36.88777499Z
3     870    477  GenericAll  GenericAll  2025-03-16T21:35:31.049135433Z
4     477    128    MemberOf    MemberOf   2025-03-16T21:35:36.88777499Z
5     883   2602  GenericAll  GenericAll  2025-03-16T21:35:35.889597893Z
6    2602    872    MemberOf    MemberOf   2025-03-16T21:35:36.88777499Z
7     872   1002  GenericAll  GenericAll  2025-03-16T21:35:38.232994191Z
8    1002    128    Contains    Contains   2025-03-16T21:35:36.88777499Z
9     872   1019  GenericAll  GenericAll  2025-03-16T21:35:35.889597893Z
10   1019    128    MemberOf    MemberOf   2025-03-16T21:35:36.88777499Z
11    870   1002  GenericAll  GenericAll  2025-03-16T21:35:38.232994191Z
12    872    477  GenericAll  GenericAll  2025-03-16T21:35:31.049135433Z
13    870   1019  GenericAll  GenericAll  2025-03-16T21:35:35.889597893Z","['643CE9DD-6D50-4B82-8DA1-994C82A16D6C'
 'S-1-5-21-1333368235-828418111-1849936505-3276'
 'S-1-5-21-1333368235-828418111-1849936505-512'
 'S-1-5-21-1333368235-828418111-1849936505-2469'
 'S-1-5-21-1333368235-828418111-1849936505-3290'
 'S-1-5-21-1333368235-828418111-1849936505-4010'
 'S-1-5-21-1333368235-828418111-1849936505-1447'
 'S-1-5-21-1333368235-828418111-1849936505-3600'
 'S-1-5-21-1333368235-828418111-1849936505-3635'
 'S-1-5-21-1333368235-828418111-1849936505-4019']",362.0,,,,0.0058790593505039,0.6252873563218391,0.4666666666666667,0.0173343605546995,1.0,10.0,0.0139470013947001,264.427811319138,243.427811319138,0.2323439009446481,2.129114444288409,0.2911593059609064,0.198957944027964,0,0,0.4892761442027249,False,1.0257665338927306,False,-5.89601269536066,False,1.484015842583616,0.4301969365426695,False
432,0.0,0.0,221.0,0.0,71.0,2.0,False,User Group Created by Badblood github.com/davidprowe/badblood,"CN=LU-101-DISTLIST1,OU=GOO,OU=PEOPLE,DC=MYLAB,DC=LOCAL",False,False,MYLAB.LOCAL,S-1-5-21-1333368235-828418111-1849936505,False,2025-03-16T21:35:40.428Z,COMPLIANCE-CONTRIBUTORS@MYLAB.LOCAL,S-1-5-21-1333368235-828418111-1849936505-4011,LU-101-distlist1,1742159260.0,0.0,0.0,0.0,False,0.0,0.0,0,0,[],292.0,,,,0.0,0.5080459770114942,0.0,0.0273497688751926,1.0,0.0,0.0,307.788830758314,307.788830758314,0.1488556120045027,1.535395745886687,0.2099674636781241,0.1604854134148218,0,0,0.366383266067211,False,2.94401957006776,False,-6.416640801261783,False,1.5132845808839088,0.4144420131291028,False
434,0.0,0.0,244.0,0.0,51.0,0.0,False,User Group Created by Badblood github.com/davidprowe/badblood,"CN=HA-241193PAO-DISTLIST1,OU=SERVICEACCOUNTS,OU=FSR,OU=TIER 2,DC=MYLAB,DC=LOCAL",False,False,MYLAB.LOCAL,S-1-5-21-1333368235-828418111-1849936505,False,2025-03-16T21:35:40.428Z,FINANCE-ALL-02@MYLAB.LOCAL,S-1-5-21-1333368235-828418111-1849936505-4013,HA-241193pao-distlist1,1742159260.0,0.0,0.0,0.0,False,0.0,0.0,0,0,[],295.0,,,,0.0,0.5609195402298851,0.0,0.0196456086286594,1.0,0.0,0.0,344.9820039589681,344.9820039589681,0.1006091047578046,1.5805651488585446,0.2161444411793735,0.162134236155385,0,0,0.4270707609116911,False,1.3186915611706291,False,-5.424205179713394,False,7.316765732309927,0.1684901531728665,False
435,0.0,0.0,219.0,0.0,21.0,0.0,False,User Group Created by Badblood github.com/davidprowe/badblood,"CN=GE-BD7-DISTLIST1,OU=SEC,OU=TIER 2,DC=MYLAB,DC=LOCAL",False,False,MYLAB.LOCAL,S-1-5-21-1333368235-828418111-1849936505,False,2025-03-16T21:35:40.428Z,COMMUNICATIONS-ALL-02@MYLAB.LOCAL,S-1-5-21-1333368235-828418111-1849936505-4014,GE-bd7-distlist1,1742159261.0,0.0,0.0,0.0,False,0.0,0.0,0,0,[],240.0,,,,0.0,0.503448275862069,0.0,0.0080893682588597,1.0,0.0,0.0,320.8768362056792,320.8768362056792,0.1318780192012615,1.5115376441209287,0.2067048357013624,0.131905819245059,0,0,0.3175120225335927,False,1.018554347440715,False,-5.756537018850505,False,1.2815764484625811,0.5654266958424509,False
436,0.0,0.0,218.0,0.0,60.0,0.0,False,User Group Created by Badblood github.com/davidprowe/badblood,"CN=FI-YANIRA180-DISTLIST1,OU=T1-PERMISSIONS,OU=TIER 1,OU=ADMIN,DC=MYLAB,DC=LOCAL",False,False,MYLAB.LOCAL,S-1-5-21-1333368235-828418111-1849936505,False,2025-03-16T21:35:40.428Z,COMPLIANCE-STAFF@MYLAB.LOCAL,S-1-5-21-1333368235-828418111-1849936505-4015,FI-yanira180-distlist1,1742159261.0,0.0,0.0,0.0,False,0.0,0.0,0,0,[],278.0,,,,0.0,0.5011494252873563,0.0,0.0231124807395993,1.0,0.0,0.0,192.9724482031134,192.9724482031134,0.297793950852443,1.5242619060269555,0.2084448958824213,0.1527909072921933,0,0,0.4042626494619579,False,1.3039859616126692,False,-5.50082656070031,False,7.340187981213909,0.1886214442013128,False
437,0.0,0.0,241.0,0.0,171.0,8.0,False,User Group Created by Badblood github.com/davidprowe/badblood,"CN=AL-LANUSCAMP-DISTLIST1,OU=GROUPS,OU=AZR,OU=STAGE,DC=MYLAB,DC=LOCAL",False,False,MYLAB.LOCAL,S-1-5-21-1333368235-828418111-1849936505,False,2025-03-16T21:35:40.428Z,STRATEGY-MEMBERS-01@MYLAB.LOCAL,S-1-5-21-1333368235-828418111-1849936505-4016,AL-lanuscamp-distlist1,1742159261.0,0.0,0.0,0.0,False,0.0,0.0,0,0,[],412.0,,,,0.0,0.5540229885057472,0.0,0.0658705701078582,1.0,0.0,0.0,307.451753820263,307.451753820263,0.1492928638852884,1.6198935586136054,0.2215226548867427,0.2264383230373513,0,0,0.3411496967540207,False,1.078493389111797,False,-5.983498240003679,False,3.6323726129044336,0.4061269146608315,False
438,0.0,0.0,218.0,0.0,30.0,0.0,False,User Group Created by Badblood github.com/davidprowe/badblood,"CN=GA-400-ADMINGROUP1,OU=GROUPS,OU=HRE,OU=STAGE,DC=MYLAB,DC=LOCAL",False,False,MYLAB.LOCAL,S-1-5-21-1333368235-828418111-1849936505,False,2025-03-16T21:35:40.428Z,COMMUNICATIONS-EMPLOYEES-01@MYLAB.LOCAL,S-1-5-21-1333368235-828418111-1849936505-4017,GA-400-admingroup1,1742159261.0,0.0,0.0,0.0,False,0.0,0.0,0,0,[],248.0,,,,0.0,0.5011494252873563,0.0,0.0115562403697996,1.0,0.0,0.0,297.2048890921888,297.2048890921888,0.162584965387138,1.512705665657156,0.2068645642404964,0.136302679886561,0,0,0.3271662516325294,False,1.124720717451972,False,-5.484157630568418,False,2.023390872636416,0.3422319474835886,False
439,0.0,0.0,242.0,0.0,27.0,0.0,False,User Group Created by Badblood github.com/davidprowe/badblood,"CN=AL-WATISWRON-DISTLIST1,OU=DEVICES,OU=TST,OU=STAGE,DC=MYLAB,DC=LOCAL",False,False,MYLAB.LOCAL,S-1-5-21-1333368235-828418111-1849936505,False,2025-03-16T21:35:40.428Z,TRAINING-CONTRIBUTORS@MYLAB.LOCAL,S-1-5-21-1333368235-828418111-1849936505-4018,AL-watiswron-distlist1,1742159262.0,0.0,0.0,0.0,False,0.0,0.0,0,0,[],269.0,,,,0.0,0.5563218390804597,0.0,0.0104006163328197,1.0,0.0,0.0,312.2822011256652,312.2822011256652,0.1430268695946807,1.5667224554132797,0.2142514339589467,0.1478444390705036,0,0,0.4187524965658266,False,1.2346666789639482,False,-5.298205359583812,False,7.345422817507758,0.1614879649890591,False
440,0.0,2.0,285.0,0.0,1.0,0.0,False,User Group Created by Badblood github.com/davidprowe/badblood,"CN=DA-BARBATRON-DISTLIST1,OU=TIER 2,OU=ADMIN,DC=MYLAB,DC=LOCAL",False,False,MYLAB.LOCAL,S-1-5-21-1333368235-828418111-1849936505,False,2025-03-16T21:35:40.428Z,SUPER-ADMINS-OLD-2016@MYLAB.LOCAL,S-1-5-21-1333368235-828418111-1849936505-4019,DA-barbatron-distlist1,1742159262.0,0.0,0.0,0.0,False,0.0,0.0,"                                   label       kind  \
id                                                    
1002                   USERS@MYLAB.LOCAL  Container   
1019             LOUIS_TYLER@MYLAB.LOCAL       User   
128            DOMAIN ADMINS@MYLAB.LOCAL      Group   
1816            6372101301SA@MYLAB.LOCAL       User   
2602          STEWART_THOMAS@MYLAB.LOCAL       User   
477            JENNA_HARDING@MYLAB.LOCAL       User   
870         DE-DAS-DISTLIST1@MYLAB.LOCAL      Group   
872         RO-ARJ-DISTLIST1@MYLAB.LOCAL      Group   
883   DA-BARBATRON-DISTLIST1@MYLAB.LOCAL      Group   

                                           objectId  isTierZero  \
id                                                                
1002           643CE9DD-6D50-4B82-8DA1-994C82A16D6C       False   
1019  S-1-5-21-1333368235-828418111-1849936505-3276        True   
128    S-1-5-21-1333368235-828418111-1849936505-512        True   
1816  S-1-5-21-1333368235-828418111-1849936505-2469       False   
2602  S-1-5-21-1333368235-828418111-1849936505-3290       False   
477   S-1-5-21-1333368235-828418111-1849936505-1447        True   
870   S-1-5-21-1333368235-828418111-1849936505-3600       False   
872   S-1-5-21-1333368235-828418111-1849936505-3635       False   
883   S-1-5-21-1333368235-828418111-1849936505-4019       False   

      isOwnedObject                        lastSeen  
id                                                   
1002          False        2025-03-16T21:35:40.053Z  
1019          False        2025-03-16T21:35:40.117Z  
128           False        2025-03-16T21:35:40.428Z  
1816          False        2025-03-16T21:35:40.117Z  
2602          False        2025-03-16T21:35:40.117Z  
477           False  2025-03-16T21:35:31.048103438Z  
870           False        2025-03-16T21:35:39.799Z  
872           False        2025-03-16T21:35:39.799Z  
883           False        2025-03-16T21:35:40.428Z  ","   source target       label        kind                        lastSeen
0     883   1816  GenericAll  GenericAll  2025-03-16T21:35:34.829357333Z
1    1816    870    MemberOf    MemberOf   2025-03-16T21:35:36.88777499Z
2     870   1002  GenericAll  GenericAll  2025-03-16T21:35:38.232994191Z
3    1002    128    Contains    Contains   2025-03-16T21:35:36.88777499Z
4     883   2602  GenericAll  GenericAll  2025-03-16T21:35:35.889597893Z
5    2602    872    MemberOf    MemberOf   2025-03-16T21:35:36.88777499Z
6     872    477  GenericAll  GenericAll  2025-03-16T21:35:31.049135433Z
7     477    128    MemberOf    MemberOf   2025-03-16T21:35:36.88777499Z
8     870    477  GenericAll  GenericAll  2025-03-16T21:35:31.049135433Z
9     870   1019  GenericAll  GenericAll  2025-03-16T21:35:35.889597893Z
10   1019    128    MemberOf    MemberOf   2025-03-16T21:35:36.88777499Z
11    872   1002  GenericAll  GenericAll  2025-03-16T21:35:38.232994191Z
12    872   1019  GenericAll  GenericAll  2025-03-16T21:35:35.889597893Z","['643CE9DD-6D50-4B82-8DA1-994C82A16D6C'
 'S-1-5-21-1333368235-828418111-1849936505-3276'
 'S-1-5-21-1333368235-828418111-1849936505-512'
 'S-1-5-21-1333368235-828418111-1849936505-2469'
 'S-1-5-21-1333368235-828418111-1849936505-3290'
 'S-1-5-21-1333368235-828418111-1849936505-1447'
 'S-1-5-21-1333368235-828418111-1849936505-3600'
 'S-1-5-21-1333368235-828418111-1849936505-3635'
 'S-1-5-21-1333368235-828418111-1849936505-4019']",348.0,,,,0.0058790593505039,0.503448275862069,0.4333333333333333,0.0273497688751926,1.0,0.0,0.0334728033472803,365.3095194664624,363.3095194664624,0.076834886705048,2.003483240768379,0.2739790674246211,0.1912634379053356,0,0,0.4634939211925171,False,1.11625765506629,False,-5.883286782942589,False,1.4554978869209034,0.3934354485776805,False
441,0.0,0.0,386.0,0.0,22.0,0.0,False,User Group Created by Badblood github.com/davidprowe/badblood,"CN=MI-FAP-DISTLIST1,OU=TEST,OU=TST,OU=TIER 1,DC=MYLAB,DC=LOCAL",False,False,MYLAB.LOCAL,S-1-5-21-1333368235-828418111-1849936505,False,2025-03-16T21:35:40.428Z,FACILITIES-CONTRIBUTORS-02@MYLAB.LOCAL,S-1-5-21-1333368235-828418111-1849936505-4020,MI-fap-distlist1,1742159262.0,0.0,0.0,0.0,False,0.0,0.0,0,0,[],408.0,,,,0.0,0.8873563218390804,0.0,0.0084745762711864,1.0,0.0,0.0,203.03046215826376,203.03046215826376,0.2847468241510832,1.8958308981102667,0.2592574626478157,0.2242398927166003,0,0,0.3772276952336046,False,0.978206649873829,False,-5.536873697572138,False,5.113119037277498,0.3509846827133479,False
442,0.0,0.0,221.0,0.0,50.0,0.0,False,User Group Created by Badblood github.com/davidprowe/badblood,"CN=PA-265-DISTLIST1,OU=GROUPS,OU=HRE,OU=TIER 2,DC=MYLAB,DC=LOCAL",False,False,MYLAB.LOCAL,S-1-5-21-1333368235-828418111-1849936505,False,2025-03-16T21:35:40.428Z,TRAINING-ANNOUNCE-04@MYLAB.LOCAL,S-1-5-21-1333368235-828418111-1849936505-4021,PA-265-distlist1,1742159263.0,0.0,0.0,0.0,False,0.0,0.0,0,0,[],271.0,,,,0.0,0.5080459770114942,0.0,0.0192604006163328,1.0,0.0,0.0,267.9577715393854,267.9577715393854,0.2005239511613215,1.527306377627827,0.2088612315287767,0.1489436542308791,0,0,0.3183892927246105,False,1.134926093868065,False,-5.940965108287898,False,0.8632734926623155,0.5973741794310723,False
443,0.0,106.0,220.0,0.0,69.0,8.0,False,User Group Created by Badblood github.com/davidprowe/badblood,"CN=TA-CHAPARRIT-DISTLIST1,OU=T0-SERVERS,OU=TIER 0,OU=ADMIN,DC=MYLAB,DC=LOCAL",False,False,MYLAB.LOCAL,S-1-5-21-1333368235-828418111-1849936505,False,2025-03-16T21:35:40.428Z,EXCHANGE-ADMINS@MYLAB.LOCAL,S-1-5-21-1333368235-828418111-1849936505-4022,TA-chaparrit-distlist1,1742159263.0,0.0,0.0,0.0,False,16.0,30.0,"                                   label       kind  \
id                                                    
10            BDEWWKS1000000.MYLAB.LOCAL   Computer   
1002                   USERS@MYLAB.LOCAL  Container   
1003      HO-TAT-ADMINGROUP1@MYLAB.LOCAL      Group   
1019             LOUIS_TYLER@MYLAB.LOCAL       User   
128            DOMAIN ADMINS@MYLAB.LOCAL      Group   
19           GOOWSECS1000001.MYLAB.LOCAL   Computer   
3024        TH-TUM-DISTLIST1@MYLAB.LOCAL      Group   
3286  TA-CHAPARRIT-DISTLIST1@MYLAB.LOCAL      Group   
477            JENNA_HARDING@MYLAB.LOCAL       User   
869         DA-EST-DISTLIST1@MYLAB.LOCAL      Group   
870         DE-DAS-DISTLIST1@MYLAB.LOCAL      Group   
871   MA-VACACIONE-DISTLIST1@MYLAB.LOCAL      Group   
872         RO-ARJ-DISTLIST1@MYLAB.LOCAL      Group   
877         TA-24D-DISTLIST1@MYLAB.LOCAL      Group   
896   CH-2.29316E1-DISTLIST1@MYLAB.LOCAL      Group   
95           ESMWCTRX1000000.MYLAB.LOCAL   Computer   

                                           objectId  isTierZero  \
id                                                                
10    S-1-5-21-1333368235-828418111-1849936505-4101       False   
1002           643CE9DD-6D50-4B82-8DA1-994C82A16D6C       False   
1003  S-1-5-21-1333368235-828418111-1849936505-3710       False   
1019  S-1-5-21-1333368235-828418111-1849936505-3276        True   
128    S-1-5-21-1333368235-828418111-1849936505-512        True   
19    S-1-5-21-1333368235-828418111-1849936505-4111       False   
3024  S-1-5-21-1333368235-828418111-1849936505-3787       False   
3286  S-1-5-21-1333368235-828418111-1849936505-4022       False   
477   S-1-5-21-1333368235-828418111-1849936505-1447        True   
869   S-1-5-21-1333368235-828418111-1849936505-3782       False   
870   S-1-5-21-1333368235-828418111-1849936505-3600       False   
871   S-1-5-21-1333368235-828418111-1849936505-3890       False   
872   S-1-5-21-1333368235-828418111-1849936505-3635       False   
877   S-1-5-21-1333368235-828418111-1849936505-4033       False   
896   S-1-5-21-1333368235-828418111-1849936505-4032       False   
95    S-1-5-21-1333368235-828418111-1849936505-4186       False   

      isOwnedObject                        lastSeen  
id                                                   
10            False  2025-03-16T21:35:30.314409114Z  
1002          False        2025-03-16T21:35:40.053Z  
1003          False  2025-03-16T21:35:36.886857315Z  
1019          False        2025-03-16T21:35:40.117Z  
128           False        2025-03-16T21:35:40.428Z  
19            False        2025-03-16T21:35:40.395Z  
3024          False        2025-03-16T21:35:40.097Z  
3286          False        2025-03-16T21:35:40.428Z  
477           False  2025-03-16T21:35:31.048103438Z  
869           False        2025-03-16T21:35:39.799Z  
870           False        2025-03-16T21:35:39.799Z  
871           False        2025-03-16T21:35:39.799Z  
872           False        2025-03-16T21:35:39.799Z  
877           False        2025-03-16T21:35:40.428Z  
896           False        2025-03-16T21:35:40.428Z  
95            False        2025-03-16T21:35:40.395Z  ","   source target       label        kind                        lastSeen
0    3286   1003    MemberOf    MemberOf   2025-03-16T21:35:36.88777499Z
1    1003     95  GenericAll  GenericAll  2025-03-16T21:35:30.314791875Z
2      95    872  GenericAll  GenericAll   2025-03-16T21:35:36.88777499Z
3     872   1002  GenericAll  GenericAll  2025-03-16T21:35:38.232994191Z
4    1002    128    Contains    Contains   2025-03-16T21:35:36.88777499Z
5     872   1019  GenericAll  GenericAll  2025-03-16T21:35:35.889597893Z
6    1019    128    MemberOf    MemberOf   2025-03-16T21:35:36.88777499Z
7      95     19  GenericAll  GenericAll  2025-03-16T21:35:30.314791875Z
8      19   1019  GenericAll  GenericAll  2025-03-16T21:35:35.889597893Z
9    3286   3024    MemberOf    MemberOf   2025-03-16T21:35:36.88777499Z
10   3024    896    MemberOf    MemberOf   2025-03-16T21:35:36.88777499Z
11    896    869  GenericAll  GenericAll   2025-03-16T21:35:36.88777499Z
12    869   1019  GenericAll  GenericAll  2025-03-16T21:35:35.889597893Z
13   1003     10  GenericAll  GenericAll  2025-03-16T21:35:30.314791875Z
14     10    869    MemberOf    MemberOf   2025-03-16T21:35:36.88777499Z
15    872    477  GenericAll  GenericAll  2025-03-16T21:35:31.049135433Z
16    477    128    MemberOf    MemberOf   2025-03-16T21:35:36.88777499Z
17     19    477  GenericAll  GenericAll  2025-03-16T21:35:31.049135433Z
18     95    877  GenericAll  GenericAll   2025-03-16T21:35:36.88777499Z
19    877   1019  GenericAll  GenericAll  2025-03-16T21:35:35.889597893Z
20     95    871  GenericAll  GenericAll   2025-03-16T21:35:36.88777499Z
21    871   1019  GenericAll  GenericAll  2025-03-16T21:35:35.889597893Z
22    871   1002  GenericAll  GenericAll  2025-03-16T21:35:38.232994191Z
23    869    477  GenericAll  GenericAll  2025-03-16T21:35:31.049135433Z
24    871    477  GenericAll  GenericAll  2025-03-16T21:35:31.049135433Z
25     95    870  GenericAll  GenericAll   2025-03-16T21:35:36.88777499Z
26    870    477  GenericAll  GenericAll  2025-03-16T21:35:31.049135433Z
27    870   1002  GenericAll  GenericAll  2025-03-16T21:35:38.232994191Z
28     95    869  GenericAll  GenericAll   2025-03-16T21:35:36.88777499Z
29    870   1019  GenericAll  GenericAll  2025-03-16T21:35:35.889597893Z","['S-1-5-21-1333368235-828418111-1849936505-4101'
 '643CE9DD-6D50-4B82-8DA1-994C82A16D6C'
 'S-1-5-21-1333368235-828418111-1849936505-3710'
 'S-1-5-21-1333368235-828418111-1849936505-3276'
 'S-1-5-21-1333368235-828418111-1849936505-512'
 'S-1-5-21-1333368235-828418111-1849936505-4111'
 'S-1-5-21-1333368235-828418111-1849936505-3787'
 'S-1-5-21-1333368235-828418111-1849936505-4022'
 'S-1-5-21-1333368235-828418111-1849936505-1447'
 'S-1-5-21-1333368235-828418111-1849936505-3782'
 'S-1-5-21-1333368235-828418111-1849936505-3600'
 'S-1-5-21-1333368235-828418111-1849936505-3890'
 'S-1-5-21-1333368235-828418111-1849936505-3635'
 'S-1-5-21-1333368235-828418111-1849936505-4033'
 'S-1-5-21-1333368235-828418111-1849936505-4032'
 'S-1-5-21-1333368235-828418111-1849936505-4186']",441.0,,,,0.0296752519596864,0.5057471264367817,1.0,0.0265793528505392,1.0,16.0,0.0223152022315202,320.08934937328235,214.08934937328235,0.2704013774939414,2.584316933478528,0.3534088675942963,0.2423769428627959,0,0,0.5812282813641371,True,1.7965125936598731,False,-5.789240512225184,False,1.736529587721973,0.2612691466083151,False
444,0.0,0.0,218.0,0.0,19.0,6.0,False,User Group Created by Badblood github.com/davidprowe/badblood,"CN=OM-YULISDAYA-ADMINGROUP1,OU=SEC,OU=PEOPLE,DC=MYLAB,DC=LOCAL",False,False,MYLAB.LOCAL,S-1-5-21-1333368235-828418111-1849936505,False,2025-03-16T21:35:40.428Z,SALES-ALL-03@MYLAB.LOCAL,S-1-5-21-1333368235-828418111-1849936505-4023,OM-yulisdaya-admingroup1,1742159263.0,0.0,0.0,0.0,False,0.0,0.0,0,0,[],237.0,,,,0.0,0.5011494252873563,0.0,0.0073189522342064,1.0,0.0,0.0,224.27297333310668,224.27297333310668,0.2571913111055574,1.5084683775215626,0.2062851093051239,0.1302569965044958,0,0,0.3299133468511324,False,1.2435642936125937,False,-5.415777162293905,False,2.145977361351095,0.2945295404814004,False
445,0.0,0.0,218.0,0.0,69.0,0.0,False,User Group Created by Badblood github.com/davidprowe/badblood,"CN=ED-CESAR1984-DISTLIST1,OU=GROUPS,OU=BDE,OU=STAGE,DC=MYLAB,DC=LOCAL",False,False,MYLAB.LOCAL,S-1-5-21-1333368235-828418111-1849936505,False,2025-03-16T21:35:40.428Z,ANALYTICS-MEMBERS@MYLAB.LOCAL,S-1-5-21-1333368235-828418111-1849936505-4024,ED-cesar1984-distlist1,1742159263.0,0.0,0.0,0.0,False,0.0,0.0,0,0,[],287.0,,,,0.0,0.5011494252873563,0.0,0.0265793528505392,1.0,0.0,0.0,359.12343838726787,359.12343838726787,0.0822650173914791,1.5277287781378956,0.2089189953749987,0.1577373755138831,0,0,0.3174010394813061,False,0.9758541440810492,False,-5.983680694719754,False,1.1449401798615233,0.6925601750547046,False
446,0.0,5.0,270.0,0.0,2.0,0.0,False,User Group Created by Badblood github.com/davidprowe/badblood,"CN=SA-HIPOPOTAM-DISTLIST1,OU=TEST,OU=FIN,OU=STAGE,DC=MYLAB,DC=LOCAL",False,False,MYLAB.LOCAL,S-1-5-21-1333368235-828418111-1849936505,False,2025-03-16T21:35:40.428Z,DOMAIN-CONTROLLERS-TEMP@MYLAB.LOCAL,S-1-5-21-1333368235-828418111-1849936505-4025,SA-hipopotam-distlist1,1742159263.0,0.0,0.0,0.0,False,0.0,0.0,0,0,[],243.0,,,,0.0,0.4988505747126436,0.0,0.010015408320493,1.0,3.0,0.0,310.2739755547569,305.2739755547569,0.1521178499197307,1.5088659830331366,0.206339482401463,0.1335546419856222,0,0,0.3929102264186017,False,0.9905371065001118,False,-5.346952234063125,False,7.371434164229107,0.2796498905908096,False
448,0.0,22.0,219.0,0.0,184.0,0.0,False,User Group Created by Badblood github.com/davidprowe/badblood,"CN=JO-PIPOMORRI-DISTLIST1,OU=TEST,OU=ESM,OU=TIER 2,DC=MYLAB,DC=LOCAL",False,False,MYLAB.LOCAL,S-1-5-21-1333368235-828418111-1849936505,False,2025-03-16T21:35:40.428Z,IT-STAFF-ALL@MYLAB.LOCAL,S-1-5-21-1333368235-828418111-1849936505-4027,JO-pipomorri-distlist1,1742159264.0,0.0,0.0,0.0,False,13.0,26.0,"                                   label       kind  \
id                                                    
0             ADMINISTRATORS@MYLAB.LOCAL      Group   
1002                   USERS@MYLAB.LOCAL  Container   
1019             LOUIS_TYLER@MYLAB.LOCAL       User   
1023            ANDREA_TYLER@MYLAB.LOCAL       User   
128            DOMAIN ADMINS@MYLAB.LOCAL      Group   
3272  JO-PIPOMORRI-DISTLIST1@MYLAB.LOCAL      Group   
477            JENNA_HARDING@MYLAB.LOCAL       User   
869         DA-EST-DISTLIST1@MYLAB.LOCAL      Group   
870         DE-DAS-DISTLIST1@MYLAB.LOCAL      Group   
871   MA-VACACIONE-DISTLIST1@MYLAB.LOCAL      Group   
872         RO-ARJ-DISTLIST1@MYLAB.LOCAL      Group   
877         TA-24D-DISTLIST1@MYLAB.LOCAL      Group   
889         PA-COM-DISTLIST1@MYLAB.LOCAL      Group   

                                           objectId  isTierZero  \
id                                                                
0                          MYLAB.LOCAL-S-1-5-32-544        True   
1002           643CE9DD-6D50-4B82-8DA1-994C82A16D6C       False   
1019  S-1-5-21-1333368235-828418111-1849936505-3276        True   
1023  S-1-5-21-1333368235-828418111-1849936505-2378        True   
128    S-1-5-21-1333368235-828418111-1849936505-512        True   
3272  S-1-5-21-1333368235-828418111-1849936505-4027       False   
477   S-1-5-21-1333368235-828418111-1849936505-1447        True   
869   S-1-5-21-1333368235-828418111-1849936505-3782       False   
870   S-1-5-21-1333368235-828418111-1849936505-3600       False   
871   S-1-5-21-1333368235-828418111-1849936505-3890       False   
872   S-1-5-21-1333368235-828418111-1849936505-3635       False   
877   S-1-5-21-1333368235-828418111-1849936505-4033       False   
889   S-1-5-21-1333368235-828418111-1849936505-3962       False   

      isOwnedObject                        lastSeen  
id                                                   
0             False        2025-03-16T21:35:40.441Z  
1002          False        2025-03-16T21:35:40.053Z  
1019          False        2025-03-16T21:35:40.117Z  
1023          False        2025-03-16T21:35:40.117Z  
128           False        2025-03-16T21:35:40.428Z  
3272          False        2025-03-16T21:35:40.428Z  
477           False  2025-03-16T21:35:31.048103438Z  
869           False        2025-03-16T21:35:39.799Z  
870           False        2025-03-16T21:35:39.799Z  
871           False        2025-03-16T21:35:39.799Z  
872           False        2025-03-16T21:35:39.799Z  
877           False        2025-03-16T21:35:40.428Z  
889           False        2025-03-16T21:35:39.799Z  ","   source target         label          kind                        lastSeen
0    3272    889    GenericAll    GenericAll   2025-03-16T21:35:36.88777499Z
1     889    870    GenericAll    GenericAll   2025-03-16T21:35:36.88777499Z
2     870   1019    GenericAll    GenericAll  2025-03-16T21:35:35.889597893Z
3    1019    128      MemberOf      MemberOf   2025-03-16T21:35:36.88777499Z
4     889    871    GenericAll    GenericAll   2025-03-16T21:35:36.88777499Z
5     871   1019    GenericAll    GenericAll  2025-03-16T21:35:35.889597893Z
6     889    869    GenericAll    GenericAll   2025-03-16T21:35:36.88777499Z
7     869    477    GenericAll    GenericAll  2025-03-16T21:35:31.049135433Z
8     477    128      MemberOf      MemberOf   2025-03-16T21:35:36.88777499Z
9     889   1023    GenericAll    GenericAll  2025-03-16T21:35:34.829357333Z
10   1023      0      MemberOf      MemberOf  2025-03-16T21:35:38.201365484Z
11      0    128  GenericWrite  GenericWrite   2025-03-16T21:35:36.88777499Z
12    871   1002    GenericAll    GenericAll  2025-03-16T21:35:38.232994191Z
13   1002    128      Contains      Contains   2025-03-16T21:35:36.88777499Z
14    889    872    GenericAll    GenericAll   2025-03-16T21:35:36.88777499Z
15    872   1019    GenericAll    GenericAll  2025-03-16T21:35:35.889597893Z
16    869   1019    GenericAll    GenericAll  2025-03-16T21:35:35.889597893Z
17    870   1002    GenericAll    GenericAll  2025-03-16T21:35:38.232994191Z
18    872    477    GenericAll    GenericAll  2025-03-16T21:35:31.049135433Z
19    889    877    GenericAll    GenericAll   2025-03-16T21:35:36.88777499Z
20    877   1019    GenericAll    GenericAll  2025-03-16T21:35:35.889597893Z
21      0    128    WriteOwner    WriteOwner   2025-03-16T21:35:36.88777499Z
22    872   1002    GenericAll    GenericAll  2025-03-16T21:35:38.232994191Z
23      0    128     WriteDacl     WriteDacl   2025-03-16T21:35:36.88777499Z
24    871    477    GenericAll    GenericAll  2025-03-16T21:35:31.049135433Z
25    870    477    GenericAll    GenericAll  2025-03-16T21:35:31.049135433Z","['MYLAB.LOCAL-S-1-5-32-544' '643CE9DD-6D50-4B82-8DA1-994C82A16D6C'
 'S-1-5-21-1333368235-828418111-1849936505-3276'
 'S-1-5-21-1333368235-828418111-1849936505-2378'
 'S-1-5-21-1333368235-828418111-1849936505-512'
 'S-1-5-21-1333368235-828418111-1849936505-4027'
 'S-1-5-21-1333368235-828418111-1849936505-1447'
 'S-1-5-21-1333368235-828418111-1849936505-3782'
 'S-1-5-21-1333368235-828418111-1849936505-3600'
 'S-1-5-21-1333368235-828418111-1849936505-3890'
 'S-1-5-21-1333368235-828418111-1849936505-3635'
 'S-1-5-21-1333368235-828418111-1849936505-4033'
 'S-1-5-21-1333368235-828418111-1849936505-3962']",506.0,,,,0.0061590145576707,0.503448275862069,0.8666666666666667,0.0708782742681047,1.0,55.0,0.0767085076708507,331.36580459237905,309.36580459237905,0.1468099817727769,2.523860739025362,0.3451414004953614,0.2781014355749994,0,0,0.5970634192812535,True,1.1908591818519183,False,-5.845827993582287,False,4.099402840383292,0.2582056892778993,False
449,0.0,0.0,218.0,0.0,20.0,0.0,False,User Group Created by Badblood github.com/davidprowe/badblood,"CN=SA-ADM-DISTLIST1,OU=DEVICES,OU=BDE,OU=TIER 1,DC=MYLAB,DC=LOCAL",False,False,MYLAB.LOCAL,S-1-5-21-1333368235-828418111-1849936505,False,2025-03-16T21:35:40.428Z,ANALYTICS-GROUP-03@MYLAB.LOCAL,S-1-5-21-1333368235-828418111-1849936505-4028,SA-adm-distlist1,1742159264.0,0.0,0.0,0.0,False,0.0,0.0,0,0,[],238.0,,,,0.0,0.5011494252873563,0.0,0.0077041602465331,1.0,0.0,0.0,268.8469015069104,268.8469015069104,0.1993705831711792,1.5088535855338894,0.2063377870265214,0.1308066040846835,0,0,0.3217574093034712,False,1.050174439481569,False,-5.861946220554074,False,1.1083400288666665,0.5606126914660832,False
451,0.0,0.0,285.0,0.0,18.0,0.0,False,User Group Created by Badblood github.com/davidprowe/badblood,"CN=55-ESTRELLAE-DISTLIST1,OU=DEVICES,OU=HRE,OU=TIER 2,DC=MYLAB,DC=LOCAL",False,False,MYLAB.LOCAL,S-1-5-21-1333368235-828418111-1849936505,False,2025-03-16T21:35:40.428Z,55-ESTRELLAE-DISTLIST1@MYLAB.LOCAL,S-1-5-21-1333368235-828418111-1849936505-4030,55-estrellae-distlist1,1742159265.0,0.0,0.0,0.0,False,0.0,0.0,0,0,[],303.0,,,,0.0,0.6551724137931034,0.0,0.0069337442218798,1.0,0.0,0.0,329.91829215690973,329.91829215690973,0.1201495585044991,1.6621061580149832,0.2272952854644375,0.166531096796887,0,0,0.33304613662361,False,0.9969530956332056,False,-5.560101439555732,False,2.293418851829253,0.3899343544857768,False
452,0.0,0.0,218.0,0.0,24.0,0.0,False,User Group Created by Badblood github.com/davidprowe/badblood,"CN=ME-INF-DISTLIST1,OU=TST,OU=PEOPLE,DC=MYLAB,DC=LOCAL",False,False,MYLAB.LOCAL,S-1-5-21-1333368235-828418111-1849936505,False,2025-03-16T21:35:40.428Z,AUDIT-ALL@MYLAB.LOCAL,S-1-5-21-1333368235-828418111-1849936505-4031,ME-inf-distlist1,1742159265.0,0.0,0.0,0.0,False,0.0,0.0,0,0,[],242.0,,,,0.0,0.5011494252873563,0.0,0.0092449922958397,1.0,0.0,0.0,341.1519752674905,341.1519752674905,0.1055773688535173,1.510394417583196,0.2065484979121114,0.1330050344054345,0,0,0.3207577954549357,False,1.007537386433082,False,-5.883165574580801,False,1.0290250893879005,0.6122538293216631,False
453,0.0,27.0,278.0,0.0,111.0,0.0,False,User Group Created by Badblood github.com/davidprowe/badblood,"CN=CH-2.29316E1-DISTLIST1,OU=SERVICEACCOUNTS,OU=FIN,OU=TIER 2,DC=MYLAB,DC=LOCAL",False,False,MYLAB.LOCAL,S-1-5-21-1333368235-828418111-1849936505,False,2025-03-16T21:35:40.428Z,RESEARCH-ANNOUNCE-03@MYLAB.LOCAL,S-1-5-21-1333368235-828418111-1849936505-4032,CH-2.29316E1-distlist1,1742159265.0,0.0,0.0,0.0,False,5.0,5.0,"                                   label   kind  \
id                                                
1019             LOUIS_TYLER@MYLAB.LOCAL   User   
128            DOMAIN ADMINS@MYLAB.LOCAL  Group   
477            JENNA_HARDING@MYLAB.LOCAL   User   
869         DA-EST-DISTLIST1@MYLAB.LOCAL  Group   
896   CH-2.29316E1-DISTLIST1@MYLAB.LOCAL  Group   

                                           objectId  isTierZero  \
id                                                                
1019  S-1-5-21-1333368235-828418111-1849936505-3276        True   
128    S-1-5-21-1333368235-828418111-1849936505-512        True   
477   S-1-5-21-1333368235-828418111-1849936505-1447        True   
869   S-1-5-21-1333368235-828418111-1849936505-3782       False   
896   S-1-5-21-1333368235-828418111-1849936505-4032       False   

      isOwnedObject                        lastSeen  
id                                                   
1019          False        2025-03-16T21:35:40.117Z  
128           False        2025-03-16T21:35:40.428Z  
477           False  2025-03-16T21:35:31.048103438Z  
869           False        2025-03-16T21:35:39.799Z  
896           False        2025-03-16T21:35:40.428Z  ","  source target       label        kind                        lastSeen
0    896    869  GenericAll  GenericAll   2025-03-16T21:35:36.88777499Z
1    869    477  GenericAll  GenericAll  2025-03-16T21:35:31.049135433Z
2    477    128    MemberOf    MemberOf   2025-03-16T21:35:36.88777499Z
3    869   1019  GenericAll  GenericAll  2025-03-16T21:35:35.889597893Z
4   1019    128    MemberOf    MemberOf   2025-03-16T21:35:36.88777499Z","['S-1-5-21-1333368235-828418111-1849936505-3276'
 'S-1-5-21-1333368235-828418111-1849936505-512'
 'S-1-5-21-1333368235-828418111-1849936505-1447'
 'S-1-5-21-1333368235-828418111-1849936505-3782'
 'S-1-5-21-1333368235-828418111-1849936505-4032']",464.0,,,,0.007558790593505,0.639080459770115,0.1666666666666666,0.0427580893682588,1.0,43.0,0.0599721059972106,304.2988025030172,277.2988025030172,0.1884068856007372,1.916036112395756,0.2620205532763801,0.2550179172071141,0,0,0.5156550016680069,False,1.4818994047637477,False,-6.097314084312797,False,2.4279266436512263,0.3194748358862144,False
454,0.0,58.0,220.0,0.0,33.0,0.0,False,User Group Created by Badblood github.com/davidprowe/badblood,"CN=TA-24D-DISTLIST1,OU=SERVICEACCOUNTS,OU=OGC,OU=TIER 2,DC=MYLAB,DC=LOCAL",False,False,MYLAB.LOCAL,S-1-5-21-1333368235-828418111-1849936505,False,2025-03-16T21:35:40.428Z,MARKETING-NEWSLETTER@MYLAB.LOCAL,S-1-5-21-1333368235-828418111-1849936505-4033,TA-24d-distlist1,1742159265.0,0.0,0.0,0.0,False,3.0,2.0,"                             label   kind  \
id                                          
1019       LOUIS_TYLER@MYLAB.LOCAL   User   
128      DOMAIN ADMINS@MYLAB.LOCAL  Group   
877   TA-24D-DISTLIST1@MYLAB.LOCAL  Group   

                                           objectId  isTierZero  \
id                                                                
1019  S-1-5-21-1333368235-828418111-1849936505-3276        True   
128    S-1-5-21-1333368235-828418111-1849936505-512        True   
877   S-1-5-21-1333368235-828418111-1849936505-4033       False   

      isOwnedObject                  lastSeen  
id                                             
1019          False  2025-03-16T21:35:40.117Z  
128           False  2025-03-16T21:35:40.428Z  
877           False  2025-03-16T21:35:40.428Z  ","  source target       label        kind                        lastSeen
0    877   1019  GenericAll  GenericAll  2025-03-16T21:35:35.889597893Z
1   1019    128    MemberOf    MemberOf   2025-03-16T21:35:36.88777499Z","['S-1-5-21-1333368235-828418111-1849936505-3276'
 'S-1-5-21-1333368235-828418111-1849936505-512'
 'S-1-5-21-1333368235-828418111-1849936505-4033']",567.0,,,,0.0162374020156774,0.5057471264367817,0.0666666666666666,0.0127118644067796,1.0,254.0,0.3542538354253835,304.3659675577959,246.3659675577959,0.2285325623558276,1.9556168949512889,0.2674332793086391,0.3116274979664519,0,0,0.5914007627599073,True,1.8357306976076533,False,-5.704007180342908,False,1.4516911075970689,0.2660831509846827,True
455,0.0,0.0,218.0,0.0,105.0,0.0,False,User Group Created by Badblood github.com/davidprowe/badblood,"CN=GL-MIL-DISTLIST1,OU=SERVICEACCOUNTS,OU=TST,OU=STAGE,DC=MYLAB,DC=LOCAL",False,False,MYLAB.LOCAL,S-1-5-21-1333368235-828418111-1849936505,False,2025-03-16T21:35:40.428Z,FACILITIES-STAFF-01@MYLAB.LOCAL,S-1-5-21-1333368235-828418111-1849936505-4034,GL-mil-distlist1,1742159266.0,0.0,0.0,0.0,False,0.0,0.0,0,0,[],323.0,,,,0.0,0.5011494252873563,0.0,0.0404468412942989,1.0,0.0,0.0,305.951175498442,305.951175498442,0.1512393948383585,1.5415962665816552,0.2108153933453086,0.1775232484006419,0,0,0.4342048003097315,False,2.018676628152275,False,-5.592274387654956,False,7.4983650870227745,0.1431072210065645,False
456,0.0,0.0,276.0,0.0,24.0,0.0,False,User Group Created by Badblood github.com/davidprowe/badblood,"CN=DA-NIG-DISTLIST1,OU=DEVICES,OU=AZR,OU=TIER 2,DC=MYLAB,DC=LOCAL",False,False,MYLAB.LOCAL,S-1-5-21-1333368235-828418111-1849936505,False,2025-03-16T21:35:40.428Z,OPERATIONS-TEAM-02@MYLAB.LOCAL,S-1-5-21-1333368235-828418111-1849936505-4035,DA-nig-distlist1,1742159266.0,0.0,0.0,0.0,False,0.0,0.0,0,0,[],300.0,,,,0.0,0.6344827586206897,0.0,0.0092449922958397,1.0,0.0,0.0,255.95076679830368,255.95076679830368,0.2160992837129831,1.6437277509165296,0.2247820132118314,0.1648822740563237,0,0,0.3464393497636188,False,1.097972401324242,False,-5.400261782640904,False,2.4768860676158666,0.2818380743982495,False
457,0.0,0.0,218.0,0.0,66.0,0.0,False,User Group Created by Badblood github.com/davidprowe/badblood,"CN=CA-ZACEFRON8-ADMINGROUP1,OU=ITS,OU=STAGE,DC=MYLAB,DC=LOCAL",False,False,MYLAB.LOCAL,S-1-5-21-1333368235-828418111-1849936505,False,2025-03-16T21:35:40.428Z,SALES-DEPARTMENT-02@MYLAB.LOCAL,S-1-5-21-1333368235-828418111-1849936505-4036,CA-ZacEfron8-admingroup1,1742159266.0,0.0,0.0,0.0,False,0.0,0.0,0,0,[],284.0,,,,0.0,0.5011494252873563,0.0,0.0254237288135593,1.0,0.0,0.0,287.52127461622734,287.52127461622734,0.1751464258860363,1.5265731541009155,0.2087609622108062,0.1560885527733198,0,0,0.3172205706869871,False,1.0297608972365648,False,-5.825828371377323,False,1.5003965843018017,0.5592997811816193,False
458,0.0,0.0,296.0,0.0,30.0,0.0,False,User Group Created by Badblood github.com/davidprowe/badblood,"CN=IS-649822120-DISTLIST1,OU=SERVICEACCOUNTS,OU=ITS,OU=TIER 2,DC=MYLAB,DC=LOCAL",False,False,MYLAB.LOCAL,S-1-5-21-1333368235-828418111-1849936505,False,2025-03-16T21:35:40.428Z,RESEARCH-USERS-01@MYLAB.LOCAL,S-1-5-21-1333368235-828418111-1849936505-4037,IS-649822120-distlist1,1742159266.0,0.0,0.0,0.0,False,0.0,0.0,0,0,[],326.0,,,,0.0,0.6804597701149425,0.0,0.0115562403697996,1.0,0.0,0.0,287.3010248291803,287.3010248291803,0.175432131084932,1.6920160104847422,0.2313854986090853,0.1791720711412051,0,0,0.4477307365318384,False,2.4273997847062376,False,-5.175317247629882,True,7.605602264059269,0.0722100656455142,False
459,0.0,0.0,369.0,0.0,31.0,0.0,False,User Group Created by Badblood github.com/davidprowe/badblood,"CN=CE-MIL-ADMINGROUP1,OU=DEVICES,OU=GOO,OU=TIER 2,DC=MYLAB,DC=LOCAL",False,False,MYLAB.LOCAL,S-1-5-21-1333368235-828418111-1849936505,False,2025-03-16T21:35:40.428Z,DESIGN-CONTRIBUTORS@MYLAB.LOCAL,S-1-5-21-1333368235-828418111-1849936505-4038,CE-mil-admingroup1,1742159267.0,0.0,0.0,0.0,False,0.0,0.0,0,0,[],400.0,,,,0.0,0.8482758620689655,0.0,0.0119414483821263,1.0,0.0,0.0,310.9371812992818,310.9371812992818,0.1447716120626189,1.860217310451092,0.2543872559318546,0.2198430320750984,0,0,0.3794803923627405,False,1.0076073248325823,False,-5.630664905973347,False,4.55584545599038,0.3352297592997811,False
460,0.0,0.0,242.0,0.0,57.0,0.0,False,User Group Created by Badblood github.com/davidprowe/badblood,"CN=WE-WILLIS140-DISTLIST1,OU=DEVICES,OU=TST,OU=STAGE,DC=MYLAB,DC=LOCAL",False,False,MYLAB.LOCAL,S-1-5-21-1333368235-828418111-1849936505,False,2025-03-16T21:35:40.428Z,LEGAL-MEMBERS-01@MYLAB.LOCAL,S-1-5-21-1333368235-828418111-1849936505-4039,WE-willis140-distlist1,1742159267.0,0.0,0.0,0.0,False,0.0,0.0,0,0,[],299.0,,,,0.0,0.5563218390804597,0.0,0.0219568567026194,1.0,0.0,0.0,338.1243415762892,338.1243415762892,0.1095047764461645,1.5782786957830792,0.2158317656008715,0.164332666476136,0,0,0.3323201735154059,False,1.4300679090884831,False,-6.060933623960154,False,0.4785684893541643,0.5282275711159737,False
461,0.0,0.0,217.0,0.0,23.0,0.0,False,User Group Created by Badblood github.com/davidprowe/badblood,"CN=MY-AZU-ADMINGROUP1,OU=GROUPS,OU=OGC,OU=TIER 1,DC=MYLAB,DC=LOCAL",False,False,MYLAB.LOCAL,S-1-5-21-1333368235-828418111-1849936505,False,2025-03-16T21:35:40.428Z,PRODUCT-EMPLOYEES@MYLAB.LOCAL,S-1-5-21-1333368235-828418111-1849936505-4040,MY-azu-admingroup1,1742159267.0,0.0,0.0,0.0,False,0.0,0.0,0,0,[],240.0,,,,0.0,0.4988505747126436,0.0,0.008859784283513,1.0,0.0,0.0,247.34203468022292,247.34203468022292,0.2272664206033779,1.507710358996157,0.2061814492372705,0.131905819245059,0,0,0.3312391536805745,False,1.106892923390753,False,-5.9766577763698905,False,1.009749380453607,0.5413566739606127,False
462,0.0,0.0,386.0,0.0,22.0,0.0,False,User Group Created by Badblood github.com/davidprowe/badblood,"CN=LO-ENC-DISTLIST1,OU=SERVICEACCOUNTS,OU=TST,OU=TIER 1,DC=MYLAB,DC=LOCAL",False,False,MYLAB.LOCAL,S-1-5-21-1333368235-828418111-1849936505,False,2025-03-16T21:35:40.428Z,PRODUCT-ANNOUNCE@MYLAB.LOCAL,S-1-5-21-1333368235-828418111-1849936505-4041,LO-enc-distlist1,1742159268.0,0.0,0.0,0.0,False,0.0,0.0,0,0,[],408.0,,,,0.0,0.8873563218390804,0.0,0.0084745762711864,1.0,0.0,0.0,288.5144854460355,288.5144854460355,0.1738580455362524,1.8958308981102667,0.2592574626478157,0.2242398927166003,0,0,0.3737475141208348,False,0.9793073304189974,False,-5.358138568682692,False,5.256505886456602,0.325601750547046,False
464,0.0,0.0,247.0,0.0,31.0,0.0,False,User Group Created by Badblood github.com/davidprowe/badblood,"CN=HA-CHE-ADMINGROUP1,OU=SEC,OU=STAGE,DC=MYLAB,DC=LOCAL",False,False,MYLAB.LOCAL,S-1-5-21-1333368235-828418111-1849936505,False,2025-03-16T21:35:40.428Z,CUSTOMER-SERVICE-DEPARTMENT@MYLAB.LOCAL,S-1-5-21-1333368235-828418111-1849936505-4043,HA-che-admingroup1,1742159268.0,0.0,0.0,0.0,False,0.0,0.0,0,0,[],278.0,,,,0.0,0.5678160919540229,0.0,0.0119414483821263,1.0,0.0,0.0,359.36629807033233,359.36629807033233,0.0819499829254581,1.5797575403361492,0.2160339996117539,0.1527909072921933,0,0,0.4207810125507079,False,1.3253408539321965,False,-5.311291844758214,False,7.342509185004474,0.150109409190372,False
465,0.0,0.0,296.0,0.0,26.0,0.0,False,User Group Created by Badblood github.com/davidprowe/badblood,"CN=NA-078-ADMINGROUP1,OU=SERVICEACCOUNTS,OU=ITS,OU=TIER 2,DC=MYLAB,DC=LOCAL",False,False,MYLAB.LOCAL,S-1-5-21-1333368235-828418111-1849936505,False,2025-03-16T21:35:40.428Z,PRODUCT-USERS-01@MYLAB.LOCAL,S-1-5-21-1333368235-828418111-1849936505-4044,NA-078-admingroup1,1742159269.0,0.0,0.0,0.0,False,0.0,0.0,0,0,[],322.0,,,,0.0,0.6804597701149425,0.0,0.010015408320493,1.0,0.0,0.0,261.2325533911988,261.2325533911988,0.2092478178873906,1.6904751784354357,0.2311747877234953,0.1769736408204542,0,0,0.3357156205808275,False,1.0478841267685106,False,-5.713804431524273,False,2.330801364723865,0.3785557986870896,False
466,0.0,16.0,270.0,0.0,50.0,0.0,False,User Group Created by Badblood github.com/davidprowe/badblood,"CN=AN-27O-DISTLIST1,OU=SERVICEACCOUNTS,OU=SEC,OU=STAGE,DC=MYLAB,DC=LOCAL",False,False,MYLAB.LOCAL,S-1-5-21-1333368235-828418111-1849936505,False,2025-03-16T21:35:40.428Z,LOGISTICS-STAFF-01@MYLAB.LOCAL,S-1-5-21-1333368235-828418111-1849936505-4045,AN-27o-distlist1,1742159271.0,0.0,0.0,0.0,False,8.0,9.0,"                             label       kind  \
id                                              
1002             USERS@MYLAB.LOCAL  Container   
1019       LOUIS_TYLER@MYLAB.LOCAL       User   
128      DOMAIN ADMINS@MYLAB.LOCAL      Group   
2648         DANE_GRAY@MYLAB.LOCAL       User   
477      JENNA_HARDING@MYLAB.LOCAL       User   
870   DE-DAS-DISTLIST1@MYLAB.LOCAL      Group   
873   JE-SIE-DISTLIST1@MYLAB.LOCAL      Group   
897   AN-27O-DISTLIST1@MYLAB.LOCAL      Group   

                                           objectId  isTierZero  \
id                                                                
1002           643CE9DD-6D50-4B82-8DA1-994C82A16D6C       False   
1019  S-1-5-21-1333368235-828418111-1849936505-3276        True   
128    S-1-5-21-1333368235-828418111-1849936505-512        True   
2648  S-1-5-21-1333368235-828418111-1849936505-3337       False   
477   S-1-5-21-1333368235-828418111-1849936505-1447        True   
870   S-1-5-21-1333368235-828418111-1849936505-3600       False   
873   S-1-5-21-1333368235-828418111-1849936505-3769       False   
897   S-1-5-21-1333368235-828418111-1849936505-4045       False   

      isOwnedObject                        lastSeen  
id                                                   
1002          False        2025-03-16T21:35:40.053Z  
1019          False        2025-03-16T21:35:40.117Z  
128           False        2025-03-16T21:35:40.428Z  
2648          False  2025-03-16T21:35:35.888256268Z  
477           False  2025-03-16T21:35:31.048103438Z  
870           False        2025-03-16T21:35:39.799Z  
873           False        2025-03-16T21:35:39.799Z  
897           False        2025-03-16T21:35:40.428Z  ","  source target       label        kind                        lastSeen
0    897   2648  GenericAll  GenericAll  2025-03-16T21:35:35.889597893Z
1   2648    873    MemberOf    MemberOf   2025-03-16T21:35:36.88777499Z
2    873    870  GenericAll  GenericAll   2025-03-16T21:35:36.88777499Z
3    870    477  GenericAll  GenericAll  2025-03-16T21:35:31.049135433Z
4    477    128    MemberOf    MemberOf   2025-03-16T21:35:36.88777499Z
5    870   1002  GenericAll  GenericAll  2025-03-16T21:35:38.232994191Z
6   1002    128    Contains    Contains   2025-03-16T21:35:36.88777499Z
7    870   1019  GenericAll  GenericAll  2025-03-16T21:35:35.889597893Z
8   1019    128    MemberOf    MemberOf   2025-03-16T21:35:36.88777499Z","['643CE9DD-6D50-4B82-8DA1-994C82A16D6C'
 'S-1-5-21-1333368235-828418111-1849936505-3276'
 'S-1-5-21-1333368235-828418111-1849936505-512'
 'S-1-5-21-1333368235-828418111-1849936505-3337'
 'S-1-5-21-1333368235-828418111-1849936505-1447'
 'S-1-5-21-1333368235-828418111-1849936505-3600'
 'S-1-5-21-1333368235-828418111-1849936505-3769'
 'S-1-5-21-1333368235-828418111-1849936505-4045']",365.0,,,,0.0044792833146696,0.6206896551724138,0.3,0.0192604006163328,1.0,20.0,0.0278940027894002,257.7632392374245,241.7632392374245,0.234503162499713,1.9723233418928168,0.2697179087279814,0.2006067667685273,0,0,0.459509571929221,False,1.0004318661755436,False,-5.772054021462363,False,1.7381871161040685,0.3947483588621444,False
467,0.0,85.0,228.0,0.0,142.0,0.0,False,User Group Created by Badblood github.com/davidprowe/badblood,"CN=TR-271-DISTLIST1,OU=T2-ACCOUNTS,OU=TIER 2,OU=ADMIN,DC=MYLAB,DC=LOCAL",False,False,MYLAB.LOCAL,S-1-5-21-1333368235-828418111-1849936505,False,2025-03-16T21:35:40.428Z,IT-DEPARTMENT-ALL@MYLAB.LOCAL,S-1-5-21-1333368235-828418111-1849936505-4046,TR-271-distlist1,1742159271.0,0.0,0.0,0.0,False,9.0,17.0,0,0,[],244.0,,,,0.0,0.503448275862069,0.0,0.0096302003081664,1.0,42.0,0.0,302.9504568996284,217.9504568996284,0.2653927983322458,1.5130784761702354,0.2069155465869524,0.13410424956581,0,0,0.3151222439291789,False,0.9610921135642814,False,-5.621776417081087,False,1.6239892038664634,0.5943107221006565,False
468,0.0,0.0,276.0,0.0,55.0,0.0,False,User Group Created by Badblood github.com/davidprowe/badblood,"CN=KI-FIDELIO02-DISTLIST1,OU=TEST,OU=GOO,OU=TIER 2,DC=MYLAB,DC=LOCAL",False,False,MYLAB.LOCAL,S-1-5-21-1333368235-828418111-1849936505,False,2025-03-16T21:35:40.428Z,OPERATIONS-ANNOUNCE-01@MYLAB.LOCAL,S-1-5-21-1333368235-828418111-1849936505-4047,KI-fidelio02-distlist1,1742159271.0,0.0,0.0,0.0,False,0.0,0.0,0,0,[],331.0,,,,0.0,0.6344827586206897,0.0,0.0211864406779661,1.0,0.0,0.0,331.2688285128279,331.2688285128279,0.118397660065202,1.655669199298656,0.2264150225751538,0.1819201090421439,0,0,0.4377076145681614,False,1.6478080523693002,False,-5.378134172961063,False,7.435065888235358,0.1273522975929978,False
469,0.0,0.0,219.0,0.0,32.0,14.0,False,User Group Created by Badblood github.com/davidprowe/badblood,"CN=EL-EST-DISTLIST1,OU=T1-ACCOUNTS,OU=TIER 1,OU=ADMIN,DC=MYLAB,DC=LOCAL",False,False,MYLAB.LOCAL,S-1-5-21-1333368235-828418111-1849936505,False,2025-03-16T21:35:40.428Z,COMPLIANCE-CONTRIBUTORS-01@MYLAB.LOCAL,S-1-5-21-1333368235-828418111-1849936505-4048,EL-est-distlist1,1742159271.0,0.0,0.0,0.0,False,0.0,0.0,0,0,[],251.0,,,,0.0,0.503448275862069,0.0,0.012326656394453,1.0,0.0,0.0,294.5318438569693,294.5318438569693,0.1660524053825375,1.515774932256522,0.2072842906367349,0.1379515026271242,0,0,0.3149499763962112,False,1.015565421832056,False,-5.803636177898548,False,1.1575024836884698,0.612691466083151,False
470,0.0,4.0,435.0,0.0,28.0,5.0,False,User Group Created by Badblood github.com/davidprowe/badblood,"CN=EV-JCH-DISTLIST1,OU=DEVICES,OU=FIN,OU=TIER 1,DC=MYLAB,DC=LOCAL",False,False,MYLAB.LOCAL,S-1-5-21-1333368235-828418111-1849936505,False,2025-03-16T21:35:40.428Z,BACKUP-OPERATORS-LEGACY@MYLAB.LOCAL,S-1-5-21-1333368235-828418111-1849936505-4049,EV-JCH-distlist1,1742159272.0,0.0,0.0,0.0,False,16.0,22.0,"                               label       kind  \
id                                                
1002               USERS@MYLAB.LOCAL  Container   
1005    JA-501-DISTLIST1@MYLAB.LOCAL      Group   
1013    DOMAIN COMPUTERS@MYLAB.LOCAL      Group   
1019         LOUIS_TYLER@MYLAB.LOCAL       User   
128        DOMAIN ADMINS@MYLAB.LOCAL      Group   
2449         KELLY_BARRY@MYLAB.LOCAL       User   
30       AWSWAPPS1000001.MYLAB.LOCAL   Computer   
3276    EV-JCH-DISTLIST1@MYLAB.LOCAL      Group   
406      CHRISTIE_WILSON@MYLAB.LOCAL       User   
45        HREWLPT1000001.MYLAB.LOCAL   Computer   
477        JENNA_HARDING@MYLAB.LOCAL       User   
80       ITSWSECS1000000.MYLAB.LOCAL   Computer   
869     DA-EST-DISTLIST1@MYLAB.LOCAL      Group   
872     RO-ARJ-DISTLIST1@MYLAB.LOCAL      Group   
879   JA-CUC-ADMINGROUP1@MYLAB.LOCAL      Group   
91        OGCWLPT1000002.MYLAB.LOCAL   Computer   

                                           objectId  isTierZero  \
id                                                                
1002           643CE9DD-6D50-4B82-8DA1-994C82A16D6C       False   
1005  S-1-5-21-1333368235-828418111-1849936505-3894       False   
1013   S-1-5-21-1333368235-828418111-1849936505-515       False   
1019  S-1-5-21-1333368235-828418111-1849936505-3276        True   
128    S-1-5-21-1333368235-828418111-1849936505-512        True   
2449  S-1-5-21-1333368235-828418111-1849936505-3133       False   
30    S-1-5-21-1333368235-828418111-1849936505-4123       False   
3276  S-1-5-21-1333368235-828418111-1849936505-4049       False   
406   S-1-5-21-1333368235-828418111-1849936505-1376       False   
45    S-1-5-21-1333368235-828418111-1849936505-4135       False   
477   S-1-5-21-1333368235-828418111-1849936505-1447        True   
80    S-1-5-21-1333368235-828418111-1849936505-4171       False   
869   S-1-5-21-1333368235-828418111-1849936505-3782       False   
872   S-1-5-21-1333368235-828418111-1849936505-3635       False   
879   S-1-5-21-1333368235-828418111-1849936505-3831       False   
91    S-1-5-21-1333368235-828418111-1849936505-4182       False   

      isOwnedObject                        lastSeen  
id                                                   
1002          False        2025-03-16T21:35:40.053Z  
1005          False  2025-03-16T21:35:36.886857315Z  
1013          False  2025-03-16T21:35:36.886857315Z  
1019          False        2025-03-16T21:35:40.117Z  
128           False        2025-03-16T21:35:40.428Z  
2449          False        2025-03-16T21:35:40.117Z  
30            False  2025-03-16T21:35:30.314409114Z  
3276          False        2025-03-16T21:35:40.428Z  
406           False        2025-03-16T21:35:40.117Z  
45            False  2025-03-16T21:35:30.314409114Z  
477           False  2025-03-16T21:35:31.048103438Z  
80            False  2025-03-16T21:35:30.314409114Z  
869           False        2025-03-16T21:35:39.799Z  
872           False        2025-03-16T21:35:39.799Z  
879           False  2025-03-16T21:35:36.886857315Z  
91            False  2025-03-16T21:35:30.314409114Z  ","   source target       label        kind                        lastSeen
0    3276   1005    MemberOf    MemberOf   2025-03-16T21:35:36.88777499Z
1    1005     91  GenericAll  GenericAll  2025-03-16T21:35:30.314791875Z
2      91   1013    MemberOf    MemberOf  2025-03-16T21:35:30.314791875Z
3    1013    879    MemberOf    MemberOf   2025-03-16T21:35:36.88777499Z
4     879   2449  GenericAll  GenericAll  2025-03-16T21:35:35.889597893Z
5    2449    869    MemberOf    MemberOf   2025-03-16T21:35:36.88777499Z
6     869    477  GenericAll  GenericAll  2025-03-16T21:35:31.049135433Z
7     477    128    MemberOf    MemberOf   2025-03-16T21:35:36.88777499Z
8     869   1019  GenericAll  GenericAll  2025-03-16T21:35:35.889597893Z
9    1019    128    MemberOf    MemberOf   2025-03-16T21:35:36.88777499Z
10   1005     30  GenericAll  GenericAll  2025-03-16T21:35:30.314791875Z
11     30   1013    MemberOf    MemberOf  2025-03-16T21:35:30.314791875Z
12    879    406  GenericAll  GenericAll  2025-03-16T21:35:31.049135433Z
13    406    872    MemberOf    MemberOf   2025-03-16T21:35:36.88777499Z
14    872   1019  GenericAll  GenericAll  2025-03-16T21:35:35.889597893Z
15   1005     45  GenericAll  GenericAll  2025-03-16T21:35:30.314791875Z
16     45   1013    MemberOf    MemberOf  2025-03-16T21:35:30.314791875Z
17    872    477  GenericAll  GenericAll  2025-03-16T21:35:31.049135433Z
18   1005     80  GenericAll  GenericAll  2025-03-16T21:35:30.314791875Z
19     80   1013    MemberOf    MemberOf  2025-03-16T21:35:30.314791875Z
20    872   1002  GenericAll  GenericAll  2025-03-16T21:35:38.232994191Z
21   1002    128    Contains    Contains   2025-03-16T21:35:36.88777499Z","['643CE9DD-6D50-4B82-8DA1-994C82A16D6C'
 'S-1-5-21-1333368235-828418111-1849936505-3894'
 'S-1-5-21-1333368235-828418111-1849936505-515'
 'S-1-5-21-1333368235-828418111-1849936505-3276'
 'S-1-5-21-1333368235-828418111-1849936505-512'
 'S-1-5-21-1333368235-828418111-1849936505-3133'
 'S-1-5-21-1333368235-828418111-1849936505-4123'
 'S-1-5-21-1333368235-828418111-1849936505-4049'
 'S-1-5-21-1333368235-828418111-1849936505-1376'
 'S-1-5-21-1333368235-828418111-1849936505-4135'
 'S-1-5-21-1333368235-828418111-1849936505-1447'
 'S-1-5-21-1333368235-828418111-1849936505-4171'
 'S-1-5-21-1333368235-828418111-1849936505-3782'
 'S-1-5-21-1333368235-828418111-1849936505-3635'
 'S-1-5-21-1333368235-828418111-1849936505-3831'
 'S-1-5-21-1333368235-828418111-1849936505-4182']",491.0,,,,0.0011198208286674,1.0,0.7333333333333333,0.0107858243451463,1.0,2.0,0.00278940027894,352.6406321058591,348.6406321058591,0.0958631792501942,2.748028378786086,0.3757966311649561,0.2698573218721832,0,0,0.5795657160246773,True,1.382288323176425,False,-5.146642133151596,True,6.768138088414818,0.0932166301969365,False
471,0.0,12.0,242.0,0.0,385.0,0.0,False,User Group Created by Badblood github.com/davidprowe/badblood,"CN=NI-S0MALILAN-DISTLIST1,OU=GROUPS,OU=SEC,OU=TIER 1,DC=MYLAB,DC=LOCAL",False,False,MYLAB.LOCAL,S-1-5-21-1333368235-828418111-1849936505,False,2025-03-16T21:35:40.428Z,REMOTE-WORKERS-VPN@MYLAB.LOCAL,S-1-5-21-1333368235-828418111-1849936505-4050,NI-s0malilan-distlist1,1742159272.0,0.0,0.0,0.0,False,11.0,20.0,0,0,[],247.0,,,,0.0,0.5011494252873563,0.0,0.011171032357473,1.0,18.0,0.0,331.81610818738994,319.81610818738994,0.1332539819819866,1.5123204576448293,0.2068118865190989,0.1357530723063732,0,0,0.3235121423095735,False,1.0872682456920728,False,-5.964370012523932,False,0.8673717459568697,0.5899343544857768,False
472,0.0,18.0,251.0,0.0,78.0,0.0,False,User Group Created by Badblood github.com/davidprowe/badblood,"CN=MA-LOQUEPILL-DISTLIST1,OU=.SECFRAME.COM,DC=MYLAB,DC=LOCAL",False,False,MYLAB.LOCAL,S-1-5-21-1333368235-828418111-1849936505,False,2025-03-16T21:35:40.428Z,CONTRACTORS-EXTERNAL@MYLAB.LOCAL,S-1-5-21-1333368235-828418111-1849936505-4051,MA-loquepill-distlist1,1742159272.0,0.0,0.0,0.0,False,10.0,19.0,0,0,[],739.0,,,,0.0,0.9471264367816092,0.0,0.1259630200308166,1.0,25.0,0.0,331.1556958245503,313.1556958245503,0.1418937834744845,2.0730894568124256,0.2834978124635816,0.4061600017587442,0,0,0.4724939988508777,False,2.375561315732728,False,-4.766421582409389,True,9.877405345548787,0.0503282275711159,False
473,0.0,0.0,218.0,0.0,33.0,0.0,False,User Group Created by Badblood github.com/davidprowe/badblood,"CN=FR-CON-DISTLIST1,OU=TST,OU=PEOPLE,DC=MYLAB,DC=LOCAL",False,False,MYLAB.LOCAL,S-1-5-21-1333368235-828418111-1849936505,False,2025-03-16T21:35:40.472Z,COMPLIANCE-ALL@MYLAB.LOCAL,S-1-5-21-1333368235-828418111-1849936505-4052,FR-con-distlist1,1742159272.0,0.0,0.0,0.0,False,0.0,0.0,0,0,[],251.0,,,,0.0,0.5011494252873563,0.0,0.0127118644067796,1.0,0.0,0.0,318.46676424258413,318.46676424258413,0.1350043336408826,1.513861289694136,0.2070225974046889,0.1379515026271242,0,0,0.3245176745518716,False,1.1175655636477817,False,-5.980617437149983,False,0.7982707098579217,0.5838074398249453,False
474,0.0,0.0,260.0,0.0,68.0,0.0,False,User Group Created by Badblood github.com/davidprowe/badblood,"CN=GU-159-ADMINGROUP1,OU=TEST,OU=SEC,OU=TIER 2,DC=MYLAB,DC=LOCAL",False,False,MYLAB.LOCAL,S-1-5-21-1333368235-828418111-1849936505,False,2025-03-16T21:35:40.428Z,RESEARCH-ANNOUNCE-04@MYLAB.LOCAL,S-1-5-21-1333368235-828418111-1849936505-4053,GU-159-admingroup1,1742159273.0,0.0,0.0,0.0,False,0.0,0.0,0,0,[],328.0,,,,0.0,0.5977011494252874,0.0,0.0261941448382126,1.0,0.0,0.0,396.68715236614753,396.68715236614753,0.0335378493997188,1.6238952942635,0.222069897698226,0.1802712863015806,0,0,0.40707428952309,False,3.236544756686408,False,-6.460462586315089,False,2.789888826775687,0.3172866520787746,False
476,0.0,0.0,217.0,0.0,30.0,0.0,False,User Group Created by Badblood github.com/davidprowe/badblood,"CN=MA-SAN-DISTLIST1,OU=GOO,OU=STAGE,DC=MYLAB,DC=LOCAL",False,False,MYLAB.LOCAL,S-1-5-21-1333368235-828418111-1849936505,False,2025-03-16T21:35:40.428Z,CUSTOMER-SERVICE-DEPARTMENT-01@MYLAB.LOCAL,S-1-5-21-1333368235-828418111-1849936505-4055,MA-san-distlist1,1742159273.0,0.0,0.0,0.0,False,0.0,0.0,0,0,[],247.0,,,,0.0,0.4988505747126436,0.0,0.0115562403697996,1.0,0.0,0.0,284.97941768137963,284.97941768137963,0.1784436901007781,1.5104068150824432,0.2065501932870529,0.1357530723063732,0,0,0.3204322683079465,False,1.029417487745068,False,-5.907957811987491,False,0.9559693402928522,0.6135667396061268,False
477,0.0,0.0,217.0,0.0,17.0,0.0,False,User Group Created by Badblood github.com/davidprowe/badblood,"CN=CH-603-ADMINGROUP1,OU=GOO,OU=STAGE,DC=MYLAB,DC=LOCAL",False,False,MYLAB.LOCAL,S-1-5-21-1333368235-828418111-1849936505,False,2025-03-16T21:35:40.428Z,ANALYTICS-GROUP-04@MYLAB.LOCAL,S-1-5-21-1333368235-828418111-1849936505-4056,CH-603-admingroup1,1742159274.0,0.0,0.0,0.0,False,0.0,0.0,0,0,[],234.0,,,,0.0,0.4988505747126436,0.0,0.0065485362095531,1.0,0.0,0.0,205.66418705910925,205.66418705910925,0.2813303899891219,1.5053991109221967,0.2058653829088855,0.1286081737639325,0,0,0.3980671607061898,False,0.9884985767350518,False,-5.292862207126087,False,7.400334066272368,0.2708971553610503,False
478,0.0,0.0,219.0,0.0,67.0,0.0,False,User Group Created by Badblood github.com/davidprowe/badblood,"CN=AL-306029161-DISTLIST1,OU=GROUPS,OU=BDE,OU=TIER 1,DC=MYLAB,DC=LOCAL",False,False,MYLAB.LOCAL,S-1-5-21-1333368235-828418111-1849936505,False,2025-03-16T21:35:40.428Z,COMMUNICATIONS-DEPARTMENT-03@MYLAB.LOCAL,S-1-5-21-1333368235-828418111-1849936505-4057,AL-306029161-distlist1,1742159274.0,0.0,0.0,0.0,False,0.0,0.0,0,0,[],286.0,,,,0.0,0.503448275862069,0.0,0.0258089368258859,1.0,0.0,0.0,364.7822398030239,364.7822398030239,0.0749244927731577,1.529257212687955,0.2091280108856472,0.1571877679336953,0,0,0.4120719476652001,False,1.4089891809293449,False,-5.522341926862351,False,7.347662101690514,0.1733041575492341,False
479,0.0,0.0,243.0,0.0,97.0,0.0,False,User Group Created by Badblood github.com/davidprowe/badblood,"CN=RO-DIO-ADMINGROUP1,OU=SERVICEACCOUNTS,OU=SEC,OU=TIER 2,DC=MYLAB,DC=LOCAL",False,False,MYLAB.LOCAL,S-1-5-21-1333368235-828418111-1849936505,False,2025-03-16T21:35:40.428Z,LOGISTICS-STAFF-02@MYLAB.LOCAL,S-1-5-21-1333368235-828418111-1849936505-4058,RO-dio-admingroup1,1742159274.0,0.0,0.0,0.0,False,0.0,0.0,0,0,[],340.0,,,,0.0,0.5586206896551724,0.0,0.0373651771956856,1.0,0.0,0.0,273.84144612044184,273.84144612044184,0.1928917239571324,1.595985866850858,0.2182532454102148,0.1868665772638336,0,0,0.3275960709134071,False,1.383274184124014,False,-5.964501911289076,False,1.8030692062464937,0.424507658643326,False
480,0.0,0.0,263.0,0.0,27.0,0.0,False,User Group Created by Badblood github.com/davidprowe/badblood,"CN=RE-BEA-DISTLIST1,OU=GROUPS,OU=FSR,OU=STAGE,DC=MYLAB,DC=LOCAL",False,False,MYLAB.LOCAL,S-1-5-21-1333368235-828418111-1849936505,False,2025-03-16T21:35:40.428Z,COMMUNICATIONS-EMPLOYEES-02@MYLAB.LOCAL,S-1-5-21-1333368235-828418111-1849936505-4059,RE-bea-distlist1,1742159275.0,0.0,0.0,0.0,False,0.0,0.0,0,0,[],290.0,,,,0.0,0.6045977011494252,0.0,0.0104006163328197,1.0,0.0,0.0,298.78588616482966,298.78588616482966,0.1605341162619326,1.6149983174822449,0.2208532239812591,0.1593861982544463,0,0,0.3241054981537885,False,0.9924373216098292,False,-5.608197612621894,False,1.7830153478898447,0.4708971553610503,False
481,0.0,0.0,217.0,0.0,21.0,0.0,False,User Group Created by Badblood github.com/davidprowe/badblood,"CN=HE-ARIELHADY-ADMINGROUP1,OU=SERVICEACCOUNTS,OU=FIN,OU=STAGE,DC=MYLAB,DC=LOCAL",False,False,MYLAB.LOCAL,S-1-5-21-1333368235-828418111-1849936505,False,2025-03-16T21:35:40.428Z,ANALYTICS-ANNOUNCE-02@MYLAB.LOCAL,S-1-5-21-1333368235-828418111-1849936505-4060,HE-arielhady-admingroup1,1742159275.0,0.0,0.0,0.0,False,0.0,0.0,0,0,[],238.0,,,,0.0,0.4988505747126436,0.0,0.0080893682588597,1.0,0.0,0.0,351.7845740191696,351.7845740191696,0.0917848981235636,1.5069399429715034,0.2060760937944755,0.1308066040846835,0,0,0.3266523660527464,False,1.1112159778849804,False,-5.926604345022765,False,1.0541338265203115,0.5334792122538293,False
482,0.0,81.0,217.0,0.0,27.0,0.0,False,User Group Created by Badblood github.com/davidprowe/badblood,"CN=MA-LEE-DISTLIST1,OU=GROUPS,OU=AZR,OU=TIER 1,DC=MYLAB,DC=LOCAL",False,False,MYLAB.LOCAL,S-1-5-21-1333368235-828418111-1849936505,False,2025-03-16T21:35:40.428Z,FACILITIES-TEAM@MYLAB.LOCAL,S-1-5-21-1333368235-828418111-1849936505-4061,MA-LEE-distlist1,1742159275.0,0.0,0.0,0.0,False,6.0,8.0,"                             label   kind  \
id                                          
1019       LOUIS_TYLER@MYLAB.LOCAL   User   
128      DOMAIN ADMINS@MYLAB.LOCAL  Group   
477      JENNA_HARDING@MYLAB.LOCAL   User   
662      ANGIE_EDWARDS@MYLAB.LOCAL   User   
787      SPENCER_BURKE@MYLAB.LOCAL   User   
892   MA-LEE-DISTLIST1@MYLAB.LOCAL  Group   

                                           objectId  isTierZero  \
id                                                                
1019  S-1-5-21-1333368235-828418111-1849936505-3276        True   
128    S-1-5-21-1333368235-828418111-1849936505-512        True   
477   S-1-5-21-1333368235-828418111-1849936505-1447        True   
662   S-1-5-21-1333368235-828418111-1849936505-1632       False   
787   S-1-5-21-1333368235-828418111-1849936505-1757       False   
892   S-1-5-21-1333368235-828418111-1849936505-4061       False   

      isOwnedObject                        lastSeen  
id                                                   
1019          False        2025-03-16T21:35:40.117Z  
128           False        2025-03-16T21:35:40.428Z  
477           False  2025-03-16T21:35:31.048103438Z  
662           False  2025-03-16T21:35:31.202488933Z  
787           False  2025-03-16T21:35:31.202488933Z  
892           False        2025-03-16T21:35:40.428Z  ","  source target       label        kind                        lastSeen
0    892    662  GenericAll  GenericAll  2025-03-16T21:35:31.203879153Z
1    662   1019  GenericAll  GenericAll  2025-03-16T21:35:35.889597893Z
2   1019    128    MemberOf    MemberOf   2025-03-16T21:35:36.88777499Z
3    892    787  GenericAll  GenericAll  2025-03-16T21:35:31.203879153Z
4    787   1019  GenericAll  GenericAll  2025-03-16T21:35:35.889597893Z
5    787    477  GenericAll  GenericAll  2025-03-16T21:35:31.049135433Z
6    477    128    MemberOf    MemberOf   2025-03-16T21:35:36.88777499Z
7    662    477  GenericAll  GenericAll  2025-03-16T21:35:31.049135433Z","['S-1-5-21-1333368235-828418111-1849936505-3276'
 'S-1-5-21-1333368235-828418111-1849936505-512'
 'S-1-5-21-1333368235-828418111-1849936505-1447'
 'S-1-5-21-1333368235-828418111-1849936505-1632'
 'S-1-5-21-1333368235-828418111-1849936505-1757'
 'S-1-5-21-1333368235-828418111-1849936505-4061']",345.0,,,,0.0226763717805151,0.4988505747126436,0.2666666666666666,0.0104006163328197,1.0,12.0,0.0167364016736401,223.361554083083,142.361554083083,0.363445753583837,1.815330631166285,0.2482489412806559,0.1896146151647723,0,0,0.4462587970552923,False,1.2693782285647317,False,-5.733840939056302,False,1.3762102059507866,0.3356673960612691,False
483,0.0,0.0,217.0,0.0,49.0,0.0,False,User Group Created by Badblood github.com/davidprowe/badblood,"CN=LI-BET-ADMINGROUP1,OU=GROUPS,OU=OGC,OU=TIER 1,DC=MYLAB,DC=LOCAL",False,False,MYLAB.LOCAL,S-1-5-21-1333368235-828418111-1849936505,False,2025-03-16T21:35:40.472Z,OPERATIONS-USERS@MYLAB.LOCAL,S-1-5-21-1333368235-828418111-1849936505-4062,LI-bet-admingroup1,1742159275.0,0.0,0.0,0.0,False,0.0,0.0,0,0,[],266.0,,,,0.0,0.4988505747126436,0.0,0.0188751926040061,1.0,0.0,0.0,238.82502538120903,238.82502538120903,0.2383145758292901,1.5177257673166498,0.2075510699936054,0.1461956163299404,0,0,0.3259340314609377,False,1.2753078624367125,False,-6.07471973372544,False,0.6462832372951169,0.5693654266958424,False
484,0.0,6.0,218.0,0.0,48.0,0.0,False,User Group Created by Badblood github.com/davidprowe/badblood,"CN=AN-DYA-ADMINGROUP1,OU=SERVICEACCOUNTS,OU=FIN,OU=TIER 1,DC=MYLAB,DC=LOCAL",False,False,MYLAB.LOCAL,S-1-5-21-1333368235-828418111-1849936505,False,2025-03-16T21:35:40.428Z,QUALITY-TEAM-02@MYLAB.LOCAL,S-1-5-21-1333368235-828418111-1849936505-4063,AN-Dya-admingroup1,1742159276.0,0.0,0.0,0.0,False,0.0,0.0,0,0,[],272.0,,,,0.0016797312430011,0.5011494252873563,0.0,0.0184899845916795,1.0,0.0,0.0,223.40484692587992,217.40484692587992,0.2661005565923521,1.5213191411220368,0.2080424687655414,0.1494932618110669,0,0,0.4534983787074838,False,1.1642973054327204,False,-5.454650090897056,False,7.3355816861236285,0.1794310722100656,False
485,0.0,0.0,219.0,0.0,27.0,0.0,False,User Group Created by Badblood github.com/davidprowe/badblood,"CN=SE-AYA-DISTLIST1,OU=GROUPS,OU=SEC,OU=TIER 2,DC=MYLAB,DC=LOCAL",False,False,MYLAB.LOCAL,S-1-5-21-1333368235-828418111-1849936505,False,2025-03-16T21:35:40.428Z,LEGAL-EMPLOYEES-01@MYLAB.LOCAL,S-1-5-21-1333368235-828418111-1849936505-4064,SE-aya-distlist1,1742159276.0,0.0,0.0,0.0,False,0.0,0.0,0,0,[],246.0,,,,0.0,0.503448275862069,0.0,0.0104006163328197,1.0,0.0,0.0,259.0031722951764,259.0031722951764,0.2121397424517351,1.5138488921948887,0.2070209020297474,0.1352034647261855,0,0,0.3193549719889795,False,0.9717043119183048,False,-5.875194528363488,False,0.995514419838604,0.6722100656455142,False
486,0.0,0.0,219.0,0.0,30.0,0.0,False,User Group Created by Badblood github.com/davidprowe/badblood,"CN=EM-HIJ-ADMINGROUP1,OU=T1-DEVICES,OU=TIER 1,OU=ADMIN,DC=MYLAB,DC=LOCAL",False,False,MYLAB.LOCAL,S-1-5-21-1333368235-828418111-1849936505,False,2025-03-16T21:35:40.428Z,LOGISTICS-EMPLOYEES@MYLAB.LOCAL,S-1-5-21-1333368235-828418111-1849936505-4065,EM-hij-admingroup1,1742159276.0,0.0,0.0,0.0,False,0.0,0.0,0,0,[],249.0,,,,0.0,0.503448275862069,0.0,0.0115562403697996,1.0,0.0,0.0,313.4177216413746,313.4177216413746,0.1415538869455697,1.5150045162318686,0.2071789351939398,0.1368522874667487,0,0,0.3147178705028088,False,1.025234317218899,False,-5.767522794485497,False,1.2492353568372867,0.5903719912472647,False
487,0.0,116.0,276.0,0.0,25.0,0.0,False,User Group Created by Badblood github.com/davidprowe/badblood,"CN=BE-240-ADMINGROUP1,OU=TEST,OU=BDE,OU=TIER 2,DC=MYLAB,DC=LOCAL",False,False,MYLAB.LOCAL,S-1-5-21-1333368235-828418111-1849936505,False,2025-03-16T21:35:40.428Z,DB-ADMINS-PROD@MYLAB.LOCAL,S-1-5-21-1333368235-828418111-1849936505-4066,BE-240-admingroup1,1742159277.0,0.0,0.0,0.0,False,15.0,28.0,"                                   label       kind  \
id                                                    
1002                   USERS@MYLAB.LOCAL  Container   
1019             LOUIS_TYLER@MYLAB.LOCAL       User   
128            DOMAIN ADMINS@MYLAB.LOCAL      Group   
1661           ETHAN_LANGLEY@MYLAB.LOCAL       User   
19           GOOWSECS1000001.MYLAB.LOCAL   Computer   
3232           DANIEL_FARMER@MYLAB.LOCAL       User   
338           LATOYA_LEBLANC@MYLAB.LOCAL       User   
477            JENNA_HARDING@MYLAB.LOCAL       User   
569         FRANCESCA_ARNOLD@MYLAB.LOCAL       User   
753             BRETT_FRANKS@MYLAB.LOCAL       User   
869         DA-EST-DISTLIST1@MYLAB.LOCAL      Group   
870         DE-DAS-DISTLIST1@MYLAB.LOCAL      Group   
871   MA-VACACIONE-DISTLIST1@MYLAB.LOCAL      Group   
872         RO-ARJ-DISTLIST1@MYLAB.LOCAL      Group   
875       BE-240-ADMINGROUP1@MYLAB.LOCAL      Group   

                                           objectId  isTierZero  \
id                                                                
1002           643CE9DD-6D50-4B82-8DA1-994C82A16D6C       False   
1019  S-1-5-21-1333368235-828418111-1849936505-3276        True   
128    S-1-5-21-1333368235-828418111-1849936505-512        True   
1661  S-1-5-21-1333368235-828418111-1849936505-2311       False   
19    S-1-5-21-1333368235-828418111-1849936505-4111       False   
3232  S-1-5-21-1333368235-828418111-1849936505-3554       False   
338   S-1-5-21-1333368235-828418111-1849936505-1308       False   
477   S-1-5-21-1333368235-828418111-1849936505-1447        True   
569   S-1-5-21-1333368235-828418111-1849936505-1539       False   
753   S-1-5-21-1333368235-828418111-1849936505-1723       False   
869   S-1-5-21-1333368235-828418111-1849936505-3782       False   
870   S-1-5-21-1333368235-828418111-1849936505-3600       False   
871   S-1-5-21-1333368235-828418111-1849936505-3890       False   
872   S-1-5-21-1333368235-828418111-1849936505-3635       False   
875   S-1-5-21-1333368235-828418111-1849936505-4066       False   

      isOwnedObject                        lastSeen  
id                                                   
1002          False        2025-03-16T21:35:40.053Z  
1019          False        2025-03-16T21:35:40.117Z  
128           False        2025-03-16T21:35:40.428Z  
1661          False        2025-03-16T21:35:39.033Z  
19            False        2025-03-16T21:35:40.395Z  
3232          False        2025-03-16T21:35:40.117Z  
338           False        2025-03-16T21:35:39.852Z  
477           False  2025-03-16T21:35:31.048103438Z  
569           False        2025-03-16T21:35:40.117Z  
753           False        2025-03-16T21:35:39.033Z  
869           False        2025-03-16T21:35:39.799Z  
870           False        2025-03-16T21:35:39.799Z  
871           False        2025-03-16T21:35:39.799Z  
872           False        2025-03-16T21:35:39.799Z  
875           False        2025-03-16T21:35:40.428Z  ","   source target       label        kind                        lastSeen
0     875    569  GenericAll  GenericAll  2025-03-16T21:35:31.049135433Z
1     569    871    MemberOf    MemberOf   2025-03-16T21:35:36.88777499Z
2     871   1002  GenericAll  GenericAll  2025-03-16T21:35:38.232994191Z
3    1002    128    Contains    Contains   2025-03-16T21:35:36.88777499Z
4     875    753  GenericAll  GenericAll  2025-03-16T21:35:31.203879153Z
5     753     19  GenericAll  GenericAll  2025-03-16T21:35:30.314791875Z
6      19   1019  GenericAll  GenericAll  2025-03-16T21:35:35.889597893Z
7    1019    128    MemberOf    MemberOf   2025-03-16T21:35:36.88777499Z
8      19    477  GenericAll  GenericAll  2025-03-16T21:35:31.049135433Z
9     477    128    MemberOf    MemberOf   2025-03-16T21:35:36.88777499Z
10    569     19  GenericAll  GenericAll  2025-03-16T21:35:30.314791875Z
11    753    338  GenericAll  GenericAll  2025-03-16T21:35:31.049135433Z
12    338    477  GenericAll  GenericAll  2025-03-16T21:35:31.049135433Z
13    875   3232  GenericAll  GenericAll  2025-03-16T21:35:35.889597893Z
14   3232    870    MemberOf    MemberOf   2025-03-16T21:35:36.88777499Z
15    870   1019  GenericAll  GenericAll  2025-03-16T21:35:35.889597893Z
16    569    872  GenericAll  GenericAll   2025-03-16T21:35:36.88777499Z
17    872   1002  GenericAll  GenericAll  2025-03-16T21:35:38.232994191Z
18    872   1019  GenericAll  GenericAll  2025-03-16T21:35:35.889597893Z
19    875   1661  GenericAll  GenericAll  2025-03-16T21:35:34.829357333Z
20   1661    869    MemberOf    MemberOf   2025-03-16T21:35:36.88777499Z
21    869    477  GenericAll  GenericAll  2025-03-16T21:35:31.049135433Z
22    871    477  GenericAll  GenericAll  2025-03-16T21:35:31.049135433Z
23    869   1019  GenericAll  GenericAll  2025-03-16T21:35:35.889597893Z
24    872    477  GenericAll  GenericAll  2025-03-16T21:35:31.049135433Z
25    870   1002  GenericAll  GenericAll  2025-03-16T21:35:38.232994191Z
26    870    477  GenericAll  GenericAll  2025-03-16T21:35:31.049135433Z
27    871   1019  GenericAll  GenericAll  2025-03-16T21:35:35.889597893Z","['643CE9DD-6D50-4B82-8DA1-994C82A16D6C'
 'S-1-5-21-1333368235-828418111-1849936505-3276'
 'S-1-5-21-1333368235-828418111-1849936505-512'
 'S-1-5-21-1333368235-828418111-1849936505-2311'
 'S-1-5-21-1333368235-828418111-1849936505-4111'
 'S-1-5-21-1333368235-828418111-1849936505-3554'
 'S-1-5-21-1333368235-828418111-1849936505-1308'
 'S-1-5-21-1333368235-828418111-1849936505-1447'
 'S-1-5-21-1333368235-828418111-1849936505-1539'
 'S-1-5-21-1333368235-828418111-1849936505-1723'
 'S-1-5-21-1333368235-828418111-1849936505-3782'
 'S-1-5-21-1333368235-828418111-1849936505-3600'
 'S-1-5-21-1333368235-828418111-1849936505-3890'
 'S-1-5-21-1333368235-828418111-1849936505-3635'
 'S-1-5-21-1333368235-828418111-1849936505-4066']",460.0,,,,0.0324748040313549,0.6344827586206897,0.9333333333333332,0.0096302003081664,1.0,15.0,0.0209205020920502,317.14678511947824,201.14678511947824,0.2871903058462832,2.6308415983855946,0.3597711790147764,0.2528194868863631,0,0,0.5996680342809411,True,1.310064451477292,False,-5.829473656708004,False,1.7856644687811891,0.2897155361050328,False
488,0.0,0.0,260.0,0.0,116.0,0.0,False,User Group Created by Badblood github.com/davidprowe/badblood,"CN=CE-ARABE1987-DISTLIST1,OU=AWS,OU=PEOPLE,DC=MYLAB,DC=LOCAL",False,False,MYLAB.LOCAL,S-1-5-21-1333368235-828418111-1849936505,False,2025-03-16T21:35:40.428Z,AUDIT-GROUP@MYLAB.LOCAL,S-1-5-21-1333368235-828418111-1849936505-4067,CE-arabe1987-distlist1,1742159277.0,0.0,0.0,0.0,False,0.0,0.0,0,0,[],376.0,,,,0.0,0.5977011494252874,0.0,0.0446841294298921,1.0,0.0,0.0,306.21275478169804,306.21275478169804,0.1509000775470611,1.6423852788551794,0.2245984283253058,0.2066524501505924,0,0,0.4624211103202815,False,1.7893786866714678,False,-5.587816426948534,False,7.590230855337355,0.1343544857768052,False
489,0.0,0.0,220.0,0.0,72.0,0.0,False,User Group Created by Badblood github.com/davidprowe/badblood,"CN=MA-COCOM3008-ADMINGROUP1,OU=GROUPS,OU=TST,OU=TIER 2,DC=MYLAB,DC=LOCAL",False,False,MYLAB.LOCAL,S-1-5-21-1333368235-828418111-1849936505,False,2025-03-16T21:35:40.428Z,SALES-GROUP-02@MYLAB.LOCAL,S-1-5-21-1333368235-828418111-1849936505-4068,MA-COCOM3008-admingroup1,1742159277.0,0.0,0.0,0.0,False,0.0,0.0,0,0,[],292.0,,,,0.0,0.5057471264367817,0.0,0.0277349768875192,1.0,0.0,0.0,231.7190175933908,231.7190175933908,0.2475323979919885,1.533482103324301,0.2097057704460781,0.1604854134148218,0,0,0.3175417148889592,False,1.0039652788230546,False,-5.921471841604547,False,1.3400340850969117,0.6179431072210065,False
491,0.0,0.0,217.0,0.0,26.0,0.0,False,User Group Created by Badblood github.com/davidprowe/badblood,"CN=FR-ELSARAZZE-DISTLIST1,OU=GROUPS,OU=HRE,OU=TIER 1,DC=MYLAB,DC=LOCAL",False,False,MYLAB.LOCAL,S-1-5-21-1333368235-828418111-1849936505,False,2025-03-16T21:35:40.428Z,FACILITIES-CONTRIBUTORS-03@MYLAB.LOCAL,S-1-5-21-1333368235-828418111-1849936505-4070,FR-elsarazze-distlist1,1742159278.0,0.0,0.0,0.0,False,0.0,0.0,0,0,[],243.0,,,,0.0,0.4988505747126436,0.0,0.010015408320493,1.0,0.0,0.0,192.14267522081215,192.14267522081215,0.2988703217226489,1.5088659830331366,0.206339482401463,0.1335546419856222,0,0,0.3263895943862923,False,1.1304598370931065,False,-5.475965201272893,False,2.033928147093395,0.3448577680525164,False
493,0.0,0.0,276.0,0.0,27.0,0.0,False,User Group Created by Badblood github.com/davidprowe/badblood,"CN=HO-NAS-ADMINGROUP1,OU=TEST,OU=AZR,OU=TIER 2,DC=MYLAB,DC=LOCAL",False,False,MYLAB.LOCAL,S-1-5-21-1333368235-828418111-1849936505,False,2025-03-16T21:35:40.428Z,FINANCE-CONTRIBUTORS@MYLAB.LOCAL,S-1-5-21-1333368235-828418111-1849936505-4072,HO-nas-admingroup1,1742159278.0,0.0,0.0,0.0,False,0.0,0.0,0,0,[],303.0,,,,0.0,0.6344827586206897,0.0,0.0104006163328197,1.0,0.0,0.0,296.42512761909654,296.42512761909654,0.1635964619690316,1.6448833749535094,0.2249400463760239,0.166531096796887,0,0,0.4301086484284097,False,1.9689403719828773,False,-5.213955101846876,False,7.464376583740454,0.0984682713347921,False
494,0.0,0.0,386.0,0.0,23.0,0.0,False,User Group Created by Badblood github.com/davidprowe/badblood,"CN=HE-RANGER042-DISTLIST1,OU=TST,OU=TIER 1,DC=MYLAB,DC=LOCAL",False,False,MYLAB.LOCAL,S-1-5-21-1333368235-828418111-1849936505,False,2025-03-16T21:35:40.428Z,QUALITY-EMPLOYEES@MYLAB.LOCAL,S-1-5-21-1333368235-828418111-1849936505-4073,HE-ranger042-distlist1,1742159278.0,0.0,0.0,0.0,False,0.0,0.0,0,0,[],409.0,,,,0.0,0.8873563218390804,0.0,0.008859784283513,1.0,0.0,0.0,273.2206090168737,273.2206090168737,0.1936970658851986,1.8962161061225933,0.2593101403692132,0.2247895002967881,0,0,0.3721342499605469,False,0.9841654122465736,False,-5.381615439218756,False,5.236454555519666,0.3234135667396061,False
495,0.0,0.0,221.0,0.0,24.0,0.0,False,User Group Created by Badblood github.com/davidprowe/badblood,"CN=MA-SOYHERMOS-DISTLIST1,OU=SERVICEACCOUNTS,OU=GOO,OU=TIER 1,DC=MYLAB,DC=LOCAL",False,False,MYLAB.LOCAL,S-1-5-21-1333368235-828418111-1849936505,False,2025-03-16T21:35:40.428Z,FINANCE-EMPLOYEES-01@MYLAB.LOCAL,S-1-5-21-1333368235-828418111-1849936505-4074,MA-soyhermos-distlist1,1742159279.0,0.0,0.0,0.0,False,0.0,0.0,0,0,[],245.0,,,,0.0,0.5080459770114942,0.0,0.0092449922958397,1.0,0.0,0.0,314.288742519654,314.288742519654,0.1404240098337347,1.517290969307334,0.2074916107724418,0.1346538571459977,0,0,0.4044093324654562,False,0.986202790350721,False,-5.32671045351574,False,7.36703341952412,0.2735229759299781,False
496,0.0,0.0,241.0,0.0,21.0,2.0,False,User Group Created by Badblood github.com/davidprowe/badblood,"CN=BE-231-DISTLIST1,OU=STAGING,OU=ADMIN,DC=MYLAB,DC=LOCAL",False,False,MYLAB.LOCAL,S-1-5-21-1333368235-828418111-1849936505,False,2025-03-16T21:35:40.428Z,COMPLIANCE-ANNOUNCE-02@MYLAB.LOCAL,S-1-5-21-1333368235-828418111-1849936505-4075,BE-231-distlist1,1742159279.0,0.0,0.0,0.0,False,0.0,0.0,0,0,[],262.0,,,,0.0,0.5540229885057472,0.0,0.0080893682588597,1.0,0.0,0.0,324.98700030363057,324.98700030363057,0.1265463670492089,1.562112356764607,0.2136209966771182,0.1439971860091894,0,0,0.3219370082001511,False,2.167098216427701,False,-5.588200193603315,False,1.5870065565714084,0.3584245076586433,False
497,0.0,0.0,278.0,0.0,53.0,0.0,False,User Group Created by Badblood github.com/davidprowe/badblood,"CN=WI-AVRZ15127-DISTLIST1,OU=SERVICEACCOUNTS,OU=FIN,OU=TIER 2,DC=MYLAB,DC=LOCAL",False,False,MYLAB.LOCAL,S-1-5-21-1333368235-828418111-1849936505,False,2025-03-16T21:35:40.428Z,SALES-GROUP-03@MYLAB.LOCAL,S-1-5-21-1333368235-828418111-1849936505-4076,WI-avrz15127-distlist1,1742159279.0,0.0,0.0,0.0,False,0.0,0.0,0,0,[],331.0,,,,0.0,0.639080459770115,0.0,0.0204160246533127,1.0,0.0,0.0,300.1249328155965,300.1249328155965,0.158797122120794,1.6594964844234277,0.2269384090392457,0.1819201090421439,0,0,0.4390781226698233,False,1.6766943475829126,False,-5.363214906846942,False,7.446648768986131,0.1229759299781181,False
498,0.0,0.0,275.0,0.0,22.0,0.0,False,User Group Created by Badblood github.com/davidprowe/badblood,"CN=CH-24DEJULIO-DISTLIST1,OU=SERVICEACCOUNTS,OU=AZR,OU=TIER 2,DC=MYLAB,DC=LOCAL",False,False,MYLAB.LOCAL,S-1-5-21-1333368235-828418111-1849936505,False,2025-03-16T21:35:40.428Z,STRATEGY-USERS-02@MYLAB.LOCAL,S-1-5-21-1333368235-828418111-1849936505-4077,CH-24dejulio-distlist1,1742159279.0,0.0,0.0,0.0,False,0.0,0.0,0,0,[],297.0,,,,0.0,0.632183908045977,0.0,0.0084745762711864,1.0,0.0,0.0,327.5529579942698,327.5529579942698,0.1232178396431643,1.6406584843171634,0.224362286815593,0.1632334513157605,0,0,0.32621084288871,False,0.9794372140830336,False,-5.632119674106049,False,1.937332301051886,0.4778993435448578,False
499,0.0,0.0,218.0,0.0,61.0,3.0,False,User Group Created by Badblood github.com/davidprowe/badblood,"CN=RO-MARAROLO2-DISTLIST1,OU=T0-DEVICES,OU=TIER 0,OU=ADMIN,DC=MYLAB,DC=LOCAL",False,False,MYLAB.LOCAL,S-1-5-21-1333368235-828418111-1849936505,False,2025-03-16T21:35:40.428Z,COMMUNICATIONS-DEPARTMENT-04@MYLAB.LOCAL,S-1-5-21-1333368235-828418111-1849936505-4078,RO-mararolo2-distlist1,1742159279.0,0.0,0.0,0.0,False,0.0,0.0,0,0,[],279.0,,,,0.0,0.5011494252873563,0.0,0.023497688751926,1.0,0.0,0.0,304.13708806469174,304.13708806469174,0.1535926057904436,1.5246471140392823,0.2084975736038188,0.1533405148723811,0,0,0.3198668701028088,False,1.0215231915667071,False,-6.028827595385302,False,0.8666292871808978,0.6551422319474836,False
500,0.0,0.0,218.0,0.0,104.0,0.0,False,User Group Created by Badblood github.com/davidprowe/badblood,"CN=BE-NIC-DISTLIST1,OU=GROUPS,OU=BDE,OU=STAGE,DC=MYLAB,DC=LOCAL",False,False,MYLAB.LOCAL,S-1-5-21-1333368235-828418111-1849936505,False,2025-03-16T21:35:40.428Z,PROCUREMENT-DEPARTMENT-02@MYLAB.LOCAL,S-1-5-21-1333368235-828418111-1849936505-4079,BE-nic-distlist1,1742159280.0,0.0,0.0,0.0,False,0.0,0.0,0,0,[],322.0,,,,0.0,0.5011494252873563,0.0,0.0400616332819722,1.0,0.0,0.0,317.4059793692807,317.4059793692807,0.136380370173203,1.5412110585693286,0.2107627156239111,0.1769736408204542,0,0,0.3226230448357259,False,1.26720776341177,False,-5.9993748421034265,False,1.935132020592743,0.4652078774617068,False
501,0.0,0.0,218.0,0.0,56.0,0.0,False,User Group Created by Badblood github.com/davidprowe/badblood,"CN=LU-EMP-DISTLIST1,OU=DEVICES,OU=BDE,OU=TIER 1,DC=MYLAB,DC=LOCAL",False,False,MYLAB.LOCAL,S-1-5-21-1333368235-828418111-1849936505,False,2025-03-16T21:35:40.428Z,TRAINING-GROUP-01@MYLAB.LOCAL,S-1-5-21-1333368235-828418111-1849936505-4080,LU-emp-distlist1,1742159280.0,0.0,0.0,0.0,False,0.0,0.0,0,0,[],274.0,,,,0.0,0.5011494252873563,0.0,0.0215716486902927,1.0,0.0,0.0,262.9488662891285,262.9488662891285,0.2070214388091431,1.522721073977649,0.2082341849968313,0.1505924769714424,0,0,0.3164056607135305,False,0.9728283526543174,False,-5.917388488545365,False,1.077321404990769,0.6967177242888403,False
502,0.0,0.0,218.0,0.0,59.0,0.0,False,User Group Created by Badblood github.com/davidprowe/badblood,"CN=KI-BUZ-DISTLIST1,OU=DOMAIN CONTROLLERS,DC=MYLAB,DC=LOCAL",False,False,MYLAB.LOCAL,S-1-5-21-1333368235-828418111-1849936505,False,2025-03-16T21:35:40.472Z,TRAINING-GROUP-02@MYLAB.LOCAL,S-1-5-21-1333368235-828418111-1849936505-4081,KI-buz-distlist1,1742159280.0,0.0,0.0,0.0,False,0.0,0.0,0,0,[],277.0,,,,0.0,0.5011494252873563,0.0,0.0227272727272727,1.0,0.0,0.0,286.10629176504455,286.10629176504455,0.1769819234924183,1.523876698014629,0.2083922181610238,0.1522412997120056,0,0,0.3220318797054513,False,1.0491782737975577,False,-6.061332437766282,False,0.7546126524322553,0.6354485776805252,False
503,0.0,0.0,218.0,0.0,53.0,0.0,False,User Group Created by Badblood github.com/davidprowe/badblood,"CN=ES-TELENOVEL-DISTLIST1,OU=BDE,OU=TIER 1,DC=MYLAB,DC=LOCAL",False,False,MYLAB.LOCAL,S-1-5-21-1333368235-828418111-1849936505,False,2025-03-16T21:35:40.472Z,COMPLIANCE-TEAM-01@MYLAB.LOCAL,S-1-5-21-1333368235-828418111-1849936505-4082,ES-telenovel-distlist1,1742159281.0,0.0,0.0,0.0,False,0.0,0.0,0,0,[],271.0,,,,0.0,0.5011494252873563,0.0,0.0204160246533127,1.0,0.0,0.0,302.706556553209,302.706556553209,0.1554482729195437,1.521565449940669,0.2080761518326388,0.1489436542308791,0,0,0.3193247282276824,False,1.0933844124760466,False,-5.992444291000219,False,0.8234437467857739,0.6183807439824945,False
508,0.0,0.0,218.0,0.0,33.0,3.0,False,User Group Created by Badblood github.com/davidprowe/badblood,"CN=ME-73MACRPRY-DISTLIST1,OU=DOMAIN CONTROLLERS,DC=MYLAB,DC=LOCAL",False,False,MYLAB.LOCAL,S-1-5-21-1333368235-828418111-1849936505,False,2025-03-16T21:35:40.428Z,OPERATIONS-ANNOUNCE-02@MYLAB.LOCAL,S-1-5-21-1333368235-828418111-1849936505-4087,ME-73macrpry-distlist1,1742159282.0,0.0,0.0,0.0,False,0.0,0.0,0,0,[],251.0,,,,0.0,0.5011494252873563,0.0,0.0127118644067796,1.0,0.0,0.0,330.2166475130145,330.2166475130145,0.1197625357631819,1.513861289694136,0.2070225974046889,0.1379515026271242,0,0,0.3977947745846427,False,1.0993959581614912,False,-5.383288546715954,False,7.352348383192432,0.2157549234135667,False
509,0.0,0.0,275.0,0.0,21.0,0.0,False,User Group Created by Badblood github.com/davidprowe/badblood,"CN=JA-RESISTE77-DISTLIST1,OU=GOO,OU=TIER 2,DC=MYLAB,DC=LOCAL",False,False,MYLAB.LOCAL,S-1-5-21-1333368235-828418111-1849936505,False,2025-03-16T21:35:40.428Z,PROCUREMENT-TEAM-04@MYLAB.LOCAL,S-1-5-21-1333368235-828418111-1849936505-4088,JA-resiste77-distlist1,1742159282.0,0.0,0.0,0.0,False,0.0,0.0,0,0,[],296.0,,,,0.0,0.632183908045977,0.0,0.0080893682588597,1.0,0.0,0.0,276.66227306278006,276.66227306278006,0.189232583426665,1.6402732763048369,0.2243096090941955,0.1626838437355728,0,0,0.3285223251868545,False,0.9796884169557762,False,-5.724649648916446,False,1.756423398372155,0.4932166301969365,False
510,0.0,0.0,219.0,0.0,25.0,0.0,False,User Group Created by Badblood github.com/davidprowe/badblood,"CN=EM-VER-DISTLIST1,OU=TEST,OU=FSR,OU=TIER 1,DC=MYLAB,DC=LOCAL",False,False,MYLAB.LOCAL,S-1-5-21-1333368235-828418111-1849936505,False,2025-03-16T21:35:40.428Z,FINANCE-EMPLOYEES-02@MYLAB.LOCAL,S-1-5-21-1333368235-828418111-1849936505-4089,EM-ver-distlist1,1742159282.0,0.0,0.0,0.0,False,0.0,0.0,0,0,[],244.0,,,,0.0,0.503448275862069,0.0,0.0096302003081664,1.0,0.0,0.0,317.0135645849032,317.0135645849032,0.1368894055984957,1.5130784761702354,0.2069155465869524,0.13410424956581,0,0,0.3189297378941972,False,0.9702710859819682,False,-5.848220117177824,False,1.0624746927413322,0.6573304157549235,False
511,0.0,0.0,219.0,0.0,56.0,0.0,False,User Group Created by Badblood github.com/davidprowe/badblood,"CN=JO-VALEVERGA-DISTLIST1,OU=OGC,OU=PEOPLE,DC=MYLAB,DC=LOCAL",False,False,MYLAB.LOCAL,S-1-5-21-1333368235-828418111-1849936505,False,2025-03-16T21:35:40.428Z,FACILITIES-USERS-02@MYLAB.LOCAL,S-1-5-21-1333368235-828418111-1849936505-4090,JO-valeverga-distlist1,1742159282.0,0.0,0.0,0.0,False,0.0,0.0,0,0,[],275.0,,,,0.0,0.503448275862069,0.0,0.0215716486902927,1.0,0.0,0.0,282.30330343972844,282.30330343972844,0.1819151111719584,1.5250199245523617,0.2085485559502747,0.1511420845516301,0,0,0.326438644291362,False,1.1469980245415017,False,-5.691030551006318,False,1.7018457929613229,0.4004376367614879,False
512,0.0,0.0,217.0,0.0,32.0,0.0,False,User Group Created by Badblood github.com/davidprowe/badblood,"CN=JE-DIA-DISTLIST1,OU=DEVICES,OU=GOO,OU=STAGE,DC=MYLAB,DC=LOCAL",False,False,MYLAB.LOCAL,S-1-5-21-1333368235-828418111-1849936505,False,2025-03-16T21:35:40.428Z,HR-USERS-01@MYLAB.LOCAL,S-1-5-21-1333368235-828418111-1849936505-4091,JE-dia-distlist1,1742159283.0,0.0,0.0,0.0,False,0.0,0.0,0,0,[],249.0,,,,0.0,0.4988505747126436,0.0,0.012326656394453,1.0,0.0,0.0,288.8438053605941,288.8438053605941,0.1734308559668516,1.5111772311070966,0.2066555487298479,0.1368522874667487,0,0,0.3962868834750409,False,1.0881384401396843,False,-5.379974345525178,False,7.357099241916454,0.2175054704595186,False
517,0.0,0.0,8.0,0.0,3.0,0.0,True,Backup Operators can override security restrictions for the sole purpose of backing up or restoring files,"CN=BACKUP OPERATORS,CN=BUILTIN,DC=MYLAB,DC=LOCAL",False,False,MYLAB.LOCAL,S-1-5-21-1333368235-828418111-1849936505,True,2025-03-16T21:35:40.428Z,BACKUP OPERATORS@MYLAB.LOCAL,MYLAB.LOCAL-S-1-5-32-551,Backup Operators,1742158052.0,0.0,0.0,0.0,True,0.0,0.0,0,0,[],11.0,admin_tier_0,,,0.0,0.0183908045977011,0.0,0.0011556240369799,1.0,0.0,0.0,330.613169135298,330.613169135298,0.1192481730004307,1.019546428634681,0.1394243655396399,0.0060456833820652,0,0,0.4701964868474004,False,6.620588146899594,True,-5.1759018284388345,False,7.966289560509337,0.0512035010940919,False
518,0.0,0.0,8.0,0.0,2.0,0.0,True,Supports file replication in a domain,"CN=REPLICATOR,CN=BUILTIN,DC=MYLAB,DC=LOCAL",False,False,MYLAB.LOCAL,S-1-5-21-1333368235-828418111-1849936505,True,2025-03-16T21:35:40.428Z,REPLICATORS@MYLAB.LOCAL,MYLAB.LOCAL-S-1-5-32-552,Replicator,1742158052.0,0.0,0.0,0.0,False,0.0,0.0,0,0,[],10.0,,,,0.0,0.0183908045977011,0.0,0.0007704160246533,1.0,0.0,0.0,206.12560156984225,206.12560156984225,0.280731849003772,1.0191612206223544,0.1393716878182424,0.0054960758018774,0,0,0.4647545907039533,False,6.61198171410115,True,-5.173366585947644,True,7.971212166186638,0.049015317286652,False
519,0.0,0.0,217.0,0.0,3.0,0.0,False,Members in this group are granted the right to logon remotely,"CN=REMOTE DESKTOP USERS,CN=BUILTIN,DC=MYLAB,DC=LOCAL",False,False,MYLAB.LOCAL,S-1-5-21-1333368235-828418111-1849936505,False,2025-03-16T21:35:40.428Z,REMOTE DESKTOP USERS@MYLAB.LOCAL,MYLAB.LOCAL-S-1-5-32-555,Remote Desktop Users,1742158052.0,0.0,0.0,0.0,False,0.0,0.0,0,0,[],220.0,,,,0.0,0.4988505747126436,0.0,0.0011556240369799,1.0,0.0,0.0,236.84805021518088,236.84805021518088,0.2408790826585339,1.5000061987496234,0.2051278948093205,0.1209136676413041,0,0,0.4000362165947208,False,0.985017747981278,False,-5.197908550252814,False,7.462698723099349,0.2590809628008753,False
520,0.0,0.0,217.0,0.0,3.0,0.0,False,Members in this group can have some administrative privileges to manage configuration of networking features,"CN=NETWORK CONFIGURATION OPERATORS,CN=BUILTIN,DC=MYLAB,DC=LOCAL",False,False,MYLAB.LOCAL,S-1-5-21-1333368235-828418111-1849936505,False,2025-03-16T21:35:40.428Z,NETWORK CONFIGURATION OPERATORS@MYLAB.LOCAL,MYLAB.LOCAL-S-1-5-32-556,Network Configuration Operators,1742158052.0,0.0,0.0,0.0,False,0.0,0.0,0,0,[],220.0,,,,0.0,0.4988505747126436,0.0,0.0011556240369799,1.0,0.0,0.0,228.65732645250324,228.65732645250324,0.2515039844715575,1.5000061987496234,0.2051278948093205,0.1209136676413041,0,0,0.3331350816519516,False,1.0484398966767396,False,-5.333556181806896,False,2.326145448364419,0.3190371991247264,False
521,0.0,0.0,217.0,0.0,1.0,0.0,False,Members of this group can access performance counter data locally and remotely,"CN=PERFORMANCE MONITOR USERS,CN=BUILTIN,DC=MYLAB,DC=LOCAL",False,False,MYLAB.LOCAL,S-1-5-21-1333368235-828418111-1849936505,False,2025-03-16T21:35:40.428Z,PERFORMANCE MONITOR USERS@MYLAB.LOCAL,MYLAB.LOCAL-S-1-5-32-558,Performance Monitor Users,1742158052.0,0.0,0.0,0.0,False,0.0,0.0,0,0,[],218.0,,,,0.0,0.4988505747126436,0.0,0.0003852080123266,1.0,0.0,0.0,191.105667465816,191.105667465816,0.3002155148820599,1.4992357827249705,0.2050225393665256,0.1198144524809286,0,0,0.4021978490461627,False,0.9806381040729004,False,-5.183278160970974,False,7.473313385491978,0.2555798687089715,False
522,0.0,0.0,217.0,0.0,2.0,0.0,False,"Members of this group may schedule logging of performance counters, enable trace providers, and collect event traces both locally and via remote access to this computer","CN=PERFORMANCE LOG USERS,CN=BUILTIN,DC=MYLAB,DC=LOCAL",False,False,MYLAB.LOCAL,S-1-5-21-1333368235-828418111-1849936505,False,2025-03-16T21:35:40.428Z,PERFORMANCE LOG USERS@MYLAB.LOCAL,MYLAB.LOCAL-S-1-5-32-559,Performance Log Users,1742158052.0,0.0,0.0,0.0,False,0.0,0.0,0,0,[],219.0,,,,0.0,0.4988505747126436,0.0,0.0007704160246533,1.0,0.0,0.0,264.11360591940723,264.11360591940723,0.2055105534993688,1.4996209907372968,0.2050752170879231,0.1203640600611163,0,0,0.3239810112346371,False,2.524899589246595,False,-5.509601223573538,False,1.9315087436588687,0.3045951859956236,False
523,0.0,0.0,217.0,0.0,1.0,0.0,False,"Members are allowed to launch, activate and use Distributed COM objects on this machine.","CN=DISTRIBUTED COM USERS,CN=BUILTIN,DC=MYLAB,DC=LOCAL",False,False,MYLAB.LOCAL,S-1-5-21-1333368235-828418111-1849936505,False,2025-03-16T21:35:40.428Z,DISTRIBUTED COM USERS@MYLAB.LOCAL,MYLAB.LOCAL-S-1-5-32-562,Distributed COM Users,1742158052.0,0.0,0.0,0.0,False,0.0,0.0,0,0,[],218.0,,,,0.0,0.4988505747126436,0.0,0.0003852080123266,1.0,0.0,0.0,327.0810791198992,327.0810791198992,0.1238299548668119,1.4992357827249705,0.2050225393665256,0.1198144524809286,0,0,0.4021978490461627,False,0.9806381040729004,False,-5.183278160970974,False,7.473313385491978,0.2555798687089715,False
524,0.0,0.0,217.0,0.0,4.0,0.0,False,Built-in group used by Internet Information Services.,"CN=IIS_IUSRS,CN=BUILTIN,DC=MYLAB,DC=LOCAL",False,False,MYLAB.LOCAL,S-1-5-21-1333368235-828418111-1849936505,False,2025-03-16T21:35:40.428Z,IIS_IUSRS@MYLAB.LOCAL,MYLAB.LOCAL-S-1-5-32-568,IIS_IUSRS,1742158052.0,0.0,0.0,0.0,False,0.0,0.0,0,0,[],221.0,,,,0.0,0.4988505747126436,0.0,0.0015408320493066,1.0,0.0,0.0,281.4633271113203,281.4633271113203,0.1830047176918691,1.5003914067619502,0.205180572530718,0.1214632752214918,0,0,0.4018583185823676,False,0.9872072174187622,False,-5.205124440037989,False,7.457549922617214,0.2551422319474835,False
525,0.0,45.0,215.0,0.0,3.0,0.0,False,Members are authorized to perform cryptographic operations.,"CN=CRYPTOGRAPHIC OPERATORS,CN=BUILTIN,DC=MYLAB,DC=LOCAL",False,False,MYLAB.LOCAL,S-1-5-21-1333368235-828418111-1849936505,False,2025-03-16T21:35:40.428Z,PRINT-OPERATORS-LEGACY@MYLAB.LOCAL,MYLAB.LOCAL-S-1-5-32-569,Cryptographic Operators,1742158052.0,0.0,0.0,0.0,False,7.0,13.0,0,0,[],220.0,,,,0.0,0.4988505747126436,0.0,0.0011556240369799,1.0,68.0,0.0,302.7512775488624,257.7512775488624,0.2137636842602035,1.5000061987496234,0.2051278948093205,0.1209136676413041,0,0,0.3422898824781129,False,1.0466034937270363,False,-5.280367320687732,False,2.449415039425124,0.2962800875273523,False
527,0.0,0.0,217.0,0.0,2.0,0.0,False,Members of this group are allowed to connect to Certification Authorities in the enterprise,"CN=CERTIFICATE SERVICE DCOM ACCESS,CN=BUILTIN,DC=MYLAB,DC=LOCAL",False,False,MYLAB.LOCAL,S-1-5-21-1333368235-828418111-1849936505,False,2025-03-16T21:35:40.428Z,CERTIFICATE SERVICE DCOM ACCESS@MYLAB.LOCAL,MYLAB.LOCAL-S-1-5-32-574,Certificate Service DCOM Access,1742158052.0,0.0,0.0,0.0,False,0.0,0.0,0,0,[],219.0,,,,0.0,0.4988505747126436,0.0,0.0007704160246533,1.0,0.0,0.0,342.06695809679263,342.06695809679263,0.1043904648626593,1.4996209907372968,0.2050752170879231,0.1203640600611163,0,0,0.3442717534046188,False,1.0523112000172727,False,-5.275514761992264,False,2.459910624327548,0.2831509846827133,False
528,0.0,0.0,217.0,0.0,1.0,0.0,False,"Servers in this group enable users of RemoteApp programs and personal virtual desktops access to these resources. In Internet-facing deployments, these servers are typically deployed in an edge network. This group needs to be populated on servers running RD Connection Broker. RD Gateway servers and RD Web Access servers used in the deployment need to be in this group.","CN=RDS REMOTE ACCESS SERVERS,CN=BUILTIN,DC=MYLAB,DC=LOCAL",False,False,MYLAB.LOCAL,S-1-5-21-1333368235-828418111-1849936505,False,2025-03-16T21:35:40.428Z,RDS REMOTE ACCESS SERVERS@MYLAB.LOCAL,MYLAB.LOCAL-S-1-5-32-575,RDS Remote Access Servers,1742158052.0,0.0,0.0,0.0,False,0.0,0.0,0,0,[],218.0,,,,0.0,0.4988505747126436,0.0,0.0003852080123266,1.0,0.0,0.0,352.5844231656519,352.5844231656519,0.0907473440693872,1.4992357827249705,0.2050225393665256,0.1198144524809286,0,0,0.3547613523243098,False,1.0607247743604191,False,-5.244134719304777,False,2.531473537058857,0.2617067833698031,False
530,0.0,0.0,217.0,0.0,3.0,0.0,False,Servers in this group can perform routine administrative actions on servers running Remote Desktop Services. This group needs to be populated on all servers in a Remote Desktop Services deployment. The servers running the RDS Central Management service must be included in this group.,"CN=RDS MANAGEMENT SERVERS,CN=BUILTIN,DC=MYLAB,DC=LOCAL",False,False,MYLAB.LOCAL,S-1-5-21-1333368235-828418111-1849936505,False,2025-03-16T21:35:40.428Z,RDS MANAGEMENT SERVERS@MYLAB.LOCAL,MYLAB.LOCAL-S-1-5-32-577,RDS Management Servers,1742158052.0,0.0,0.0,0.0,False,0.0,0.0,0,0,[],220.0,,,,0.0,0.4988505747126436,0.0,0.0011556240369799,1.0,0.0,0.0,290.97863464071094,290.97863464071094,0.1706615828054047,1.5000061987496234,0.2051278948093205,0.1209136676413041,0,0,0.4000362165947208,False,0.985017747981278,False,-5.197908550252814,False,7.462698723099349,0.2590809628008753,False
532,0.0,0.0,217.0,0.0,3.0,0.0,False,Members of this group can remotely query authorization attributes and permissions for resources on this computer.,"CN=ACCESS CONTROL ASSISTANCE OPERATORS,CN=BUILTIN,DC=MYLAB,DC=LOCAL",False,False,MYLAB.LOCAL,S-1-5-21-1333368235-828418111-1849936505,False,2025-03-16T21:35:40.428Z,ACCESS CONTROL ASSISTANCE OPERATORS@MYLAB.LOCAL,MYLAB.LOCAL-S-1-5-32-579,Access Control Assistance Operators,1742158052.0,0.0,0.0,0.0,False,0.0,0.0,0,0,[],220.0,,,,0.0,0.4988505747126436,0.0,0.0011556240369799,1.0,0.0,0.0,353.72671088024583,353.72671088024583,0.0892655830966774,1.5000061987496234,0.2051278948093205,0.1209136676413041,0,0,0.3431308786420292,False,1.0470760386077478,False,-5.272930585423085,False,2.4666590141027247,0.2897155361050328,False
533,0.0,20.0,217.0,0.0,2.0,0.0,False,Members of this group can access WMI resources over management protocols (such as WS-Management via the Windows Remote Management service). This applies only to WMI namespaces that grant access to the user.,"CN=REMOTE MANAGEMENT USERS,CN=BUILTIN,DC=MYLAB,DC=LOCAL",False,False,MYLAB.LOCAL,S-1-5-21-1333368235-828418111-1849936505,False,2025-03-16T21:35:40.428Z,REMOTE MANAGEMENT USERS@MYLAB.LOCAL,MYLAB.LOCAL-S-1-5-32-580,Remote Management Users,1742158052.0,0.0,0.0,0.0,False,0.0,0.0,0,0,[],239.0,,,,0.005599104143337,0.4988505747126436,0.0,0.0007704160246533,1.0,0.0,0.0,298.09107826016555,278.09107826016555,0.1873791556500706,1.505220094880634,0.20584090222089,0.1313562116648712,0,0,0.4993315155099398,False,0.9828262817628948,False,-5.190829228376468,False,7.467939182990189,0.224945295404814,False
534,0.0,0.0,217.0,0.0,3.0,0.0,False,Members of this group have complete and unrestricted access to all features of Storage Replica.,"CN=STORAGE REPLICA ADMINISTRATORS,CN=BUILTIN,DC=MYLAB,DC=LOCAL",False,False,MYLAB.LOCAL,S-1-5-21-1333368235-828418111-1849936505,False,2025-03-16T21:35:40.428Z,STORAGE REPLICA ADMINISTRATORS@MYLAB.LOCAL,MYLAB.LOCAL-S-1-5-32-582,Storage Replica Administrators,1742158052.0,0.0,0.0,0.0,False,0.0,0.0,0,0,[],220.0,,,,0.0,0.4988505747126436,0.0,0.0011556240369799,1.0,0.0,0.0,257.0951399180394,257.0951399180394,0.2146148175794701,1.5000061987496234,0.2051278948093205,0.1209136676413041,0,0,0.3494677140058274,False,1.0489211739109534,False,-5.25856456295377,False,2.4999635082945435,0.2778993435448577,False
535,0.0,320.0,198.0,0.0,4.0,1.0,False,Members of this group are permitted to publish certificates to the directory,"CN=CERT PUBLISHERS,CN=USERS,DC=MYLAB,DC=LOCAL",False,False,MYLAB.LOCAL,S-1-5-21-1333368235-828418111-1849936505,False,2025-03-16T21:35:40.428Z,ACCOUNT-OPERATORS-OLD@MYLAB.LOCAL,S-1-5-21-1333368235-828418111-1849936505-517,Cert Publishers,1742158089.0,0.0,0.0,0.0,False,5.0,10.0,0,0,[],220.0,,,,0.0002799552071668,0.4988505747126436,0.0,0.0007704160246533,1.0,95.0,0.0,310.4895943648202,-9.51040563517978,0.5604521118632793,1.4999009459444637,0.2051135013445714,0.1209136676413041,0,0,0.4422372211200437,False,0.9828280293840794,False,-5.1906366637673145,False,7.467952480281159,0.237636761487965,False
536,0.0,1.0,217.0,0.0,2.0,0.0,False,Servers in this group can access remote access properties of users,"CN=RAS AND IAS SERVERS,CN=USERS,DC=MYLAB,DC=LOCAL",False,False,MYLAB.LOCAL,S-1-5-21-1333368235-828418111-1849936505,False,2025-03-16T21:35:40.428Z,RAS AND IAS SERVERS@MYLAB.LOCAL,S-1-5-21-1333368235-828418111-1849936505-553,RAS and IAS Servers,1742158089.0,0.0,0.0,0.0,False,0.0,0.0,0,0,[],220.0,,,,0.0002799552071668,0.4988505747126436,0.0,0.0007704160246533,1.0,0.0,0.0,228.7300491779232,227.7300491779232,0.2527068366591449,1.4999009459444637,0.2051135013445714,0.1209136676413041,0,0,0.4069459717440125,False,4.007073862519226,True,-6.050292760051617,False,2.885783382783528,0.2949671772428884,False
537,0.0,0.0,8.0,0.0,2.0,0.0,True,Members can administer domain servers,"CN=SERVER OPERATORS,CN=BUILTIN,DC=MYLAB,DC=LOCAL",False,False,MYLAB.LOCAL,S-1-5-21-1333368235-828418111-1849936505,True,2025-03-16T21:35:40.428Z,SERVER OPERATORS@MYLAB.LOCAL,MYLAB.LOCAL-S-1-5-32-549,Server Operators,1742158089.0,0.0,0.0,0.0,False,0.0,0.0,0,0,[],10.0,,,,0.0,0.0183908045977011,0.0,0.0007704160246533,1.0,0.0,0.0,254.85748625746984,254.85748625746984,0.2175174732084437,1.0191612206223544,0.1393716878182424,0.0054960758018774,0,0,0.4613535292491872,False,6.611829400364165,True,-5.178335498240322,False,7.967294794794548,0.0568927789934354,False
538,0.0,3123.0,8.0,0.0,1.0,0.0,True,Members can administer domain user and group accounts,"CN=ACCOUNT OPERATORS,CN=BUILTIN,DC=MYLAB,DC=LOCAL",False,False,MYLAB.LOCAL,S-1-5-21-1333368235-828418111-1849936505,True,2025-03-16T21:35:40.428Z,ACCOUNT OPERATORS@MYLAB.LOCAL,MYLAB.LOCAL-S-1-5-32-548,Account Operators,1742158089.0,0.0,0.0,0.0,False,0.0,0.0,0,0,[],3133.0,,,,0.8743001119820829,0.0183908045977011,0.0,0.0003852080123266,1.0,1.0,0.00139470013947,3067.095694157178,-55.90430584282194,0.6206336841775024,1.8944708247315805,0.259071470757123,1.721920548728208,0,-1,0.698411868714511,True,8.894327560449437,True,-5.172714701176368,True,10.667190623099636,0.2161925601750547,False
539,0.0,0.0,217.0,0.0,2595.0,0.0,False,A backward compatibility group which allows read access on all users and groups in the domain,"CN=PRE-WINDOWS 2000 COMPATIBLE ACCESS,CN=BUILTIN,DC=MYLAB,DC=LOCAL",False,False,MYLAB.LOCAL,S-1-5-21-1333368235-828418111-1849936505,False,2025-03-16T21:35:40.428Z,PRE-WINDOWS 2000 COMPATIBLE ACCESS@MYLAB.LOCAL,MYLAB.LOCAL-S-1-5-32-554,Pre-Windows 2000 Compatible Access,1742158089.0,0.0,0.0,0.0,False,0.0,0.0,0,0,[],2812.0,,,,0.0,0.4988505747126436,0.0,0.9996147919876732,1.0,0.0,0.0,329.4693701756077,329.4693701756077,0.1207318943408969,2.4984653667003167,0.3416685486716305,1.5454965154879416,1,-1,0.565940315380883,False,14.072125826538176,True,-3.878067901472932,True,2.2402449845834416,0.2927789934354486,False
540,0.0,0.0,217.0,0.0,1.0,0.0,False,"Members of this group can create incoming, one-way trusts to this forest","CN=INCOMING FOREST TRUST BUILDERS,CN=BUILTIN,DC=MYLAB,DC=LOCAL",False,False,MYLAB.LOCAL,S-1-5-21-1333368235-828418111-1849936505,False,2025-03-16T21:35:40.428Z,INCOMING FOREST TRUST BUILDERS@MYLAB.LOCAL,MYLAB.LOCAL-S-1-5-32-557,Incoming Forest Trust Builders,1742158089.0,0.0,0.0,0.0,False,0.0,0.0,0,0,[],218.0,,,,0.0,0.4988505747126436,0.0,0.0003852080123266,1.0,0.0,0.0,369.9210597537132,369.9210597537132,0.0682584814421846,1.4992357827249705,0.2050225393665256,0.1198144524809286,0,0,0.4199660446071003,False,0.9806463736259344,False,-5.185061068669262,False,7.468211296361905,0.2472647702407002,False
541,0.0,280.0,202.0,0.0,2.0,0.0,False,Members of this group have access to the computed tokenGroupsGlobalAndUniversal attribute on User objects,"CN=WINDOWS AUTHORIZATION ACCESS GROUP,CN=BUILTIN,DC=MYLAB,DC=LOCAL",False,False,MYLAB.LOCAL,S-1-5-21-1333368235-828418111-1849936505,False,2025-03-16T21:35:40.428Z,SERVER-OPERATORS-BUILTIN@MYLAB.LOCAL,MYLAB.LOCAL-S-1-5-32-560,Windows Authorization Access Group,1742158089.0,0.0,0.0,0.0,False,6.0,11.0,0,0,[],220.0,,,,0.0,0.4988505747126436,0.0,0.0011556240369799,1.0,82.0,0.0,280.0,0.0,0.5481153356511148,1.5000061987496234,0.2051278948093205,0.1209136676413041,0,0,0.4000362165947208,False,0.985017747981278,False,-5.197908550252814,False,7.462698723099349,0.2590809628008753,False
543,0.0,0.0,217.0,0.0,2.0,0.0,False,Members in this group can have their passwords replicated to all read-only domain controllers in the domain,"CN=ALLOWED RODC PASSWORD REPLICATION GROUP,CN=USERS,DC=MYLAB,DC=LOCAL",False,False,MYLAB.LOCAL,S-1-5-21-1333368235-828418111-1849936505,False,2025-03-16T21:35:40.428Z,ALLOWED RODC PASSWORD REPLICATION GROUP@MYLAB.LOCAL,S-1-5-21-1333368235-828418111-1849936505-571,Allowed RODC Password Replication Group,1742158089.0,0.0,0.0,0.0,False,0.0,0.0,0,0,[],219.0,,,,0.0,0.4988505747126436,0.0,0.0007704160246533,1.0,0.0,0.0,311.3532427210598,311.3532427210598,0.1442319025225753,1.4996209907372968,0.2050752170879231,0.1203640600611163,0,0,0.34371592518057,False,1.0520858906790462,False,-5.279947791755345,False,2.4496798412443805,0.2870897155361051,False
544,0.0,0.0,217.0,0.0,27.0,0.0,False,Members in this group cannot have their passwords replicated to any read-only domain controllers in the domain,"CN=DENIED RODC PASSWORD REPLICATION GROUP,CN=USERS,DC=MYLAB,DC=LOCAL",False,False,MYLAB.LOCAL,S-1-5-21-1333368235-828418111-1849936505,False,2025-03-16T21:35:40.428Z,DENIED RODC PASSWORD REPLICATION GROUP@MYLAB.LOCAL,S-1-5-21-1333368235-828418111-1849936505-572,Denied RODC Password Replication Group,1742158089.0,0.0,0.0,0.0,False,0.0,0.0,0,0,[],244.0,,,,0.0,0.4988505747126436,0.0,0.0104006163328197,1.0,0.0,0.0,248.13556349457025,248.13556349457025,0.2262370652029843,1.5092511910454631,0.2063921601228605,0.13410424956581,0,0,0.3930302821588028,False,1.0066598048183422,False,-5.352624782143163,False,7.36876999739791,0.2612691466083151,False
545,0.0,1.0,217.0,0.0,3.0,0.0,False,DNS Administrators Group,"CN=DNSADMINS,CN=USERS,DC=MYLAB,DC=LOCAL",False,False,MYLAB.LOCAL,S-1-5-21-1333368235-828418111-1849936505,False,2025-03-16T21:35:40.117Z,DNSADMINS@MYLAB.LOCAL,S-1-5-21-1333368235-828418111-1849936505-1101,DnsAdmins,1742158132.0,0.0,0.0,0.0,False,0.0,0.0,0,0,[],221.0,,,,0.0002799552071668,0.4988505747126436,0.0,0.0011556240369799,1.0,0.0,0.0,314.9640356820626,313.9640356820626,0.1408452153788596,1.5002861539567904,0.2051661790659689,0.1214632752214918,0,0,0.4059090230397733,False,3.919908775145591,True,-6.05846723997559,False,2.8100835696178152,0.2989059080962801,False
552,0.0,0.0,217.0,0.0,1.0,0.0,False,Members of this group have complete and unrestricted access to all features of Hyper-V.,"CN=HYPER-V ADMINISTRATORS,CN=BUILTIN,DC=MYLAB,DC=LOCAL",False,False,MYLAB.LOCAL,S-1-5-21-1333368235-828418111-1849936505,False,2025-03-16T21:35:40.428Z,HYPER-V ADMINISTRATORS@MYLAB.LOCAL,MYLAB.LOCAL-S-1-5-32-578,Hyper-V Administrators,1742158052.0,0.0,0.0,0.0,False,0.0,0.0,0,0,[],218.0,,,,0.0,0.4988505747126436,0.0,0.0003852080123266,1.0,0.0,0.0,288.24643694659864,288.24643694659864,0.1742057546118072,1.4992357827249705,0.2050225393665256,0.1198144524809286,0,0,0.4021978490461627,False,0.9806381040729004,False,-5.183278160970974,False,7.473313385491978,0.2555798687089715,False
556,0.0,0.0,217.0,0.0,2.0,0.0,False,"Members of this group can update user accounts in Active Directory with information about license issuance, for the purpose of tracking and reporting TS Per User CAL usage","CN=TERMINAL SERVER LICENSE SERVERS,CN=BUILTIN,DC=MYLAB,DC=LOCAL",False,False,MYLAB.LOCAL,S-1-5-21-1333368235-828418111-1849936505,False,2025-03-16T21:35:40.428Z,TERMINAL SERVER LICENSE SERVERS@MYLAB.LOCAL,MYLAB.LOCAL-S-1-5-32-561,Terminal Server License Servers,1742158089.0,0.0,0.0,0.0,False,0.0,0.0,0,0,[],219.0,,,,0.0,0.4988505747126436,0.0,0.0007704160246533,1.0,0.0,0.0,213.27729579992268,213.27729579992268,0.2714547629741326,1.4996209907372968,0.2050752170879231,0.1203640600611163,0,0,0.3507714191641143,False,1.0548117495820402,False,-5.25138206040212,False,2.5156056088517134,0.2691466083150985,False
557,0.0,3381.0,6.0,0.0,7.0,0.0,True,Administrators have complete and unrestricted access to the computer/domain,"CN=ADMINISTRATORS,CN=BUILTIN,DC=MYLAB,DC=LOCAL",False,False,MYLAB.LOCAL,S-1-5-21-1333368235-828418111-1849936505,True,2025-03-16T21:35:40.441Z,ADMINISTRATORS@MYLAB.LOCAL,MYLAB.LOCAL-S-1-5-32-544,Administrators,1742158052.0,0.0,0.0,0.0,True,0.0,0.0,0,0,[],3495.0,admin_tier_0,,,0.946528555431131,0.0137931034482758,0.0,0.0026964560862865,1.0,101.0,0.1408647140864714,3537.928606424652,156.92860642465212,0.3445495601192744,2.1038828290521647,0.2877088481425561,1.920878492756172,0,0,0.6965709996629932,True,7.766567763717657,True,-5.328852727554093,False,7.9571325329336595,0.049890590809628,False
561,0.0,0.0,217.0,0.0,3.0,0.0,False,Members are authorized to perform cryptographic operations.,"CN=CRYPTOGRAPHIC OPERATORS,CN=BUILTIN,DC=MYLAB,DC=LOCAL",False,False,MYLAB.LOCAL,S-1-5-21-1333368235-828418111-1849936505,False,2025-03-16T21:35:40.428Z,CRYPTOGRAPHIC OPERATORS@MYLAB.LOCAL,MYLAB.LOCAL-S-1-5-32-569,Cryptographic Operators,1742158052.0,0.0,0.0,0.0,False,0.0,0.0,0,0,[],220.0,,,,0.0,0.4988505747126436,0.0,0.0011556240369799,1.0,0.0,0.0,267.34484298075574,267.34484298075574,0.2013190342263264,1.5000061987496234,0.2051278948093205,0.1209136676413041,0,0,0.3422898824781129,False,1.0466034937270363,False,-5.280367320687732,False,2.449415039425124,0.2962800875273523,False
565,0.0,0.0,217.0,0.0,4.0,0.0,False,"Guests have the same access as members of the Users group by default, except for the Guest account which is further restricted","CN=GUESTS,CN=BUILTIN,DC=MYLAB,DC=LOCAL",False,False,MYLAB.LOCAL,S-1-5-21-1333368235-828418111-1849936505,False,2025-03-16T21:35:40.428Z,GUESTS@MYLAB.LOCAL,MYLAB.LOCAL-S-1-5-32-546,Guests,1742158052.0,0.0,0.0,0.0,False,0.0,0.0,0,0,[],221.0,,,,0.0,0.4988505747126436,0.0,0.0015408320493066,1.0,0.0,0.0,270.48067153324,270.48067153324,0.1972512776473,1.5003914067619502,0.205180572530718,0.1214632752214918,0,0,0.3941569121811547,False,3.9105567100434526,False,-6.067116698301941,False,2.797492701875693,0.3155361050328228,False
566,0.0,26.0,217.0,0.0,3.0,0.0,False,Members of this group can read event logs from local machine,"CN=EVENT LOG READERS,CN=BUILTIN,DC=MYLAB,DC=LOCAL",False,False,MYLAB.LOCAL,S-1-5-21-1333368235-828418111-1849936505,False,2025-03-16T21:35:40.428Z,EVENT LOG READERS@MYLAB.LOCAL,MYLAB.LOCAL-S-1-5-32-573,Event Log Readers,1742158052.0,0.0,0.0,0.0,False,0.0,0.0,0,0,[],246.0,,,,0.0072788353863381,0.4988505747126436,0.0,0.0011556240369799,1.0,0.0,0.0,246.84734760551927,220.84734760551927,0.2616349888632705,1.5072850341359616,0.2061232854821776,0.1352034647261855,0,0,0.3875967378125491,False,1.0479621705437896,False,-5.330361265534954,False,2.334087391168323,0.2818380743982494,False
568,0.0,0.0,0.0,0.0,2595.0,0.0,,,,,,MYLAB.LOCAL,S-1-5-21-1333368235-828418111-1849936505,,2025-03-16T21:35:38.201249479Z,EVERYONE@MYLAB.LOCAL,MYLAB.LOCAL-S-1-1-0,,,0.0,0.0,0.0,False,0.0,0.0,0,0,[],2595.0,,,,0.0,0.0,0.0,0.9996147919876732,1.0,0.0,0.0,265.171275614595,265.171275614595,0.2041385579361456,1.9996147919876728,0.2734500517744022,1.426231670587201,1,-1,0.6586348677153064,True,15.136576831762124,True,-2.6871043270141084,True,6.034182981781203,0.2398249452954048,False
570,0.0,0.0,217.0,0.0,2596.0,0.0,False,Users are prevented from making accidental or intentional system-wide changes and can run most applications,"CN=USERS,CN=BUILTIN,DC=MYLAB,DC=LOCAL",False,False,MYLAB.LOCAL,S-1-5-21-1333368235-828418111-1849936505,False,2025-03-16T21:35:40.428Z,USERS@MYLAB.LOCAL,MYLAB.LOCAL-S-1-5-32-545,Users,1742158052.0,0.0,0.0,0.0,False,0.0,0.0,0,0,[],2813.0,,,,0.0,0.4988505747126436,0.0,1.0,1.0,0.0,0.0,312.8996665806767,312.8996665806767,0.1422259013258783,2.498850574712644,0.341721226393028,1.5460461230681293,1,-1,0.5715999983593274,False,14.076672489656897,True,-3.878055759442819,True,2.2402814234504973,0.2901531728665208,False
575,0.0,0.0,8.0,0.0,1.0,0.0,True,Members can administer printers installed on domain controllers,"CN=PRINT OPERATORS,CN=BUILTIN,DC=MYLAB,DC=LOCAL",False,False,MYLAB.LOCAL,S-1-5-21-1333368235-828418111-1849936505,True,2025-03-16T21:35:40.428Z,PRINT OPERATORS@MYLAB.LOCAL,MYLAB.LOCAL-S-1-5-32-550,Print Operators,1742158052.0,0.0,0.0,0.0,False,0.0,0.0,0,0,[],9.0,,,,0.0,0.0183908045977011,0.0,0.0003852080123266,1.0,0.0,0.0,285.6814393558355,285.6814393558355,0.1775330365886066,1.0187760126100276,0.1393190100968449,0.0049464682216897,0,0,0.4669330255480742,False,6.630474100097233,True,-5.213266359218002,False,7.943264685486071,0.0595185995623632,False
576,0.0,0.0,217.0,0.0,3.0,0.0,False,Members of this group have access to the computed tokenGroupsGlobalAndUniversal attribute on User objects,"CN=WINDOWS AUTHORIZATION ACCESS GROUP,CN=BUILTIN,DC=MYLAB,DC=LOCAL",False,False,MYLAB.LOCAL,S-1-5-21-1333368235-828418111-1849936505,False,2025-03-16T21:35:40.428Z,WINDOWS AUTHORIZATION ACCESS GROUP@MYLAB.LOCAL,MYLAB.LOCAL-S-1-5-32-560,Windows Authorization Access Group,1742158089.0,0.0,0.0,0.0,False,0.0,0.0,0,0,[],220.0,,,,0.0,0.4988505747126436,0.0,0.0011556240369799,1.0,0.0,0.0,308.52327707182974,308.52327707182974,0.1479028976664121,1.5000061987496234,0.2051278948093205,0.1209136676413041,0,0,0.4000362165947208,False,0.985017747981278,False,-5.197908550252814,False,7.462698723099349,0.2590809628008753,False
